ticket_id,customer_id,department,issue_type,priority,agent,channel,created_at,sla_due_at,closed_at,status,resolution_hours,previous_contacts,customer_message,customer_rating
TKT-00001,CUST-1733,Billing,Refund Delay,High,Liam,Chat,2025-03-13,2025-03-14 00:00:00,2025-03-13 22:00:00,Closed,22.0,0,I would like an update on my ticket.,3
TKT-00002,CUST-1367,Product Support,Payment Failure,Low,Priya,Email,2025-03-23,2025-03-26 00:00:00,2025-03-25 18:00:00,Closed,66.0,2,The issue was handled well.,4
TKT-00003,CUST-1081,Shipping,Subscription Cancellation,High,Ethan,Email,2025-07-13,2025-07-14 00:00:00,2025-07-13 22:00:00,Closed,22.0,2,The support team has been helpful so far.,5
TKT-00004,CUST-1473,Technical Support,Login Issue,Medium,Ethan,Phone,2025-03-25,2025-03-27 00:00:00,2025-03-28 05:00:00,Closed,77.0,1,Can you check the status of my request?,3
TKT-00005,CUST-1322,Account Management,Subscription Cancellation,Critical,Liam,Phone,2025-01-29,2025-01-29 08:00:00,2025-01-29 22:00:00,Closed,22.0,0,I want to cancel if this is not resolved today.,3
TKT-00006,CUST-1141,Technical Support,Product Question,Medium,Ethan,Chat,2025-05-16,2025-05-18 00:00:00,,Open,,0,I am having an issue and need assistance.,3
TKT-00007,CUST-1696,Product Support,Product Question,Low,Ava,Email,2025-03-20,2025-03-23 00:00:00,2025-03-21 08:00:00,Closed,32.0,1,I am having an issue and need assistance.,3
TKT-00008,CUST-1861,Billing,Subscription Cancellation,High,David,Email,2025-05-31,2025-06-01 00:00:00,2025-06-01 21:00:00,Escalated,45.0,2,I need help with my account.,4
TKT-00009,CUST-1899,Product Support,Account Verification,Low,Mia,Email,2025-11-03,2025-11-06 00:00:00,,Open,,2,I need help with my account.,3
TKT-00010,CUST-1987,Product Support,Login Issue,Low,Ethan,Email,2025-09-30,2025-10-03 00:00:00,2025-10-01 04:00:00,Escalated,28.0,0,I would like an update on my ticket.,4
TKT-00011,CUST-1072,Technical Support,Account Verification,High,Sarah,Phone,2025-08-13,2025-08-14 00:00:00,2025-08-14 08:00:00,Closed,32.0,1,Can you check the status of my request?,3
TKT-00012,CUST-1803,Billing,Account Verification,Low,Ava,Phone,2025-02-06,2025-02-09 00:00:00,2025-02-10 16:00:00,Closed,112.0,4,Please help me understand what happened.,3
TKT-00013,CUST-1819,Account Management,Payment Failure,Low,Noah,Web Form,2025-07-01,2025-07-04 00:00:00,2025-07-03 18:00:00,Closed,66.0,5,The issue was handled well.,5
TKT-00014,CUST-1992,Billing,Account Verification,Low,Ethan,Chat,2025-08-05,2025-08-08 00:00:00,2025-08-08 04:00:00,Closed,76.0,3,I need help with my account.,3
TKT-00015,CUST-1158,Billing,Account Verification,Low,Ethan,Web Form,2025-04-20,2025-04-23 00:00:00,2025-04-23 15:00:00,Closed,87.0,2,Please help me understand what happened.,4
TKT-00016,CUST-1871,Technical Support,Subscription Cancellation,Low,Ava,Email,2025-06-10,2025-06-13 00:00:00,2025-06-11 15:00:00,Escalated,39.0,1,Thank you for the update.,4
TKT-00017,CUST-1209,Technical Support,Login Issue,Medium,Liam,Web Form,2025-03-03,2025-03-05 00:00:00,2025-03-05 14:00:00,Closed,62.0,1,I am having an issue and need assistance.,4
TKT-00018,CUST-1135,Shipping,Account Verification,Medium,Mia,Phone,2025-08-23,2025-08-25 00:00:00,2025-08-24 20:00:00,Escalated,44.0,5,The support team has been helpful so far.,5
TKT-00019,CUST-1954,Shipping,Login Issue,High,David,Phone,2025-03-22,2025-03-23 00:00:00,2025-03-24 01:00:00,Closed,49.0,5,I need help with my account.,4
TKT-00020,CUST-1094,Billing,Late Delivery,Medium,Noah,Chat,2025-05-20,2025-05-22 00:00:00,2025-05-21 20:00:00,Closed,44.0,3,I am having an issue and need assistance.,3
TKT-00021,CUST-1558,Account Management,Subscription Cancellation,Low,David,Chat,2025-11-23,2025-11-26 00:00:00,2025-11-24 21:00:00,Closed,45.0,0,Thanks for helping me with this issue.,4
TKT-00022,CUST-1997,Billing,Bug Report,Medium,Mia,Web Form,2025-03-07,2025-03-09 00:00:00,2025-03-11 02:00:00,Closed,98.0,0,Thank you for the update.,5
TKT-00023,CUST-1163,Product Support,Late Delivery,High,Liam,Chat,2025-04-01,2025-04-02 00:00:00,,Open,,0,Can you check the status of my request?,4
TKT-00024,CUST-1359,Billing,Payment Failure,High,Ethan,Chat,2025-04-13,2025-04-14 00:00:00,2025-04-14 10:00:00,Closed,34.0,0,I need help with my account.,4
TKT-00025,CUST-1620,Product Support,Payment Failure,Medium,David,Email,2025-03-01,2025-03-03 00:00:00,2025-03-02 06:00:00,Closed,30.0,1,I am having an issue and need assistance.,4
TKT-00026,CUST-1441,Product Support,Login Issue,Medium,Liam,Phone,2025-01-23,2025-01-25 00:00:00,2025-01-23 08:00:00,Closed,8.0,4,This is very frustrating and I need this fixed immediately.,2
TKT-00027,CUST-1630,Billing,Bug Report,Medium,Noah,Phone,2025-09-17,2025-09-19 00:00:00,2025-09-21 07:00:00,Closed,103.0,0,Please help me understand what happened.,3
TKT-00028,CUST-1674,Product Support,Subscription Cancellation,Medium,Ava,Phone,2025-05-27,2025-05-29 00:00:00,2025-05-29 15:00:00,Closed,63.0,0,Please help me understand what happened.,3
TKT-00029,CUST-1424,Billing,Subscription Cancellation,Medium,David,Email,2025-05-01,2025-05-03 00:00:00,2025-05-02 20:00:00,Closed,44.0,0,I need help with my account.,4
TKT-00030,CUST-1180,Product Support,Account Verification,High,Sarah,Web Form,2025-07-24,2025-07-25 00:00:00,,Open,,2,The issue was handled well.,4
TKT-00031,CUST-1834,Product Support,Product Question,Low,Liam,Email,2025-08-22,2025-08-25 00:00:00,2025-08-23 05:00:00,Escalated,29.0,1,This issue is affecting my work and I am unhappy.,3
TKT-00032,CUST-1244,Product Support,Payment Failure,High,Ethan,Chat,2025-09-01,2025-09-02 00:00:00,,Open,,0,This issue is affecting my work and I am unhappy.,3
TKT-00033,CUST-1424,Shipping,Product Question,Low,Priya,Chat,2025-05-20,2025-05-23 00:00:00,2025-05-22 06:00:00,Closed,54.0,0,Can you check the status of my request?,3
TKT-00034,CUST-1771,Account Management,Bug Report,Medium,Sarah,Email,2025-04-16,2025-04-18 00:00:00,,Open,,1,I am having an issue and need assistance.,4
TKT-00035,CUST-1941,Account Management,Payment Failure,Medium,Liam,Web Form,2025-04-23,2025-04-25 00:00:00,2025-04-25 15:00:00,Closed,63.0,1,This is very frustrating and I need this fixed immediately.,2
TKT-00036,CUST-1284,Technical Support,Refund Delay,High,Ava,Email,2025-11-26,2025-11-27 00:00:00,2025-11-29 05:00:00,Closed,77.0,0,I am having an issue and need assistance.,4
TKT-00037,CUST-1859,Account Management,Subscription Cancellation,High,Ethan,Email,2025-10-04,2025-10-05 00:00:00,,Open,,1,This is very frustrating and I need this fixed immediately.,1
TKT-00038,CUST-1987,Billing,Late Delivery,Low,Ethan,Email,2025-10-16,2025-10-19 00:00:00,2025-10-18 06:00:00,Closed,54.0,1,I have contacted support multiple times and nobody has helped me.,1
TKT-00039,CUST-1815,Shipping,Login Issue,Medium,Priya,Web Form,2025-07-23,2025-07-25 00:00:00,2025-07-23 17:00:00,Closed,17.0,2,I want to cancel if this is not resolved today.,1
TKT-00040,CUST-1445,Product Support,Refund Delay,Medium,Sarah,Phone,2025-02-05,2025-02-07 00:00:00,2025-02-08 13:00:00,Closed,85.0,0,Please help me understand what happened.,3
TKT-00041,CUST-1684,Technical Support,Subscription Cancellation,Medium,Ethan,Web Form,2025-08-12,2025-08-14 00:00:00,2025-08-14 00:00:00,Closed,48.0,1,I want to cancel if this is not resolved today.,3
TKT-00042,CUST-1529,Account Management,Bug Report,Low,David,Chat,2025-09-07,2025-09-10 00:00:00,2025-09-09 09:00:00,Closed,57.0,1,I want to cancel if this is not resolved today.,1
TKT-00043,CUST-1679,Technical Support,Login Issue,Low,Sarah,Web Form,2025-10-12,2025-10-15 00:00:00,,Open,,0,Can you check the status of my request?,4
TKT-00044,CUST-1760,Product Support,Bug Report,Medium,David,Web Form,2025-10-09,2025-10-11 00:00:00,2025-10-11 21:00:00,Closed,69.0,0,I am tired of waiting for a response.,1
TKT-00045,CUST-1280,Product Support,Late Delivery,Low,Ethan,Phone,2025-10-29,2025-11-01 00:00:00,2025-11-01 07:00:00,Closed,79.0,0,I would like an update on my ticket.,3
TKT-00046,CUST-1841,Billing,Refund Delay,Medium,Mia,Web Form,2025-02-22,2025-02-24 00:00:00,2025-02-25 08:00:00,Closed,80.0,0,This issue is affecting my work and I am unhappy.,1
TKT-00047,CUST-1794,Billing,Payment Failure,Medium,Ava,Chat,2025-03-18,2025-03-20 00:00:00,2025-03-20 05:00:00,Closed,53.0,0,I would like an update on my ticket.,3
TKT-00048,CUST-1216,Product Support,Payment Failure,Medium,Ethan,Phone,2025-10-29,2025-10-31 00:00:00,2025-10-30 23:00:00,Closed,47.0,2,This is very frustrating and I need this fixed immediately.,3
TKT-00049,CUST-1703,Shipping,Login Issue,Low,Mia,Email,2025-03-22,2025-03-25 00:00:00,2025-03-22 12:00:00,Closed,12.0,0,This issue is affecting my work and I am unhappy.,1
TKT-00050,CUST-1449,Technical Support,Subscription Cancellation,High,Liam,Web Form,2025-02-28,2025-03-01 00:00:00,,Open,,0,I appreciate the quick response.,5
TKT-00051,CUST-1093,Billing,Product Question,Medium,Sarah,Phone,2025-09-14,2025-09-16 00:00:00,2025-09-17 22:00:00,Closed,94.0,0,I am having an issue and need assistance.,3
TKT-00052,CUST-1356,Technical Support,Refund Delay,Critical,Priya,Email,2025-03-31,2025-03-31 08:00:00,2025-04-02 07:00:00,Escalated,55.0,0,I have contacted support multiple times and nobody has helped me.,2
TKT-00053,CUST-1118,Account Management,Bug Report,Medium,Noah,Chat,2025-06-18,2025-06-20 00:00:00,,Open,,0,I appreciate the quick response.,5
TKT-00054,CUST-1448,Account Management,Refund Delay,Medium,Ethan,Web Form,2025-01-28,2025-01-30 00:00:00,2025-02-01 06:00:00,Closed,102.0,0,Can you check the status of my request?,4
TKT-00055,CUST-1663,Account Management,Login Issue,Low,Liam,Chat,2025-06-09,2025-06-12 00:00:00,2025-06-12 10:00:00,Closed,82.0,5,This issue is affecting my work and I am unhappy.,1
TKT-00056,CUST-1282,Technical Support,Product Question,Critical,Priya,Phone,2025-08-01,2025-08-01 08:00:00,2025-08-03 04:00:00,Closed,52.0,0,Can you check the status of my request?,3
TKT-00057,CUST-1466,Account Management,Bug Report,Critical,Priya,Email,2025-05-25,2025-05-25 08:00:00,2025-05-26 09:00:00,Closed,33.0,0,I would like an update on my ticket.,4
TKT-00058,CUST-1987,Shipping,Account Verification,Critical,Liam,Web Form,2025-04-30,2025-04-30 08:00:00,2025-05-02 14:00:00,Escalated,62.0,0,This is very frustrating and I need this fixed immediately.,2
TKT-00059,CUST-1346,Billing,Late Delivery,Medium,David,Email,2025-08-14,2025-08-16 00:00:00,2025-08-17 11:00:00,Closed,83.0,1,The issue was handled well.,5
TKT-00060,CUST-1444,Product Support,Payment Failure,Medium,David,Web Form,2025-06-12,2025-06-14 00:00:00,2025-06-15 05:00:00,Closed,77.0,1,Can you check the status of my request?,3
TKT-00061,CUST-1179,Billing,Login Issue,Medium,Priya,Email,2025-01-24,2025-01-26 00:00:00,2025-01-25 06:00:00,Closed,30.0,0,Can you check the status of my request?,3
TKT-00062,CUST-1559,Billing,Payment Failure,Medium,Liam,Web Form,2025-10-26,2025-10-28 00:00:00,2025-10-28 07:00:00,Closed,55.0,0,I am tired of waiting for a response.,3
TKT-00063,CUST-1588,Technical Support,Login Issue,Medium,David,Phone,2025-11-24,2025-11-26 00:00:00,2025-11-26 02:00:00,Escalated,50.0,3,The issue was handled well.,5
TKT-00064,CUST-1821,Shipping,Subscription Cancellation,Low,Sarah,Phone,2025-01-05,2025-01-08 00:00:00,,Open,,3,This is very frustrating and I need this fixed immediately.,3
TKT-00065,CUST-1765,Shipping,Account Verification,Medium,Priya,Chat,2025-11-18,2025-11-20 00:00:00,2025-11-18 22:00:00,Closed,22.0,2,I appreciate the quick response.,5
TKT-00066,CUST-1772,Account Management,Late Delivery,Low,David,Phone,2025-03-26,2025-03-29 00:00:00,,Open,,0,Thanks for helping me with this issue.,4
TKT-00067,CUST-1110,Technical Support,Payment Failure,Critical,David,Email,2025-07-22,2025-07-22 08:00:00,2025-07-23 03:00:00,Closed,27.0,2,Please help me understand what happened.,4
TKT-00068,CUST-1118,Technical Support,Product Question,Low,David,Chat,2025-11-28,2025-12-01 00:00:00,2025-11-29 20:00:00,Closed,44.0,0,I am tired of waiting for a response.,2
TKT-00069,CUST-1706,Billing,Account Verification,High,Mia,Web Form,2025-08-21,2025-08-22 00:00:00,2025-08-24 11:00:00,Closed,83.0,2,I am having an issue and need assistance.,3
TKT-00070,CUST-1678,Shipping,Account Verification,Medium,Liam,Phone,2025-02-20,2025-02-22 00:00:00,2025-02-23 14:00:00,Closed,86.0,0,The issue was handled well.,4
TKT-00071,CUST-1283,Technical Support,Refund Delay,Low,David,Chat,2025-03-06,2025-03-09 00:00:00,,Open,,0,I want to cancel if this is not resolved today.,1
TKT-00072,CUST-1538,Technical Support,Late Delivery,Medium,Mia,Email,2025-12-05,2025-12-07 00:00:00,2025-12-06 11:00:00,Closed,35.0,0,Can you check the status of my request?,4
TKT-00073,CUST-1436,Billing,Login Issue,Medium,David,Email,2025-08-20,2025-08-22 00:00:00,2025-08-22 08:00:00,Closed,56.0,1,The issue was handled well.,5
TKT-00074,CUST-1543,Billing,Product Question,High,Ethan,Email,2025-02-11,2025-02-12 00:00:00,2025-02-11 20:00:00,Closed,20.0,1,This issue is affecting my work and I am unhappy.,3
TKT-00075,CUST-1425,Shipping,Product Question,Medium,Sarah,Email,2025-12-26,2025-12-28 00:00:00,2025-12-29 06:00:00,Closed,78.0,3,Please help me understand what happened.,4
TKT-00076,CUST-1600,Billing,Bug Report,Medium,Priya,Phone,2025-03-20,2025-03-22 00:00:00,2025-03-21 19:00:00,Closed,43.0,2,I want to cancel if this is not resolved today.,1
TKT-00077,CUST-1867,Product Support,Bug Report,Medium,Sarah,Phone,2025-12-07,2025-12-09 00:00:00,2025-12-08 09:00:00,Closed,33.0,1,The issue was handled well.,4
TKT-00078,CUST-1623,Billing,Bug Report,High,David,Email,2025-05-23,2025-05-24 00:00:00,2025-05-27 15:00:00,Escalated,111.0,2,I would like an update on my ticket.,3
TKT-00079,CUST-1764,Shipping,Refund Delay,Low,Priya,Phone,2025-06-29,2025-07-02 00:00:00,2025-06-30 14:00:00,Closed,38.0,0,I have contacted support multiple times and nobody has helped me.,1
TKT-00080,CUST-1772,Product Support,Account Verification,Medium,Ethan,Phone,2025-03-22,2025-03-24 00:00:00,2025-03-25 07:00:00,Escalated,79.0,1,This is very frustrating and I need this fixed immediately.,1
TKT-00081,CUST-1290,Product Support,Refund Delay,Medium,Priya,Web Form,2025-12-05,2025-12-07 00:00:00,2025-12-08 19:00:00,Closed,91.0,2,The issue was handled well.,4
TKT-00082,CUST-1335,Product Support,Product Question,Medium,Priya,Email,2025-04-23,2025-04-25 00:00:00,2025-04-23 15:00:00,Closed,15.0,0,I appreciate the quick response.,5
TKT-00083,CUST-1019,Billing,Refund Delay,Medium,Sarah,Chat,2025-03-08,2025-03-10 00:00:00,,Open,,2,Thanks for helping me with this issue.,5
TKT-00084,CUST-1851,Account Management,Login Issue,High,Sarah,Web Form,2025-12-30,2025-12-31 00:00:00,2025-12-30 11:00:00,Closed,11.0,0,I want to cancel if this is not resolved today.,2
TKT-00085,CUST-1078,Shipping,Login Issue,Medium,Noah,Chat,2025-08-12,2025-08-14 00:00:00,2025-08-14 11:00:00,Closed,59.0,0,I am having an issue and need assistance.,3
TKT-00086,CUST-1974,Product Support,Login Issue,Medium,Liam,Phone,2025-06-29,2025-07-01 00:00:00,2025-06-30 14:00:00,Closed,38.0,0,Thanks for helping me with this issue.,4
TKT-00087,CUST-1360,Account Management,Product Question,High,Ethan,Phone,2025-11-18,2025-11-19 00:00:00,2025-11-19 08:00:00,Closed,32.0,1,I want to cancel if this is not resolved today.,1
TKT-00088,CUST-1460,Product Support,Login Issue,Medium,Ethan,Email,2025-01-30,2025-02-01 00:00:00,2025-01-31 20:00:00,Closed,44.0,1,I would like an update on my ticket.,3
TKT-00089,CUST-1536,Product Support,Account Verification,Medium,Ethan,Chat,2025-02-01,2025-02-03 00:00:00,2025-02-03 03:00:00,Closed,51.0,1,The issue was handled well.,5
TKT-00090,CUST-1741,Product Support,Late Delivery,Medium,Priya,Web Form,2025-07-29,2025-07-31 00:00:00,2025-07-29 14:00:00,Closed,14.0,0,I am having an issue and need assistance.,4
TKT-00091,CUST-1719,Product Support,Late Delivery,Medium,Mia,Phone,2025-06-08,2025-06-10 00:00:00,2025-06-09 00:00:00,Closed,24.0,0,This is very frustrating and I need this fixed immediately.,3
TKT-00092,CUST-1079,Product Support,Login Issue,Medium,Sarah,Phone,2025-01-10,2025-01-12 00:00:00,2025-01-11 23:00:00,Closed,47.0,2,Can you check the status of my request?,3
TKT-00093,CUST-1044,Shipping,Login Issue,Medium,Ava,Phone,2025-11-13,2025-11-15 00:00:00,2025-11-15 08:00:00,Closed,56.0,1,Can you check the status of my request?,4
TKT-00094,CUST-1694,Account Management,Bug Report,Medium,Liam,Web Form,2025-11-09,2025-11-11 00:00:00,2025-11-12 08:00:00,Closed,80.0,2,Can you check the status of my request?,4
TKT-00095,CUST-1567,Product Support,Product Question,Medium,Priya,Web Form,2025-09-15,2025-09-17 00:00:00,,Open,,0,Please help me understand what happened.,4
TKT-00096,CUST-1424,Billing,Login Issue,Medium,Mia,Phone,2025-08-19,2025-08-21 00:00:00,2025-08-20 08:00:00,Escalated,32.0,0,I am having an issue and need assistance.,3
TKT-00097,CUST-1293,Billing,Payment Failure,Medium,Liam,Web Form,2025-02-11,2025-02-13 00:00:00,,Open,,1,This is very frustrating and I need this fixed immediately.,1
TKT-00098,CUST-1433,Account Management,Late Delivery,High,Ethan,Web Form,2025-11-12,2025-11-13 00:00:00,2025-11-12 05:00:00,Closed,5.0,0,I want to cancel if this is not resolved today.,3
TKT-00099,CUST-1298,Billing,Subscription Cancellation,Low,Noah,Email,2025-05-03,2025-05-06 00:00:00,2025-05-06 12:00:00,Closed,84.0,0,Can you check the status of my request?,3
TKT-00100,CUST-1894,Account Management,Refund Delay,Medium,Liam,Web Form,2025-04-06,2025-04-08 00:00:00,2025-04-10 03:00:00,Closed,99.0,2,I need help with my account.,4
TKT-00101,CUST-1045,Account Management,Refund Delay,Medium,David,Phone,2025-01-09,2025-01-11 00:00:00,2025-01-10 23:00:00,Closed,47.0,0,I am having an issue and need assistance.,3
TKT-00102,CUST-1810,Shipping,Bug Report,High,Mia,Web Form,2025-12-23,2025-12-24 00:00:00,2025-12-25 17:00:00,Closed,65.0,4,The support team has been helpful so far.,4
TKT-00103,CUST-1818,Technical Support,Refund Delay,Medium,Priya,Web Form,2025-10-06,2025-10-08 00:00:00,,Open,,0,I am having an issue and need assistance.,3
TKT-00104,CUST-1080,Shipping,Payment Failure,High,Ethan,Web Form,2025-06-23,2025-06-24 00:00:00,2025-06-25 00:00:00,Closed,48.0,2,I need help with my account.,4
TKT-00105,CUST-1043,Account Management,Late Delivery,Medium,David,Email,2025-02-10,2025-02-12 00:00:00,2025-02-11 21:00:00,Closed,45.0,0,I am having an issue and need assistance.,4
TKT-00106,CUST-1129,Shipping,Payment Failure,Medium,Ava,Email,2025-12-10,2025-12-12 00:00:00,2025-12-12 06:00:00,Escalated,54.0,0,Please help me understand what happened.,3
TKT-00107,CUST-1542,Billing,Account Verification,High,David,Phone,2025-07-16,2025-07-17 00:00:00,2025-07-19 17:00:00,Escalated,89.0,0,I want to cancel if this is not resolved today.,1
TKT-00108,CUST-1219,Shipping,Payment Failure,Medium,Priya,Chat,2025-02-28,2025-03-02 00:00:00,2025-03-01 07:00:00,Closed,31.0,1,I am having an issue and need assistance.,4
TKT-00109,CUST-1726,Product Support,Subscription Cancellation,Medium,Ethan,Chat,2025-03-04,2025-03-06 00:00:00,,Open,,0,I appreciate the quick response.,5
TKT-00110,CUST-1478,Billing,Subscription Cancellation,High,Mia,Chat,2025-07-05,2025-07-06 00:00:00,2025-07-05 19:00:00,Closed,19.0,1,I would like an update on my ticket.,4
TKT-00111,CUST-1460,Product Support,Late Delivery,Medium,Noah,Email,2025-06-08,2025-06-10 00:00:00,,Open,,2,I appreciate the quick response.,4
TKT-00112,CUST-1970,Account Management,Bug Report,Low,Mia,Chat,2025-08-10,2025-08-13 00:00:00,2025-08-14 04:00:00,Closed,100.0,0,Can you check the status of my request?,4
TKT-00113,CUST-1175,Product Support,Subscription Cancellation,High,Priya,Chat,2025-11-22,2025-11-23 00:00:00,2025-11-22 12:00:00,Closed,12.0,0,I would like an update on my ticket.,3
TKT-00114,CUST-1657,Product Support,Bug Report,High,Ava,Email,2025-02-11,2025-02-12 00:00:00,2025-02-14 05:00:00,Closed,77.0,1,Thank you for the update.,5
TKT-00115,CUST-1882,Shipping,Product Question,Low,Sarah,Phone,2025-08-21,2025-08-24 00:00:00,2025-08-21 21:00:00,Closed,21.0,1,Can you check the status of my request?,4
TKT-00116,CUST-1968,Shipping,Bug Report,Critical,Mia,Phone,2025-09-21,2025-09-21 08:00:00,2025-09-22 15:00:00,Closed,39.0,0,Thanks for helping me with this issue.,5
TKT-00117,CUST-1023,Account Management,Payment Failure,Low,Mia,Phone,2025-10-23,2025-10-26 00:00:00,2025-10-25 04:00:00,Closed,52.0,1,I am having an issue and need assistance.,4
TKT-00118,CUST-1867,Billing,Payment Failure,Medium,Liam,Chat,2025-10-26,2025-10-28 00:00:00,2025-10-27 09:00:00,Closed,33.0,3,I am having an issue and need assistance.,3
TKT-00119,CUST-1782,Billing,Payment Failure,Low,Priya,Phone,2025-07-26,2025-07-29 00:00:00,2025-07-29 08:00:00,Closed,80.0,0,Please help me understand what happened.,4
TKT-00120,CUST-1512,Product Support,Subscription Cancellation,High,Noah,Chat,2025-02-19,2025-02-20 00:00:00,2025-02-21 06:00:00,Closed,54.0,0,Thank you for the update.,5
TKT-00121,CUST-1607,Billing,Refund Delay,Low,David,Web Form,2025-09-23,2025-09-26 00:00:00,2025-09-27 00:00:00,Escalated,96.0,0,I would like an update on my ticket.,4
TKT-00122,CUST-1485,Shipping,Product Question,High,Priya,Web Form,2025-01-09,2025-01-10 00:00:00,2025-01-10 23:00:00,Escalated,47.0,1,I have contacted support multiple times and nobody has helped me.,3
TKT-00123,CUST-1428,Shipping,Account Verification,High,Ethan,Chat,2025-09-26,2025-09-27 00:00:00,2025-09-28 17:00:00,Closed,65.0,2,Please help me understand what happened.,4
TKT-00124,CUST-1559,Technical Support,Payment Failure,Medium,Sarah,Web Form,2025-02-01,2025-02-03 00:00:00,2025-02-04 21:00:00,Closed,93.0,0,Thank you for the update.,5
TKT-00125,CUST-1491,Shipping,Subscription Cancellation,Medium,Liam,Chat,2025-05-23,2025-05-25 00:00:00,,Open,,2,Please help me understand what happened.,4
TKT-00126,CUST-1490,Shipping,Subscription Cancellation,Medium,Sarah,Web Form,2025-06-26,2025-06-28 00:00:00,2025-06-27 21:00:00,Escalated,45.0,0,I am tired of waiting for a response.,3
TKT-00127,CUST-1102,Technical Support,Account Verification,High,Priya,Phone,2025-03-12,2025-03-13 00:00:00,2025-03-14 20:00:00,Closed,68.0,0,I appreciate the quick response.,5
TKT-00128,CUST-1587,Technical Support,Refund Delay,Critical,Mia,Web Form,2025-12-01,2025-12-01 08:00:00,2025-12-03 11:00:00,Closed,59.0,1,I have contacted support multiple times and nobody has helped me.,3
TKT-00129,CUST-1291,Technical Support,Refund Delay,High,Mia,Web Form,2025-04-01,2025-04-02 00:00:00,,Open,,0,I need help with my account.,4
TKT-00130,CUST-1345,Account Management,Product Question,High,Mia,Web Form,2025-05-20,2025-05-21 00:00:00,,Open,,1,I have contacted support multiple times and nobody has helped me.,3
TKT-00131,CUST-1392,Shipping,Account Verification,Low,Sarah,Web Form,2025-09-21,2025-09-24 00:00:00,2025-09-23 18:00:00,Escalated,66.0,1,I have contacted support multiple times and nobody has helped me.,2
TKT-00132,CUST-1706,Technical Support,Product Question,High,David,Phone,2025-10-26,2025-10-27 00:00:00,2025-10-27 07:00:00,Closed,31.0,0,Please help me understand what happened.,4
TKT-00133,CUST-1696,Billing,Subscription Cancellation,Medium,Liam,Chat,2025-03-10,2025-03-12 00:00:00,2025-03-11 20:00:00,Closed,44.0,3,This is very frustrating and I need this fixed immediately.,1
TKT-00134,CUST-1119,Product Support,Login Issue,Medium,David,Email,2025-10-16,2025-10-18 00:00:00,2025-10-16 15:00:00,Closed,15.0,1,Thank you for the update.,5
TKT-00135,CUST-1260,Technical Support,Product Question,Low,Ethan,Email,2025-08-21,2025-08-24 00:00:00,2025-08-23 02:00:00,Closed,50.0,1,I have contacted support multiple times and nobody has helped me.,2
TKT-00136,CUST-1912,Billing,Account Verification,Medium,Ava,Web Form,2025-06-26,2025-06-28 00:00:00,2025-06-30 09:00:00,Closed,105.0,0,The issue was handled well.,5
TKT-00137,CUST-1854,Account Management,Product Question,High,Sarah,Web Form,2025-02-11,2025-02-12 00:00:00,2025-02-12 21:00:00,Closed,45.0,5,Can you check the status of my request?,3
TKT-00138,CUST-1828,Billing,Refund Delay,Critical,Ethan,Web Form,2025-09-30,2025-09-30 08:00:00,2025-10-02 10:00:00,Closed,58.0,4,I have contacted support multiple times and nobody has helped me.,1
TKT-00139,CUST-1143,Account Management,Refund Delay,Low,Noah,Email,2025-11-01,2025-11-04 00:00:00,,Open,,0,Can you check the status of my request?,3
TKT-00140,CUST-1641,Product Support,Subscription Cancellation,Low,David,Phone,2025-05-02,2025-05-05 00:00:00,2025-05-04 02:00:00,Closed,50.0,0,Thank you for the update.,4
TKT-00141,CUST-1307,Account Management,Product Question,Low,David,Web Form,2025-09-26,2025-09-29 00:00:00,2025-09-28 04:00:00,Closed,52.0,0,Can you check the status of my request?,3
TKT-00142,CUST-1548,Technical Support,Product Question,High,Sarah,Web Form,2025-10-13,2025-10-14 00:00:00,2025-10-14 16:00:00,Closed,40.0,1,I am tired of waiting for a response.,1
TKT-00143,CUST-1764,Technical Support,Refund Delay,Medium,Ava,Email,2025-04-07,2025-04-09 00:00:00,2025-04-11 11:00:00,Closed,107.0,3,Can you check the status of my request?,3
TKT-00144,CUST-1477,Account Management,Account Verification,Medium,Liam,Web Form,2025-05-03,2025-05-05 00:00:00,2025-05-05 21:00:00,Closed,69.0,1,I am having an issue and need assistance.,4
TKT-00145,CUST-1156,Billing,Product Question,High,David,Chat,2025-07-09,2025-07-10 00:00:00,2025-07-09 14:00:00,Closed,14.0,1,Please help me understand what happened.,4
TKT-00146,CUST-1143,Technical Support,Bug Report,Low,Liam,Web Form,2025-10-09,2025-10-12 00:00:00,,Open,,1,I am tired of waiting for a response.,1
TKT-00147,CUST-1517,Product Support,Product Question,Low,Ava,Email,2025-02-08,2025-02-11 00:00:00,,Open,,0,I have contacted support multiple times and nobody has helped me.,1
TKT-00148,CUST-1514,Account Management,Bug Report,Low,Ethan,Web Form,2025-01-09,2025-01-12 00:00:00,2025-01-09 20:00:00,Closed,20.0,2,I am having an issue and need assistance.,3
TKT-00149,CUST-1578,Account Management,Late Delivery,Low,Noah,Chat,2025-05-04,2025-05-07 00:00:00,2025-05-05 12:00:00,Closed,36.0,0,Please help me understand what happened.,4
TKT-00150,CUST-1579,Technical Support,Account Verification,Medium,Noah,Email,2025-02-17,2025-02-19 00:00:00,2025-02-20 17:00:00,Closed,89.0,0,Please help me understand what happened.,4
TKT-00151,CUST-1306,Billing,Refund Delay,Low,Ethan,Phone,2025-01-24,2025-01-27 00:00:00,2025-01-26 00:00:00,Closed,48.0,0,The issue was handled well.,4
TKT-00152,CUST-1992,Technical Support,Account Verification,Medium,Sarah,Phone,2025-07-16,2025-07-18 00:00:00,2025-07-17 10:00:00,Closed,34.0,2,I would like an update on my ticket.,4
TKT-00153,CUST-1817,Shipping,Refund Delay,Medium,Ethan,Web Form,2025-04-27,2025-04-29 00:00:00,2025-04-30 19:00:00,Closed,91.0,1,Thank you for the update.,5
TKT-00154,CUST-1135,Technical Support,Login Issue,Low,Mia,Web Form,2025-12-31,2026-01-03 00:00:00,2026-01-01 14:00:00,Closed,38.0,4,I am having an issue and need assistance.,3
TKT-00155,CUST-1397,Billing,Late Delivery,Medium,Sarah,Email,2025-01-14,2025-01-16 00:00:00,2025-01-17 04:00:00,Closed,76.0,0,I am having an issue and need assistance.,4
TKT-00156,CUST-1369,Billing,Account Verification,Medium,Mia,Web Form,2025-03-28,2025-03-30 00:00:00,2025-03-31 01:00:00,Closed,73.0,0,Please help me understand what happened.,3
TKT-00157,CUST-1342,Shipping,Account Verification,High,Ethan,Chat,2025-08-23,2025-08-24 00:00:00,2025-08-24 19:00:00,Closed,43.0,1,I am tired of waiting for a response.,2
TKT-00158,CUST-1385,Account Management,Late Delivery,Medium,Liam,Web Form,2025-06-10,2025-06-12 00:00:00,,Open,,1,This is very frustrating and I need this fixed immediately.,2
TKT-00159,CUST-1689,Shipping,Payment Failure,Medium,Liam,Chat,2025-12-16,2025-12-18 00:00:00,2025-12-16 11:00:00,Escalated,11.0,0,I have contacted support multiple times and nobody has helped me.,2
TKT-00160,CUST-1556,Account Management,Late Delivery,Medium,Liam,Phone,2025-12-04,2025-12-06 00:00:00,2025-12-06 14:00:00,Closed,62.0,5,Please help me understand what happened.,4
TKT-00161,CUST-1010,Billing,Bug Report,High,Noah,Email,2025-05-08,2025-05-09 00:00:00,2025-05-11 23:00:00,Closed,95.0,0,This issue is affecting my work and I am unhappy.,1
TKT-00162,CUST-1118,Billing,Subscription Cancellation,Low,Liam,Web Form,2025-07-11,2025-07-14 00:00:00,2025-07-13 22:00:00,Closed,70.0,0,The issue was handled well.,4
TKT-00163,CUST-1869,Technical Support,Bug Report,Medium,Ethan,Chat,2025-09-24,2025-09-26 00:00:00,2025-09-27 20:00:00,Closed,92.0,0,I have contacted support multiple times and nobody has helped me.,1
TKT-00164,CUST-1190,Shipping,Login Issue,Medium,Mia,Chat,2025-09-22,2025-09-24 00:00:00,2025-09-25 06:00:00,Closed,78.0,4,Please help me understand what happened.,3
TKT-00165,CUST-1104,Account Management,Payment Failure,Low,Liam,Web Form,2025-10-31,2025-11-03 00:00:00,2025-11-02 18:00:00,Closed,66.0,2,I have contacted support multiple times and nobody has helped me.,3
TKT-00166,CUST-1865,Product Support,Late Delivery,Medium,Liam,Web Form,2025-02-28,2025-03-02 00:00:00,2025-03-02 22:00:00,Closed,70.0,1,I am having an issue and need assistance.,4
TKT-00167,CUST-1428,Account Management,Late Delivery,High,Priya,Email,2025-12-11,2025-12-12 00:00:00,2025-12-11 11:00:00,Closed,11.0,0,I would like an update on my ticket.,4
TKT-00168,CUST-1886,Product Support,Late Delivery,Medium,Sarah,Chat,2025-09-07,2025-09-09 00:00:00,2025-09-08 06:00:00,Closed,30.0,0,Please help me understand what happened.,3
TKT-00169,CUST-1814,Shipping,Refund Delay,Medium,Liam,Web Form,2025-10-15,2025-10-17 00:00:00,2025-10-18 20:00:00,Closed,92.0,0,Thank you for the update.,4
TKT-00170,CUST-1555,Technical Support,Subscription Cancellation,Low,Liam,Phone,2025-03-28,2025-03-31 00:00:00,2025-03-31 19:00:00,Closed,91.0,1,I would like an update on my ticket.,4
TKT-00171,CUST-1214,Billing,Product Question,Medium,Sarah,Email,2025-12-01,2025-12-03 00:00:00,2025-12-03 16:00:00,Closed,64.0,3,Thanks for helping me with this issue.,4
TKT-00172,CUST-1331,Product Support,Bug Report,High,Sarah,Chat,2025-11-12,2025-11-13 00:00:00,2025-11-15 17:00:00,Closed,89.0,0,I would like an update on my ticket.,3
TKT-00173,CUST-1779,Shipping,Subscription Cancellation,Medium,Noah,Chat,2025-07-30,2025-08-01 00:00:00,2025-07-31 19:00:00,Closed,43.0,0,I appreciate the quick response.,4
TKT-00174,CUST-1973,Account Management,Product Question,Low,Priya,Web Form,2025-07-12,2025-07-15 00:00:00,2025-07-14 21:00:00,Closed,69.0,2,I am having an issue and need assistance.,4
TKT-00175,CUST-1848,Account Management,Bug Report,Medium,Noah,Web Form,2025-11-22,2025-11-24 00:00:00,2025-11-23 12:00:00,Closed,36.0,0,I am having an issue and need assistance.,4
TKT-00176,CUST-1207,Shipping,Bug Report,Medium,Mia,Web Form,2025-06-25,2025-06-27 00:00:00,2025-06-25 21:00:00,Closed,21.0,3,I need help with my account.,4
TKT-00177,CUST-1671,Technical Support,Subscription Cancellation,Low,Priya,Email,2025-12-02,2025-12-05 00:00:00,2025-12-05 10:00:00,Closed,82.0,0,Can you check the status of my request?,4
TKT-00178,CUST-1489,Billing,Login Issue,Low,Ethan,Email,2025-03-09,2025-03-12 00:00:00,2025-03-12 19:00:00,Closed,91.0,0,The issue was handled well.,4
TKT-00179,CUST-1624,Billing,Account Verification,Medium,Noah,Email,2025-06-10,2025-06-12 00:00:00,2025-06-13 14:00:00,Closed,86.0,1,Thank you for the update.,4
TKT-00180,CUST-1986,Technical Support,Product Question,Medium,Liam,Chat,2025-07-30,2025-08-01 00:00:00,,Open,,0,The issue was handled well.,5
TKT-00181,CUST-1530,Account Management,Bug Report,High,Liam,Phone,2025-11-27,2025-11-28 00:00:00,2025-11-29 23:00:00,Escalated,71.0,0,I am tired of waiting for a response.,1
TKT-00182,CUST-1956,Product Support,Account Verification,High,Priya,Email,2025-05-03,2025-05-04 00:00:00,2025-05-04 10:00:00,Closed,34.0,0,I have contacted support multiple times and nobody has helped me.,2
TKT-00183,CUST-1971,Shipping,Late Delivery,Medium,Sarah,Phone,2025-10-07,2025-10-09 00:00:00,2025-10-09 20:00:00,Closed,68.0,0,I need help with my account.,3
TKT-00184,CUST-1997,Account Management,Subscription Cancellation,Medium,Sarah,Web Form,2025-12-26,2025-12-28 00:00:00,2025-12-26 18:00:00,Closed,18.0,0,Thanks for helping me with this issue.,4
TKT-00185,CUST-1012,Technical Support,Bug Report,Medium,Noah,Phone,2025-12-24,2025-12-26 00:00:00,2025-12-26 17:00:00,Closed,65.0,1,The support team has been helpful so far.,4
TKT-00186,CUST-1065,Technical Support,Refund Delay,Low,David,Phone,2025-03-27,2025-03-30 00:00:00,,Open,,0,I am tired of waiting for a response.,3
TKT-00187,CUST-1758,Shipping,Login Issue,Medium,David,Email,2025-09-13,2025-09-15 00:00:00,2025-09-14 05:00:00,Closed,29.0,0,I need help with my account.,3
TKT-00188,CUST-1329,Product Support,Refund Delay,Low,Ava,Chat,2025-01-24,2025-01-27 00:00:00,2025-01-27 13:00:00,Escalated,85.0,3,Please help me understand what happened.,3
TKT-00189,CUST-1898,Technical Support,Payment Failure,High,David,Phone,2025-02-09,2025-02-10 00:00:00,2025-02-09 16:00:00,Closed,16.0,2,This issue is affecting my work and I am unhappy.,1
TKT-00190,CUST-1475,Account Management,Subscription Cancellation,High,Priya,Phone,2025-02-14,2025-02-15 00:00:00,2025-02-14 04:00:00,Closed,4.0,1,I would like an update on my ticket.,3
TKT-00191,CUST-1001,Shipping,Product Question,Critical,Liam,Chat,2025-03-19,2025-03-19 08:00:00,2025-03-19 16:00:00,Closed,16.0,1,I need help with my account.,4
TKT-00192,CUST-1717,Account Management,Subscription Cancellation,Low,Liam,Web Form,2025-09-09,2025-09-12 00:00:00,2025-09-09 19:00:00,Closed,19.0,4,I want to cancel if this is not resolved today.,2
TKT-00193,CUST-1948,Shipping,Product Question,Critical,Noah,Email,2025-09-16,2025-09-16 08:00:00,2025-09-16 05:00:00,Closed,5.0,4,I am having an issue and need assistance.,4
TKT-00194,CUST-1987,Account Management,Bug Report,Medium,Priya,Chat,2025-02-08,2025-02-10 00:00:00,2025-02-09 13:00:00,Closed,37.0,0,I need help with my account.,4
TKT-00195,CUST-1405,Technical Support,Product Question,Medium,Priya,Email,2025-02-16,2025-02-18 00:00:00,,Open,,0,The support team has been helpful so far.,5
TKT-00196,CUST-1850,Product Support,Refund Delay,Medium,Priya,Chat,2025-01-16,2025-01-18 00:00:00,2025-01-19 04:00:00,Closed,76.0,2,Thanks for helping me with this issue.,4
TKT-00197,CUST-1926,Technical Support,Late Delivery,Low,Sarah,Phone,2025-12-18,2025-12-21 00:00:00,2025-12-19 02:00:00,Escalated,26.0,0,Can you check the status of my request?,3
TKT-00198,CUST-1930,Shipping,Login Issue,Low,Ethan,Email,2025-03-28,2025-03-31 00:00:00,2025-03-31 13:00:00,Closed,85.0,0,I am having an issue and need assistance.,3
TKT-00199,CUST-1140,Technical Support,Subscription Cancellation,Medium,Mia,Email,2025-11-11,2025-11-13 00:00:00,2025-11-13 10:00:00,Closed,58.0,1,I appreciate the quick response.,5
TKT-00200,CUST-1326,Account Management,Account Verification,Medium,Liam,Email,2025-07-15,2025-07-17 00:00:00,2025-07-18 16:00:00,Escalated,88.0,1,Can you check the status of my request?,3
TKT-00201,CUST-1589,Product Support,Account Verification,Low,Priya,Email,2025-08-30,2025-09-02 00:00:00,2025-09-02 20:00:00,Closed,92.0,1,I need help with my account.,3
TKT-00202,CUST-1576,Account Management,Bug Report,Critical,Mia,Chat,2025-05-02,2025-05-02 08:00:00,2025-05-04 02:00:00,Closed,50.0,2,I want to cancel if this is not resolved today.,1
TKT-00203,CUST-1348,Technical Support,Product Question,Medium,Mia,Web Form,2025-01-20,2025-01-22 00:00:00,2025-01-20 19:00:00,Closed,19.0,0,This is very frustrating and I need this fixed immediately.,1
TKT-00204,CUST-1810,Technical Support,Bug Report,Low,Mia,Chat,2025-02-26,2025-03-01 00:00:00,2025-03-03 05:00:00,Closed,125.0,0,Can you check the status of my request?,4
TKT-00205,CUST-1871,Account Management,Bug Report,Low,David,Chat,2025-12-07,2025-12-10 00:00:00,2025-12-11 22:00:00,Closed,118.0,0,I want to cancel if this is not resolved today.,2
TKT-00206,CUST-1906,Product Support,Refund Delay,Low,David,Chat,2025-11-24,2025-11-27 00:00:00,,Open,,0,This is very frustrating and I need this fixed immediately.,3
TKT-00207,CUST-1504,Billing,Bug Report,Medium,Priya,Chat,2025-05-08,2025-05-10 00:00:00,2025-05-11 15:00:00,Closed,87.0,0,Can you check the status of my request?,4
TKT-00208,CUST-1350,Account Management,Bug Report,Medium,Noah,Web Form,2025-10-23,2025-10-25 00:00:00,,Open,,0,I need help with my account.,3
TKT-00209,CUST-1103,Technical Support,Payment Failure,Low,Noah,Email,2025-06-23,2025-06-26 00:00:00,2025-06-27 09:00:00,Escalated,105.0,0,This is very frustrating and I need this fixed immediately.,1
TKT-00210,CUST-1003,Shipping,Account Verification,Critical,Sarah,Phone,2025-12-05,2025-12-05 08:00:00,2025-12-05 17:00:00,Closed,17.0,1,I need help with my account.,4
TKT-00211,CUST-1500,Account Management,Login Issue,Medium,Ethan,Chat,2025-02-19,2025-02-21 00:00:00,2025-02-20 10:00:00,Escalated,34.0,1,The issue was handled well.,5
TKT-00212,CUST-1154,Shipping,Login Issue,Medium,Sarah,Chat,2025-07-09,2025-07-11 00:00:00,2025-07-11 07:00:00,Closed,55.0,0,I am having an issue and need assistance.,3
TKT-00213,CUST-1487,Billing,Login Issue,Medium,Sarah,Chat,2025-10-11,2025-10-13 00:00:00,2025-10-14 02:00:00,Escalated,74.0,1,I want to cancel if this is not resolved today.,1
TKT-00214,CUST-1842,Shipping,Login Issue,Medium,Ava,Chat,2025-03-03,2025-03-05 00:00:00,,Open,,0,Please help me understand what happened.,3
TKT-00215,CUST-1115,Technical Support,Subscription Cancellation,Medium,Noah,Email,2025-07-18,2025-07-20 00:00:00,2025-07-20 22:00:00,Closed,70.0,3,Thank you for the update.,5
TKT-00216,CUST-1038,Account Management,Late Delivery,Low,Noah,Email,2025-10-16,2025-10-19 00:00:00,,Open,,3,Please help me understand what happened.,4
TKT-00217,CUST-1287,Technical Support,Subscription Cancellation,Medium,Sarah,Email,2025-07-22,2025-07-24 00:00:00,,Open,,0,I am tired of waiting for a response.,2
TKT-00218,CUST-1777,Account Management,Login Issue,Critical,Liam,Chat,2025-06-03,2025-06-03 08:00:00,2025-06-04 04:00:00,Closed,28.0,0,Please help me understand what happened.,4
TKT-00219,CUST-1255,Product Support,Bug Report,High,Mia,Email,2025-06-09,2025-06-10 00:00:00,2025-06-11 00:00:00,Closed,48.0,0,This is very frustrating and I need this fixed immediately.,1
TKT-00220,CUST-1181,Billing,Product Question,Low,David,Chat,2025-05-21,2025-05-24 00:00:00,2025-05-24 11:00:00,Escalated,83.0,1,Please help me understand what happened.,4
TKT-00221,CUST-1211,Account Management,Bug Report,Medium,Priya,Email,2025-05-26,2025-05-28 00:00:00,2025-05-29 20:00:00,Closed,92.0,4,This is very frustrating and I need this fixed immediately.,3
TKT-00222,CUST-1916,Shipping,Payment Failure,Medium,Ava,Web Form,2025-03-09,2025-03-11 00:00:00,2025-03-09 09:00:00,Closed,9.0,4,I am tired of waiting for a response.,2
TKT-00223,CUST-1662,Account Management,Bug Report,Medium,Liam,Web Form,2025-06-04,2025-06-06 00:00:00,2025-06-06 18:00:00,Closed,66.0,1,I am tired of waiting for a response.,3
TKT-00224,CUST-1153,Product Support,Subscription Cancellation,Medium,Noah,Web Form,2025-02-02,2025-02-04 00:00:00,,Open,,0,I am tired of waiting for a response.,1
TKT-00225,CUST-1351,Product Support,Account Verification,High,Sarah,Phone,2025-12-15,2025-12-16 00:00:00,2025-12-17 14:00:00,Closed,62.0,0,I need help with my account.,3
TKT-00226,CUST-1921,Technical Support,Product Question,High,David,Phone,2025-03-29,2025-03-30 00:00:00,2025-03-30 17:00:00,Closed,41.0,0,This is very frustrating and I need this fixed immediately.,3
TKT-00227,CUST-1483,Shipping,Login Issue,Low,Liam,Phone,2025-08-04,2025-08-07 00:00:00,2025-08-06 06:00:00,Closed,54.0,0,Thank you for the update.,4
TKT-00228,CUST-1323,Technical Support,Login Issue,High,Sarah,Phone,2025-07-31,2025-08-01 00:00:00,2025-08-01 02:00:00,Closed,26.0,1,This issue is affecting my work and I am unhappy.,1
TKT-00229,CUST-1132,Technical Support,Login Issue,Medium,Mia,Phone,2025-11-21,2025-11-23 00:00:00,,Open,,0,This issue is affecting my work and I am unhappy.,1
TKT-00230,CUST-1018,Product Support,Payment Failure,Medium,Sarah,Web Form,2025-09-02,2025-09-04 00:00:00,2025-09-02 08:00:00,Closed,8.0,0,I appreciate the quick response.,4
TKT-00231,CUST-1444,Billing,Account Verification,Low,David,Phone,2025-03-08,2025-03-11 00:00:00,,Open,,0,I would like an update on my ticket.,4
TKT-00232,CUST-1728,Technical Support,Bug Report,Critical,Ethan,Phone,2025-04-07,2025-04-07 08:00:00,2025-04-08 15:00:00,Closed,39.0,0,I need help with my account.,4
TKT-00233,CUST-1485,Billing,Payment Failure,High,Priya,Email,2025-11-01,2025-11-02 00:00:00,2025-11-03 02:00:00,Closed,50.0,0,I would like an update on my ticket.,4
TKT-00234,CUST-1203,Technical Support,Account Verification,Medium,Ava,Phone,2025-08-04,2025-08-06 00:00:00,2025-08-08 06:00:00,Closed,102.0,1,I need help with my account.,4
TKT-00235,CUST-1002,Product Support,Account Verification,High,Liam,Phone,2025-12-27,2025-12-28 00:00:00,2025-12-28 15:00:00,Closed,39.0,0,I am tired of waiting for a response.,1
TKT-00236,CUST-1051,Billing,Login Issue,High,Ethan,Chat,2025-02-16,2025-02-17 00:00:00,2025-02-18 14:00:00,Closed,62.0,1,I am tired of waiting for a response.,2
TKT-00237,CUST-1336,Billing,Late Delivery,High,Priya,Phone,2025-12-13,2025-12-14 00:00:00,,Open,,3,The support team has been helpful so far.,4
TKT-00238,CUST-1664,Shipping,Product Question,Critical,Priya,Email,2025-07-10,2025-07-10 08:00:00,2025-07-11 03:00:00,Closed,27.0,1,This issue is affecting my work and I am unhappy.,2
TKT-00239,CUST-1942,Technical Support,Login Issue,Low,Ava,Chat,2025-02-23,2025-02-26 00:00:00,2025-02-26 02:00:00,Closed,74.0,2,Can you check the status of my request?,4
TKT-00240,CUST-1443,Account Management,Login Issue,High,Ethan,Email,2025-02-02,2025-02-03 00:00:00,,Open,,1,I am having an issue and need assistance.,3
TKT-00241,CUST-1328,Technical Support,Product Question,Medium,Sarah,Chat,2025-10-13,2025-10-15 00:00:00,,Open,,3,I have contacted support multiple times and nobody has helped me.,2
TKT-00242,CUST-1323,Technical Support,Bug Report,Critical,Ava,Chat,2025-10-09,2025-10-09 08:00:00,2025-10-10 21:00:00,Closed,45.0,1,The issue was handled well.,5
TKT-00243,CUST-1670,Billing,Product Question,High,Ava,Email,2025-07-26,2025-07-27 00:00:00,,Open,,4,I would like an update on my ticket.,3
TKT-00244,CUST-1349,Account Management,Bug Report,Medium,Ava,Chat,2025-08-21,2025-08-23 00:00:00,2025-08-25 13:00:00,Closed,109.0,2,The support team has been helpful so far.,4
TKT-00245,CUST-1468,Shipping,Subscription Cancellation,Medium,David,Email,2025-01-24,2025-01-26 00:00:00,2025-01-26 23:00:00,Closed,71.0,1,Please help me understand what happened.,3
TKT-00246,CUST-1566,Technical Support,Bug Report,Low,Sarah,Email,2025-11-21,2025-11-24 00:00:00,2025-11-26 11:00:00,Escalated,131.0,0,I would like an update on my ticket.,3
TKT-00247,CUST-1407,Account Management,Product Question,High,Mia,Chat,2025-03-07,2025-03-08 00:00:00,2025-03-08 22:00:00,Closed,46.0,0,This is very frustrating and I need this fixed immediately.,2
TKT-00248,CUST-1639,Shipping,Subscription Cancellation,Medium,Mia,Chat,2025-07-31,2025-08-02 00:00:00,2025-08-03 01:00:00,Closed,73.0,4,Can you check the status of my request?,3
TKT-00249,CUST-1898,Shipping,Bug Report,High,Mia,Chat,2025-09-15,2025-09-16 00:00:00,2025-09-18 09:00:00,Closed,81.0,1,Please help me understand what happened.,4
TKT-00250,CUST-1707,Account Management,Refund Delay,Medium,Ava,Web Form,2025-03-16,2025-03-18 00:00:00,,Open,,5,Can you check the status of my request?,3
TKT-00251,CUST-1948,Shipping,Account Verification,High,Ava,Phone,2025-08-20,2025-08-21 00:00:00,2025-08-23 18:00:00,Closed,90.0,0,I am having an issue and need assistance.,3
TKT-00252,CUST-1559,Account Management,Payment Failure,Medium,David,Email,2025-01-07,2025-01-09 00:00:00,,Open,,3,I am tired of waiting for a response.,3
TKT-00253,CUST-1133,Product Support,Account Verification,High,Liam,Phone,2025-08-18,2025-08-19 00:00:00,2025-08-19 22:00:00,Closed,46.0,0,I would like an update on my ticket.,4
TKT-00254,CUST-1074,Technical Support,Subscription Cancellation,Low,Ethan,Chat,2025-01-21,2025-01-24 00:00:00,2025-01-23 07:00:00,Closed,55.0,1,I would like an update on my ticket.,4
TKT-00255,CUST-1223,Shipping,Account Verification,Critical,Noah,Chat,2025-08-01,2025-08-01 08:00:00,2025-08-02 02:00:00,Closed,26.0,0,I am having an issue and need assistance.,4
TKT-00256,CUST-1262,Product Support,Product Question,Critical,Ava,Email,2025-12-09,2025-12-09 08:00:00,2025-12-09 17:00:00,Escalated,17.0,1,I need help with my account.,4
TKT-00257,CUST-1641,Product Support,Subscription Cancellation,Low,David,Web Form,2025-09-07,2025-09-10 00:00:00,2025-09-07 17:00:00,Closed,17.0,0,Thank you for the update.,4
TKT-00258,CUST-1089,Billing,Account Verification,Medium,Liam,Web Form,2025-02-23,2025-02-25 00:00:00,,Open,,0,I am having an issue and need assistance.,3
TKT-00259,CUST-1656,Billing,Refund Delay,Low,Priya,Email,2025-10-22,2025-10-25 00:00:00,2025-10-25 15:00:00,Closed,87.0,0,I need help with my account.,3
TKT-00260,CUST-1841,Product Support,Login Issue,High,Ava,Email,2025-07-03,2025-07-04 00:00:00,2025-07-03 22:00:00,Closed,22.0,0,This issue is affecting my work and I am unhappy.,2
TKT-00261,CUST-1566,Billing,Product Question,Low,Liam,Chat,2025-07-20,2025-07-23 00:00:00,2025-07-23 22:00:00,Closed,94.0,3,I am tired of waiting for a response.,1
TKT-00262,CUST-1164,Product Support,Late Delivery,Low,Ava,Web Form,2025-10-03,2025-10-06 00:00:00,,Open,,3,Please help me understand what happened.,3
TKT-00263,CUST-1100,Technical Support,Account Verification,Medium,Priya,Chat,2025-02-28,2025-03-02 00:00:00,2025-03-05 16:00:00,Closed,136.0,1,I need help with my account.,4
TKT-00264,CUST-1579,Technical Support,Product Question,Critical,David,Chat,2025-12-10,2025-12-10 08:00:00,2025-12-10 16:00:00,Closed,16.0,1,I am having an issue and need assistance.,3
TKT-00265,CUST-1750,Product Support,Bug Report,High,Sarah,Chat,2025-01-03,2025-01-04 00:00:00,,Open,,0,This is very frustrating and I need this fixed immediately.,3
TKT-00266,CUST-1269,Shipping,Product Question,Medium,David,Phone,2025-09-07,2025-09-09 00:00:00,,Open,,3,Thank you for the update.,4
TKT-00267,CUST-1401,Billing,Login Issue,High,Ava,Web Form,2025-10-30,2025-10-31 00:00:00,,Open,,1,Can you check the status of my request?,4
TKT-00268,CUST-1579,Technical Support,Subscription Cancellation,Low,Noah,Web Form,2025-07-06,2025-07-09 00:00:00,2025-07-10 03:00:00,Closed,99.0,2,The support team has been helpful so far.,4
TKT-00269,CUST-1397,Product Support,Late Delivery,High,Ethan,Phone,2025-01-21,2025-01-22 00:00:00,2025-01-21 18:00:00,Closed,18.0,0,I would like an update on my ticket.,4
TKT-00270,CUST-1601,Account Management,Product Question,High,Ava,Phone,2025-02-22,2025-02-23 00:00:00,2025-02-24 09:00:00,Closed,57.0,1,Please help me understand what happened.,4
TKT-00271,CUST-1526,Billing,Subscription Cancellation,Medium,Liam,Web Form,2025-06-30,2025-07-02 00:00:00,2025-07-03 21:00:00,Closed,93.0,3,Can you check the status of my request?,3
TKT-00272,CUST-1662,Shipping,Account Verification,Low,Mia,Phone,2025-11-05,2025-11-08 00:00:00,2025-11-07 10:00:00,Closed,58.0,1,I would like an update on my ticket.,3
TKT-00273,CUST-1899,Account Management,Refund Delay,Low,Mia,Chat,2025-03-10,2025-03-13 00:00:00,2025-03-13 14:00:00,Closed,86.0,4,Please help me understand what happened.,3
TKT-00274,CUST-1171,Shipping,Login Issue,Low,Ethan,Web Form,2025-03-29,2025-04-01 00:00:00,,Open,,2,I would like an update on my ticket.,4
TKT-00275,CUST-1620,Shipping,Product Question,Medium,Noah,Chat,2025-07-13,2025-07-15 00:00:00,2025-07-14 00:00:00,Closed,24.0,3,Please help me understand what happened.,3
TKT-00276,CUST-1379,Billing,Late Delivery,Medium,Ava,Email,2025-02-17,2025-02-19 00:00:00,,Open,,2,I would like an update on my ticket.,4
TKT-00277,CUST-1897,Billing,Payment Failure,Low,Ethan,Web Form,2025-06-29,2025-07-02 00:00:00,2025-07-03 03:00:00,Closed,99.0,0,I am tired of waiting for a response.,3
TKT-00278,CUST-1109,Product Support,Payment Failure,Medium,Ava,Email,2025-10-23,2025-10-25 00:00:00,2025-10-23 23:00:00,Closed,23.0,0,This issue is affecting my work and I am unhappy.,2
TKT-00279,CUST-1379,Technical Support,Payment Failure,Medium,Priya,Phone,2025-10-02,2025-10-04 00:00:00,,Open,,0,This issue is affecting my work and I am unhappy.,1
TKT-00280,CUST-1219,Product Support,Product Question,Medium,Priya,Phone,2025-12-28,2025-12-30 00:00:00,,Open,,0,Can you check the status of my request?,3
TKT-00281,CUST-1379,Product Support,Payment Failure,High,Ava,Chat,2025-07-19,2025-07-20 00:00:00,2025-07-21 08:00:00,Closed,56.0,1,I appreciate the quick response.,4
TKT-00282,CUST-1199,Billing,Refund Delay,High,Sarah,Phone,2025-12-31,2026-01-01 00:00:00,2026-01-04 04:00:00,Closed,100.0,0,I would like an update on my ticket.,4
TKT-00283,CUST-1754,Billing,Account Verification,Medium,Ava,Phone,2025-05-03,2025-05-05 00:00:00,2025-05-06 04:00:00,Closed,76.0,0,I would like an update on my ticket.,3
TKT-00284,CUST-1515,Billing,Login Issue,Medium,David,Phone,2025-05-22,2025-05-24 00:00:00,2025-05-24 06:00:00,Closed,54.0,0,I would like an update on my ticket.,3
TKT-00285,CUST-1882,Shipping,Bug Report,Critical,Priya,Phone,2025-12-22,2025-12-22 08:00:00,2025-12-24 16:00:00,Closed,64.0,0,This issue is affecting my work and I am unhappy.,3
TKT-00286,CUST-1294,Billing,Product Question,Low,Noah,Web Form,2025-11-21,2025-11-24 00:00:00,2025-11-23 09:00:00,Escalated,57.0,1,I appreciate the quick response.,4
TKT-00287,CUST-1754,Billing,Payment Failure,Medium,David,Email,2025-10-11,2025-10-13 00:00:00,,Open,,0,This is very frustrating and I need this fixed immediately.,2
TKT-00288,CUST-1006,Technical Support,Account Verification,High,Priya,Chat,2025-04-28,2025-04-29 00:00:00,2025-05-01 04:00:00,Closed,76.0,0,This issue is affecting my work and I am unhappy.,3
TKT-00289,CUST-1055,Product Support,Refund Delay,High,David,Phone,2025-09-10,2025-09-11 00:00:00,2025-09-12 19:00:00,Escalated,67.0,0,I would like an update on my ticket.,3
TKT-00290,CUST-1594,Product Support,Payment Failure,Medium,Ava,Phone,2025-07-21,2025-07-23 00:00:00,2025-07-23 18:00:00,Closed,66.0,1,The support team has been helpful so far.,5
TKT-00291,CUST-1874,Billing,Bug Report,Medium,Priya,Chat,2025-10-08,2025-10-10 00:00:00,2025-10-11 07:00:00,Closed,79.0,1,I am having an issue and need assistance.,4
TKT-00292,CUST-1825,Account Management,Subscription Cancellation,Medium,Mia,Chat,2025-02-21,2025-02-23 00:00:00,,Open,,0,This is very frustrating and I need this fixed immediately.,2
TKT-00293,CUST-1859,Billing,Late Delivery,Medium,Mia,Phone,2025-09-07,2025-09-09 00:00:00,2025-09-09 08:00:00,Closed,56.0,0,I am having an issue and need assistance.,4
TKT-00294,CUST-1590,Billing,Product Question,High,Priya,Phone,2025-07-04,2025-07-05 00:00:00,2025-07-06 22:00:00,Closed,70.0,0,I want to cancel if this is not resolved today.,1
TKT-00295,CUST-1655,Product Support,Late Delivery,Critical,Priya,Phone,2025-06-16,2025-06-16 08:00:00,,Open,,0,Can you check the status of my request?,3
TKT-00296,CUST-1908,Shipping,Payment Failure,Medium,Sarah,Email,2025-02-10,2025-02-12 00:00:00,2025-02-12 03:00:00,Closed,51.0,0,Please help me understand what happened.,4
TKT-00297,CUST-1406,Account Management,Bug Report,High,Ethan,Web Form,2025-03-27,2025-03-28 00:00:00,2025-03-28 17:00:00,Closed,41.0,2,This is very frustrating and I need this fixed immediately.,1
TKT-00298,CUST-1234,Billing,Login Issue,Low,Ethan,Email,2025-01-14,2025-01-17 00:00:00,2025-01-16 21:00:00,Closed,69.0,0,Please help me understand what happened.,4
TKT-00299,CUST-1455,Technical Support,Subscription Cancellation,Medium,Mia,Chat,2025-09-27,2025-09-29 00:00:00,,Open,,1,I am tired of waiting for a response.,3
TKT-00300,CUST-1159,Technical Support,Late Delivery,Medium,Ethan,Web Form,2025-09-26,2025-09-28 00:00:00,2025-09-28 20:00:00,Closed,68.0,0,Please help me understand what happened.,4
TKT-00301,CUST-1815,Shipping,Refund Delay,Low,Mia,Phone,2025-05-27,2025-05-30 00:00:00,2025-05-31 08:00:00,Closed,104.0,0,I am having an issue and need assistance.,3
TKT-00302,CUST-1291,Billing,Bug Report,Low,Sarah,Web Form,2025-05-08,2025-05-11 00:00:00,2025-05-10 11:00:00,Closed,59.0,1,I would like an update on my ticket.,4
TKT-00303,CUST-1019,Product Support,Subscription Cancellation,Medium,Noah,Chat,2025-03-11,2025-03-13 00:00:00,2025-03-11 22:00:00,Closed,22.0,0,Can you check the status of my request?,4
TKT-00304,CUST-1319,Technical Support,Refund Delay,Critical,Ava,Chat,2025-02-22,2025-02-22 08:00:00,2025-02-24 17:00:00,Closed,65.0,0,I am having an issue and need assistance.,4
TKT-00305,CUST-1848,Account Management,Bug Report,Medium,Ava,Phone,2025-02-11,2025-02-13 00:00:00,2025-02-12 01:00:00,Closed,25.0,0,I am tired of waiting for a response.,2
TKT-00306,CUST-1162,Billing,Login Issue,Critical,Liam,Web Form,2025-08-15,2025-08-15 08:00:00,2025-08-16 14:00:00,Closed,38.0,5,I am having an issue and need assistance.,4
TKT-00307,CUST-1405,Billing,Login Issue,Medium,Priya,Chat,2025-07-04,2025-07-06 00:00:00,2025-07-06 11:00:00,Closed,59.0,0,I want to cancel if this is not resolved today.,1
TKT-00308,CUST-1364,Technical Support,Refund Delay,Critical,Ethan,Chat,2025-07-10,2025-07-10 08:00:00,2025-07-12 18:00:00,Closed,66.0,4,I have contacted support multiple times and nobody has helped me.,1
TKT-00309,CUST-1723,Technical Support,Login Issue,Low,Liam,Phone,2025-10-13,2025-10-16 00:00:00,2025-10-15 12:00:00,Closed,60.0,0,Thanks for helping me with this issue.,5
TKT-00310,CUST-1070,Account Management,Subscription Cancellation,Medium,Ethan,Chat,2025-10-18,2025-10-20 00:00:00,,Open,,0,I want to cancel if this is not resolved today.,1
TKT-00311,CUST-1328,Product Support,Late Delivery,Medium,Priya,Phone,2025-08-21,2025-08-23 00:00:00,,Open,,1,I would like an update on my ticket.,3
TKT-00312,CUST-1894,Billing,Payment Failure,Low,Ethan,Chat,2025-11-10,2025-11-13 00:00:00,2025-11-12 07:00:00,Closed,55.0,1,The support team has been helpful so far.,4
TKT-00313,CUST-1013,Billing,Account Verification,Low,Liam,Email,2025-01-17,2025-01-20 00:00:00,2025-01-22 12:00:00,Closed,132.0,0,I would like an update on my ticket.,3
TKT-00314,CUST-1751,Technical Support,Product Question,High,Noah,Web Form,2025-11-24,2025-11-25 00:00:00,,Open,,0,I would like an update on my ticket.,3
TKT-00315,CUST-1764,Billing,Subscription Cancellation,Low,Liam,Email,2025-02-21,2025-02-24 00:00:00,2025-02-23 03:00:00,Closed,51.0,0,Can you check the status of my request?,4
TKT-00316,CUST-1332,Billing,Bug Report,Medium,Sarah,Email,2025-03-27,2025-03-29 00:00:00,2025-03-31 09:00:00,Closed,105.0,1,I am tired of waiting for a response.,3
TKT-00317,CUST-1458,Shipping,Payment Failure,High,Sarah,Phone,2025-11-08,2025-11-09 00:00:00,2025-11-09 14:00:00,Closed,38.0,1,I am tired of waiting for a response.,2
TKT-00318,CUST-1523,Account Management,Refund Delay,High,Priya,Email,2025-09-23,2025-09-24 00:00:00,2025-09-23 19:00:00,Closed,19.0,0,I am tired of waiting for a response.,3
TKT-00319,CUST-1751,Product Support,Late Delivery,Low,Ethan,Phone,2025-03-21,2025-03-24 00:00:00,2025-03-22 05:00:00,Closed,29.0,2,The issue was handled well.,4
TKT-00320,CUST-1900,Billing,Bug Report,High,Mia,Web Form,2025-12-20,2025-12-21 00:00:00,2025-12-23 01:00:00,Closed,73.0,2,I am tired of waiting for a response.,2
TKT-00321,CUST-1334,Account Management,Payment Failure,Critical,Noah,Chat,2025-12-01,2025-12-01 08:00:00,2025-12-02 02:00:00,Closed,26.0,1,I would like an update on my ticket.,3
TKT-00322,CUST-1585,Product Support,Account Verification,Low,Sarah,Web Form,2025-11-01,2025-11-04 00:00:00,2025-11-05 10:00:00,Closed,106.0,0,Thanks for helping me with this issue.,5
TKT-00323,CUST-1248,Billing,Payment Failure,Medium,Sarah,Web Form,2025-12-24,2025-12-26 00:00:00,2025-12-25 20:00:00,Closed,44.0,1,I would like an update on my ticket.,3
TKT-00324,CUST-1358,Billing,Subscription Cancellation,High,David,Email,2025-02-27,2025-02-28 00:00:00,2025-02-28 13:00:00,Closed,37.0,1,I appreciate the quick response.,4
TKT-00325,CUST-1014,Product Support,Product Question,Medium,Ethan,Email,2025-04-30,2025-05-02 00:00:00,2025-05-02 07:00:00,Closed,55.0,0,This is very frustrating and I need this fixed immediately.,2
TKT-00326,CUST-1711,Shipping,Login Issue,Medium,Ethan,Email,2025-06-19,2025-06-21 00:00:00,2025-06-22 04:00:00,Closed,76.0,2,I would like an update on my ticket.,3
TKT-00327,CUST-1885,Billing,Payment Failure,Medium,Ava,Phone,2025-03-29,2025-03-31 00:00:00,2025-03-31 01:00:00,Closed,49.0,4,I appreciate the quick response.,5
TKT-00328,CUST-1040,Billing,Refund Delay,Medium,Sarah,Chat,2025-07-14,2025-07-16 00:00:00,2025-07-17 06:00:00,Closed,78.0,0,Please help me understand what happened.,3
TKT-00329,CUST-1899,Technical Support,Subscription Cancellation,Medium,Sarah,Chat,2025-01-10,2025-01-12 00:00:00,2025-01-12 16:00:00,Escalated,64.0,5,I need help with my account.,4
TKT-00330,CUST-1246,Account Management,Refund Delay,Critical,Priya,Chat,2025-03-19,2025-03-19 08:00:00,,Open,,1,Can you check the status of my request?,4
TKT-00331,CUST-1705,Product Support,Late Delivery,Medium,Priya,Phone,2025-08-18,2025-08-20 00:00:00,2025-08-19 00:00:00,Closed,24.0,1,Can you check the status of my request?,4
TKT-00332,CUST-1901,Product Support,Late Delivery,Medium,Mia,Chat,2025-06-12,2025-06-14 00:00:00,2025-06-15 07:00:00,Closed,79.0,2,Thanks for helping me with this issue.,5
TKT-00333,CUST-1610,Account Management,Payment Failure,Medium,Priya,Chat,2025-04-07,2025-04-09 00:00:00,,Open,,1,I would like an update on my ticket.,3
TKT-00334,CUST-1197,Technical Support,Account Verification,Medium,David,Email,2025-12-19,2025-12-21 00:00:00,2025-12-22 07:00:00,Closed,79.0,3,Can you check the status of my request?,3
TKT-00335,CUST-1332,Technical Support,Refund Delay,Medium,Ava,Phone,2025-07-31,2025-08-02 00:00:00,2025-08-02 04:00:00,Escalated,52.0,5,This issue is affecting my work and I am unhappy.,3
TKT-00336,CUST-1550,Account Management,Account Verification,Medium,Ava,Web Form,2025-06-10,2025-06-12 00:00:00,2025-06-14 04:00:00,Closed,100.0,1,This is very frustrating and I need this fixed immediately.,3
TKT-00337,CUST-1706,Account Management,Refund Delay,Medium,Ava,Chat,2025-05-30,2025-06-01 00:00:00,,Open,,1,I would like an update on my ticket.,3
TKT-00338,CUST-1604,Product Support,Late Delivery,Medium,Ethan,Email,2025-09-14,2025-09-16 00:00:00,2025-09-15 07:00:00,Closed,31.0,0,Can you check the status of my request?,4
TKT-00339,CUST-1387,Technical Support,Product Question,Low,David,Chat,2025-03-05,2025-03-08 00:00:00,2025-03-06 23:00:00,Closed,47.0,1,I would like an update on my ticket.,3
TKT-00340,CUST-1295,Product Support,Payment Failure,Low,Mia,Phone,2025-10-17,2025-10-20 00:00:00,2025-10-18 07:00:00,Closed,31.0,2,I am having an issue and need assistance.,4
TKT-00341,CUST-1602,Technical Support,Login Issue,High,Liam,Email,2025-11-15,2025-11-16 00:00:00,2025-11-17 04:00:00,Closed,52.0,0,This is very frustrating and I need this fixed immediately.,1
TKT-00342,CUST-1874,Account Management,Product Question,Medium,Noah,Email,2025-05-06,2025-05-08 00:00:00,2025-05-07 19:00:00,Closed,43.0,0,I need help with my account.,3
TKT-00343,CUST-1989,Billing,Subscription Cancellation,Medium,Noah,Email,2025-02-25,2025-02-27 00:00:00,2025-02-27 05:00:00,Closed,53.0,1,I would like an update on my ticket.,3
TKT-00344,CUST-1711,Account Management,Bug Report,Critical,Noah,Phone,2025-06-15,2025-06-15 08:00:00,2025-06-16 14:00:00,Closed,38.0,1,Can you check the status of my request?,3
TKT-00345,CUST-1623,Shipping,Bug Report,Medium,Liam,Chat,2025-11-10,2025-11-12 00:00:00,2025-11-11 07:00:00,Closed,31.0,1,I am tired of waiting for a response.,2
TKT-00346,CUST-1001,Shipping,Subscription Cancellation,Medium,David,Chat,2025-11-11,2025-11-13 00:00:00,2025-11-13 23:00:00,Closed,71.0,0,I am having an issue and need assistance.,3
TKT-00347,CUST-1809,Billing,Refund Delay,Medium,Noah,Chat,2025-11-12,2025-11-14 00:00:00,,Open,,0,I am having an issue and need assistance.,4
TKT-00348,CUST-1816,Billing,Subscription Cancellation,Medium,David,Email,2025-02-28,2025-03-02 00:00:00,2025-03-02 12:00:00,Closed,60.0,2,This issue is affecting my work and I am unhappy.,2
TKT-00349,CUST-1591,Billing,Late Delivery,Medium,Ethan,Phone,2025-08-25,2025-08-27 00:00:00,2025-08-26 04:00:00,Closed,28.0,1,I need help with my account.,3
TKT-00350,CUST-1722,Shipping,Bug Report,Low,Mia,Phone,2025-01-16,2025-01-19 00:00:00,2025-01-19 17:00:00,Closed,89.0,1,I need help with my account.,4
TKT-00351,CUST-1935,Shipping,Refund Delay,Medium,Noah,Web Form,2025-05-02,2025-05-04 00:00:00,2025-05-05 07:00:00,Closed,79.0,0,I need help with my account.,3
TKT-00352,CUST-1135,Billing,Product Question,Medium,Ethan,Chat,2025-04-08,2025-04-10 00:00:00,,Open,,0,I want to cancel if this is not resolved today.,3
TKT-00353,CUST-1776,Technical Support,Refund Delay,Medium,Noah,Email,2025-06-09,2025-06-11 00:00:00,2025-06-11 12:00:00,Closed,60.0,2,I have contacted support multiple times and nobody has helped me.,3
TKT-00354,CUST-1211,Shipping,Account Verification,Medium,Liam,Phone,2025-05-22,2025-05-24 00:00:00,2025-05-25 05:00:00,Closed,77.0,0,I need help with my account.,3
TKT-00355,CUST-1482,Product Support,Bug Report,Medium,Priya,Chat,2025-12-27,2025-12-29 00:00:00,2025-12-29 08:00:00,Closed,56.0,0,Can you check the status of my request?,3
TKT-00356,CUST-1997,Billing,Login Issue,Medium,Noah,Web Form,2025-07-20,2025-07-22 00:00:00,2025-07-23 06:00:00,Closed,78.0,0,I want to cancel if this is not resolved today.,1
TKT-00357,CUST-1401,Account Management,Late Delivery,Low,Ethan,Email,2025-08-22,2025-08-25 00:00:00,2025-08-24 03:00:00,Escalated,51.0,0,I am tired of waiting for a response.,2
TKT-00358,CUST-1130,Technical Support,Bug Report,High,David,Web Form,2025-09-07,2025-09-08 00:00:00,2025-09-10 00:00:00,Closed,72.0,0,I want to cancel if this is not resolved today.,3
TKT-00359,CUST-1997,Product Support,Login Issue,Medium,Noah,Phone,2025-10-12,2025-10-14 00:00:00,2025-10-13 22:00:00,Closed,46.0,0,I would like an update on my ticket.,3
TKT-00360,CUST-1117,Account Management,Payment Failure,Low,Liam,Web Form,2025-08-11,2025-08-14 00:00:00,2025-08-14 12:00:00,Closed,84.0,1,I want to cancel if this is not resolved today.,2
TKT-00361,CUST-1660,Product Support,Product Question,Medium,Noah,Web Form,2025-04-01,2025-04-03 00:00:00,2025-04-03 11:00:00,Closed,59.0,1,I am tired of waiting for a response.,2
TKT-00362,CUST-1583,Billing,Login Issue,Low,Mia,Email,2025-03-17,2025-03-20 00:00:00,2025-03-18 23:00:00,Closed,47.0,0,I am having an issue and need assistance.,4
TKT-00363,CUST-1720,Shipping,Payment Failure,High,David,Email,2025-10-26,2025-10-27 00:00:00,,Open,,0,I have contacted support multiple times and nobody has helped me.,1
TKT-00364,CUST-1142,Product Support,Bug Report,Low,Priya,Email,2025-05-01,2025-05-04 00:00:00,2025-05-05 01:00:00,Closed,97.0,0,Can you check the status of my request?,4
TKT-00365,CUST-1086,Technical Support,Payment Failure,High,David,Web Form,2025-03-20,2025-03-21 00:00:00,2025-03-20 18:00:00,Closed,18.0,0,This issue is affecting my work and I am unhappy.,1
TKT-00366,CUST-1867,Technical Support,Payment Failure,High,Sarah,Chat,2025-08-21,2025-08-22 00:00:00,2025-08-23 07:00:00,Closed,55.0,0,I would like an update on my ticket.,4
TKT-00367,CUST-1476,Technical Support,Subscription Cancellation,Medium,David,Email,2025-01-20,2025-01-22 00:00:00,2025-01-23 04:00:00,Closed,76.0,4,Thank you for the update.,5
TKT-00368,CUST-1464,Product Support,Login Issue,Medium,Noah,Chat,2025-08-30,2025-09-01 00:00:00,2025-09-02 05:00:00,Closed,77.0,3,I need help with my account.,4
TKT-00369,CUST-1062,Product Support,Product Question,Medium,David,Web Form,2025-06-30,2025-07-02 00:00:00,2025-07-01 21:00:00,Closed,45.0,1,I would like an update on my ticket.,4
TKT-00370,CUST-1281,Account Management,Late Delivery,Medium,Priya,Email,2025-05-27,2025-05-29 00:00:00,2025-05-27 18:00:00,Closed,18.0,2,I would like an update on my ticket.,4
TKT-00371,CUST-1351,Shipping,Refund Delay,High,Mia,Chat,2025-12-04,2025-12-05 00:00:00,,Open,,0,I would like an update on my ticket.,3
TKT-00372,CUST-1270,Billing,Late Delivery,Medium,Mia,Web Form,2025-07-31,2025-08-02 00:00:00,2025-08-02 14:00:00,Closed,62.0,1,I have contacted support multiple times and nobody has helped me.,3
TKT-00373,CUST-1949,Billing,Refund Delay,Low,Sarah,Web Form,2025-06-04,2025-06-07 00:00:00,2025-06-08 21:00:00,Closed,117.0,0,I have contacted support multiple times and nobody has helped me.,2
TKT-00374,CUST-1472,Account Management,Payment Failure,Medium,Ava,Email,2025-09-30,2025-10-02 00:00:00,2025-10-02 15:00:00,Closed,63.0,0,Thank you for the update.,5
TKT-00375,CUST-1257,Technical Support,Account Verification,Medium,Mia,Phone,2025-10-08,2025-10-10 00:00:00,2025-10-09 10:00:00,Closed,34.0,0,Can you check the status of my request?,4
TKT-00376,CUST-1917,Technical Support,Refund Delay,Low,Noah,Email,2025-11-01,2025-11-04 00:00:00,2025-11-04 00:00:00,Closed,72.0,1,I want to cancel if this is not resolved today.,1
TKT-00377,CUST-1397,Billing,Late Delivery,Medium,Ethan,Email,2025-11-24,2025-11-26 00:00:00,2025-11-26 09:00:00,Closed,57.0,2,I need help with my account.,4
TKT-00378,CUST-1628,Shipping,Refund Delay,Medium,Priya,Chat,2025-08-14,2025-08-16 00:00:00,2025-08-17 11:00:00,Closed,83.0,0,Please help me understand what happened.,3
TKT-00379,CUST-1272,Billing,Product Question,High,Noah,Email,2025-02-07,2025-02-08 00:00:00,,Open,,0,I need help with my account.,4
TKT-00380,CUST-1580,Technical Support,Bug Report,High,Ava,Web Form,2025-09-02,2025-09-03 00:00:00,2025-09-05 22:00:00,Closed,94.0,4,This issue is affecting my work and I am unhappy.,1
TKT-00381,CUST-1567,Product Support,Bug Report,Medium,Priya,Web Form,2025-01-29,2025-01-31 00:00:00,,Open,,2,Can you check the status of my request?,3
TKT-00382,CUST-1500,Billing,Payment Failure,Medium,Priya,Web Form,2025-02-24,2025-02-26 00:00:00,2025-02-27 08:00:00,Closed,80.0,0,I want to cancel if this is not resolved today.,1
TKT-00383,CUST-1826,Account Management,Login Issue,High,Priya,Web Form,2025-10-01,2025-10-02 00:00:00,2025-10-01 06:00:00,Closed,6.0,2,Thanks for helping me with this issue.,4
TKT-00384,CUST-1176,Product Support,Product Question,Critical,Mia,Chat,2025-02-06,2025-02-06 08:00:00,2025-02-06 03:00:00,Closed,3.0,3,The support team has been helpful so far.,4
TKT-00385,CUST-1345,Billing,Subscription Cancellation,High,Noah,Web Form,2025-11-09,2025-11-10 00:00:00,2025-11-11 15:00:00,Closed,63.0,2,Can you check the status of my request?,4
TKT-00386,CUST-1449,Account Management,Bug Report,Low,Mia,Phone,2025-04-20,2025-04-23 00:00:00,2025-04-21 04:00:00,Closed,28.0,2,I appreciate the quick response.,4
TKT-00387,CUST-1211,Technical Support,Refund Delay,Low,Sarah,Chat,2025-01-09,2025-01-12 00:00:00,2025-01-12 21:00:00,Closed,93.0,1,Please help me understand what happened.,3
TKT-00388,CUST-1428,Technical Support,Subscription Cancellation,Medium,Sarah,Chat,2025-03-31,2025-04-02 00:00:00,2025-04-01 07:00:00,Closed,31.0,0,I am tired of waiting for a response.,2
TKT-00389,CUST-1180,Billing,Account Verification,Low,Noah,Phone,2025-10-04,2025-10-07 00:00:00,2025-10-08 01:00:00,Closed,97.0,2,Please help me understand what happened.,4
TKT-00390,CUST-1527,Technical Support,Refund Delay,Low,David,Phone,2025-04-18,2025-04-21 00:00:00,,Open,,4,Thanks for helping me with this issue.,5
TKT-00391,CUST-1912,Billing,Login Issue,High,Ethan,Phone,2025-08-03,2025-08-04 00:00:00,2025-08-04 08:00:00,Closed,32.0,0,Can you check the status of my request?,4
TKT-00392,CUST-1207,Technical Support,Login Issue,Medium,Ethan,Email,2025-08-12,2025-08-14 00:00:00,2025-08-13 20:00:00,Closed,44.0,0,I am tired of waiting for a response.,2
TKT-00393,CUST-1808,Shipping,Late Delivery,Low,Ava,Phone,2025-03-11,2025-03-14 00:00:00,2025-03-12 02:00:00,Closed,26.0,0,I want to cancel if this is not resolved today.,1
TKT-00394,CUST-1253,Product Support,Late Delivery,Medium,Liam,Email,2025-07-30,2025-08-01 00:00:00,2025-08-01 22:00:00,Closed,70.0,2,Please help me understand what happened.,3
TKT-00395,CUST-1507,Shipping,Payment Failure,Medium,Mia,Email,2025-08-02,2025-08-04 00:00:00,2025-08-02 13:00:00,Closed,13.0,1,I need help with my account.,4
TKT-00396,CUST-1878,Technical Support,Login Issue,Medium,Ava,Web Form,2025-04-22,2025-04-24 00:00:00,2025-04-25 05:00:00,Escalated,77.0,0,Can you check the status of my request?,4
TKT-00397,CUST-1914,Product Support,Refund Delay,Critical,Ethan,Chat,2025-12-27,2025-12-27 08:00:00,2025-12-29 05:00:00,Closed,53.0,1,I have contacted support multiple times and nobody has helped me.,2
TKT-00398,CUST-1374,Shipping,Refund Delay,Medium,Priya,Chat,2025-12-17,2025-12-19 00:00:00,2025-12-20 02:00:00,Escalated,74.0,1,I have contacted support multiple times and nobody has helped me.,2
TKT-00399,CUST-1214,Account Management,Refund Delay,Medium,Mia,Email,2025-10-15,2025-10-17 00:00:00,2025-10-17 02:00:00,Closed,50.0,1,I want to cancel if this is not resolved today.,3
TKT-00400,CUST-1462,Technical Support,Bug Report,Medium,Priya,Web Form,2025-05-22,2025-05-24 00:00:00,2025-05-24 09:00:00,Closed,57.0,2,I would like an update on my ticket.,4
TKT-00401,CUST-1508,Product Support,Bug Report,High,Noah,Chat,2025-08-23,2025-08-24 00:00:00,2025-08-24 22:00:00,Escalated,46.0,0,Thanks for helping me with this issue.,4
TKT-00402,CUST-1854,Technical Support,Account Verification,Medium,Ava,Phone,2025-08-02,2025-08-04 00:00:00,,Open,,0,I need help with my account.,3
TKT-00403,CUST-1232,Product Support,Bug Report,Medium,David,Phone,2025-09-06,2025-09-08 00:00:00,2025-09-10 01:00:00,Closed,97.0,0,This is very frustrating and I need this fixed immediately.,2
TKT-00404,CUST-1243,Account Management,Bug Report,Critical,Ava,Chat,2025-06-30,2025-06-30 08:00:00,2025-07-01 18:00:00,Closed,42.0,0,The support team has been helpful so far.,4
TKT-00405,CUST-1124,Billing,Refund Delay,Critical,Mia,Web Form,2025-05-14,2025-05-14 08:00:00,2025-05-15 23:00:00,Escalated,47.0,0,Can you check the status of my request?,4
TKT-00406,CUST-1818,Billing,Payment Failure,Critical,Mia,Web Form,2025-06-13,2025-06-13 08:00:00,2025-06-15 08:00:00,Closed,56.0,2,I am having an issue and need assistance.,3
TKT-00407,CUST-1334,Product Support,Product Question,Medium,Noah,Web Form,2025-01-21,2025-01-23 00:00:00,2025-01-24 06:00:00,Closed,78.0,1,I am having an issue and need assistance.,3
TKT-00408,CUST-1930,Billing,Account Verification,Medium,Liam,Phone,2025-04-11,2025-04-13 00:00:00,2025-04-13 05:00:00,Escalated,53.0,0,I would like an update on my ticket.,3
TKT-00409,CUST-1745,Shipping,Payment Failure,Low,Sarah,Phone,2025-07-17,2025-07-20 00:00:00,2025-07-19 11:00:00,Closed,59.0,5,I have contacted support multiple times and nobody has helped me.,1
TKT-00410,CUST-1067,Account Management,Payment Failure,High,Priya,Chat,2025-08-06,2025-08-07 00:00:00,2025-08-08 09:00:00,Closed,57.0,0,I want to cancel if this is not resolved today.,2
TKT-00411,CUST-1842,Product Support,Payment Failure,Low,Sarah,Phone,2025-08-01,2025-08-04 00:00:00,2025-08-02 10:00:00,Closed,34.0,2,Please help me understand what happened.,3
TKT-00412,CUST-1183,Shipping,Subscription Cancellation,Medium,Ethan,Chat,2025-01-14,2025-01-16 00:00:00,2025-01-15 03:00:00,Escalated,27.0,2,I am having an issue and need assistance.,4
TKT-00413,CUST-1524,Account Management,Account Verification,Low,Priya,Web Form,2025-02-04,2025-02-07 00:00:00,2025-02-08 18:00:00,Closed,114.0,0,I need help with my account.,4
TKT-00414,CUST-1296,Product Support,Refund Delay,High,Mia,Email,2025-03-16,2025-03-17 00:00:00,2025-03-19 07:00:00,Closed,79.0,0,I am having an issue and need assistance.,3
TKT-00415,CUST-1547,Shipping,Login Issue,Medium,Mia,Email,2025-11-03,2025-11-05 00:00:00,,Open,,1,I am having an issue and need assistance.,3
TKT-00416,CUST-1851,Product Support,Bug Report,High,Ava,Chat,2025-09-23,2025-09-24 00:00:00,2025-09-26 02:00:00,Closed,74.0,3,The support team has been helpful so far.,4
TKT-00417,CUST-1176,Technical Support,Login Issue,Medium,Noah,Email,2025-03-09,2025-03-11 00:00:00,2025-03-12 12:00:00,Closed,84.0,0,I want to cancel if this is not resolved today.,2
TKT-00418,CUST-1019,Shipping,Refund Delay,High,Noah,Chat,2025-03-07,2025-03-08 00:00:00,2025-03-08 13:00:00,Closed,37.0,0,I need help with my account.,3
TKT-00419,CUST-1801,Account Management,Payment Failure,Low,Noah,Email,2025-12-04,2025-12-07 00:00:00,2025-12-07 05:00:00,Escalated,77.0,0,I need help with my account.,3
TKT-00420,CUST-1517,Billing,Account Verification,Medium,Liam,Chat,2025-12-10,2025-12-12 00:00:00,2025-12-12 10:00:00,Escalated,58.0,0,Thank you for the update.,4
TKT-00421,CUST-1486,Product Support,Login Issue,Low,Ava,Chat,2025-04-09,2025-04-12 00:00:00,2025-04-11 00:00:00,Closed,48.0,2,I want to cancel if this is not resolved today.,3
TKT-00422,CUST-1112,Shipping,Late Delivery,Medium,Noah,Chat,2025-07-01,2025-07-03 00:00:00,2025-07-03 14:00:00,Closed,62.0,0,I have contacted support multiple times and nobody has helped me.,2
TKT-00423,CUST-1231,Product Support,Late Delivery,Medium,David,Phone,2025-10-13,2025-10-15 00:00:00,2025-10-13 18:00:00,Closed,18.0,0,I am having an issue and need assistance.,4
TKT-00424,CUST-1122,Product Support,Payment Failure,Medium,Sarah,Chat,2025-02-05,2025-02-07 00:00:00,2025-02-07 07:00:00,Escalated,55.0,1,The issue was handled well.,4
TKT-00425,CUST-1285,Technical Support,Payment Failure,Medium,Noah,Chat,2025-02-03,2025-02-05 00:00:00,,Open,,0,Please help me understand what happened.,4
TKT-00426,CUST-1509,Product Support,Subscription Cancellation,High,Sarah,Phone,2025-09-01,2025-09-02 00:00:00,2025-09-02 11:00:00,Closed,35.0,2,I appreciate the quick response.,5
TKT-00427,CUST-1811,Technical Support,Late Delivery,Low,Ava,Email,2025-09-13,2025-09-16 00:00:00,2025-09-13 23:00:00,Closed,23.0,1,I want to cancel if this is not resolved today.,2
TKT-00428,CUST-1460,Account Management,Account Verification,Medium,Ethan,Web Form,2025-09-16,2025-09-18 00:00:00,2025-09-20 06:00:00,Closed,102.0,2,I have contacted support multiple times and nobody has helped me.,2
TKT-00429,CUST-1582,Shipping,Payment Failure,Medium,Ava,Email,2025-04-01,2025-04-03 00:00:00,2025-04-02 22:00:00,Closed,46.0,0,This issue is affecting my work and I am unhappy.,1
TKT-00430,CUST-1028,Account Management,Product Question,Medium,Mia,Email,2025-07-20,2025-07-22 00:00:00,2025-07-22 23:00:00,Closed,71.0,0,I am tired of waiting for a response.,1
TKT-00431,CUST-1240,Product Support,Refund Delay,Low,David,Phone,2025-10-26,2025-10-29 00:00:00,2025-10-27 12:00:00,Closed,36.0,0,Can you check the status of my request?,3
TKT-00432,CUST-1923,Shipping,Login Issue,High,Noah,Phone,2025-02-28,2025-03-01 00:00:00,2025-02-28 05:00:00,Closed,5.0,1,I want to cancel if this is not resolved today.,3
TKT-00433,CUST-1514,Account Management,Subscription Cancellation,Low,Ethan,Email,2025-06-12,2025-06-15 00:00:00,,Open,,0,I am having an issue and need assistance.,4
TKT-00434,CUST-1823,Shipping,Late Delivery,Medium,David,Web Form,2025-04-14,2025-04-16 00:00:00,2025-04-14 17:00:00,Closed,17.0,0,I would like an update on my ticket.,4
TKT-00435,CUST-1443,Technical Support,Login Issue,High,Noah,Phone,2025-05-20,2025-05-21 00:00:00,2025-05-23 02:00:00,Closed,74.0,0,I appreciate the quick response.,5
TKT-00436,CUST-1218,Product Support,Bug Report,Low,Sarah,Phone,2025-11-16,2025-11-19 00:00:00,2025-11-20 17:00:00,Closed,113.0,2,I want to cancel if this is not resolved today.,2
TKT-00437,CUST-1326,Account Management,Subscription Cancellation,Critical,Sarah,Email,2025-09-25,2025-09-25 08:00:00,2025-09-25 11:00:00,Closed,11.0,2,This issue is affecting my work and I am unhappy.,2
TKT-00438,CUST-1497,Billing,Account Verification,High,Priya,Phone,2025-11-27,2025-11-28 00:00:00,2025-11-30 06:00:00,Closed,78.0,0,I am having an issue and need assistance.,4
TKT-00439,CUST-1801,Product Support,Payment Failure,Medium,Ava,Chat,2025-03-23,2025-03-25 00:00:00,,Open,,0,I need help with my account.,4
TKT-00440,CUST-1584,Billing,Refund Delay,High,Noah,Phone,2025-11-05,2025-11-06 00:00:00,2025-11-07 17:00:00,Closed,65.0,2,This is very frustrating and I need this fixed immediately.,1
TKT-00441,CUST-1223,Product Support,Login Issue,Medium,Priya,Web Form,2025-02-16,2025-02-18 00:00:00,2025-02-16 23:00:00,Closed,23.0,1,Can you check the status of my request?,4
TKT-00442,CUST-1986,Technical Support,Login Issue,Low,Priya,Web Form,2025-07-29,2025-08-01 00:00:00,2025-07-31 11:00:00,Closed,59.0,0,Please help me understand what happened.,3
TKT-00443,CUST-1316,Shipping,Late Delivery,Medium,David,Phone,2025-01-11,2025-01-13 00:00:00,2025-01-11 12:00:00,Closed,12.0,2,I would like an update on my ticket.,4
TKT-00444,CUST-1937,Shipping,Login Issue,Medium,Liam,Web Form,2025-07-18,2025-07-20 00:00:00,2025-07-20 10:00:00,Closed,58.0,2,Can you check the status of my request?,3
TKT-00445,CUST-1715,Account Management,Bug Report,High,Sarah,Email,2025-05-21,2025-05-22 00:00:00,2025-05-23 20:00:00,Closed,68.0,0,I have contacted support multiple times and nobody has helped me.,1
TKT-00446,CUST-1643,Shipping,Login Issue,Medium,David,Web Form,2025-12-22,2025-12-24 00:00:00,2025-12-22 14:00:00,Closed,14.0,2,The issue was handled well.,4
TKT-00447,CUST-1177,Shipping,Bug Report,Medium,Noah,Chat,2025-05-08,2025-05-10 00:00:00,2025-05-10 09:00:00,Escalated,57.0,1,This is very frustrating and I need this fixed immediately.,2
TKT-00448,CUST-1626,Product Support,Bug Report,High,Liam,Email,2025-08-01,2025-08-02 00:00:00,,Open,,0,I want to cancel if this is not resolved today.,3
TKT-00449,CUST-1014,Technical Support,Login Issue,Critical,Liam,Phone,2025-12-26,2025-12-26 08:00:00,2025-12-28 04:00:00,Closed,52.0,0,I would like an update on my ticket.,3
TKT-00450,CUST-1843,Product Support,Payment Failure,High,Ethan,Web Form,2025-03-02,2025-03-03 00:00:00,2025-03-02 16:00:00,Closed,16.0,1,The support team has been helpful so far.,4
TKT-00451,CUST-1136,Shipping,Account Verification,Medium,Sarah,Chat,2025-01-15,2025-01-17 00:00:00,2025-01-17 08:00:00,Closed,56.0,1,I need help with my account.,4
TKT-00452,CUST-1005,Shipping,Payment Failure,Medium,Sarah,Web Form,2025-11-02,2025-11-04 00:00:00,2025-11-02 17:00:00,Closed,17.0,4,I am having an issue and need assistance.,3
TKT-00453,CUST-1091,Shipping,Payment Failure,Medium,Sarah,Phone,2025-03-09,2025-03-11 00:00:00,2025-03-09 13:00:00,Closed,13.0,1,This issue is affecting my work and I am unhappy.,1
TKT-00454,CUST-1529,Shipping,Payment Failure,Low,Noah,Phone,2025-01-23,2025-01-26 00:00:00,,Open,,4,I am having an issue and need assistance.,4
TKT-00455,CUST-1722,Shipping,Payment Failure,High,David,Web Form,2025-03-19,2025-03-20 00:00:00,2025-03-19 07:00:00,Closed,7.0,0,I appreciate the quick response.,4
TKT-00456,CUST-1095,Account Management,Payment Failure,Low,Ethan,Email,2025-08-15,2025-08-18 00:00:00,2025-08-17 09:00:00,Closed,57.0,3,I have contacted support multiple times and nobody has helped me.,2
TKT-00457,CUST-1693,Technical Support,Subscription Cancellation,Low,Mia,Phone,2025-10-16,2025-10-19 00:00:00,,Open,,0,This is very frustrating and I need this fixed immediately.,2
TKT-00458,CUST-1608,Billing,Bug Report,Low,Noah,Web Form,2025-07-11,2025-07-14 00:00:00,2025-07-15 07:00:00,Closed,103.0,2,Please help me understand what happened.,4
TKT-00459,CUST-1390,Billing,Bug Report,Critical,Ethan,Phone,2025-10-19,2025-10-19 08:00:00,2025-10-21 14:00:00,Closed,62.0,2,I want to cancel if this is not resolved today.,3
TKT-00460,CUST-1502,Billing,Payment Failure,Medium,Liam,Web Form,2025-02-15,2025-02-17 00:00:00,2025-02-17 02:00:00,Closed,50.0,2,I need help with my account.,4
TKT-00461,CUST-1092,Account Management,Subscription Cancellation,High,Mia,Phone,2025-12-07,2025-12-08 00:00:00,2025-12-08 12:00:00,Closed,36.0,3,I would like an update on my ticket.,4
TKT-00462,CUST-1297,Account Management,Bug Report,Medium,Sarah,Web Form,2025-02-17,2025-02-19 00:00:00,2025-02-21 06:00:00,Closed,102.0,1,The issue was handled well.,4
TKT-00463,CUST-1525,Account Management,Payment Failure,Low,Ethan,Phone,2025-03-18,2025-03-21 00:00:00,2025-03-19 04:00:00,Closed,28.0,0,Thanks for helping me with this issue.,4
TKT-00464,CUST-1046,Billing,Payment Failure,Medium,Ethan,Phone,2025-07-01,2025-07-03 00:00:00,2025-07-01 22:00:00,Closed,22.0,1,The support team has been helpful so far.,5
TKT-00465,CUST-1764,Billing,Payment Failure,High,Priya,Phone,2025-10-28,2025-10-29 00:00:00,2025-10-30 09:00:00,Escalated,57.0,3,Can you check the status of my request?,3
TKT-00466,CUST-1310,Product Support,Subscription Cancellation,High,Noah,Web Form,2025-10-01,2025-10-02 00:00:00,2025-10-02 05:00:00,Closed,29.0,1,Please help me understand what happened.,4
TKT-00467,CUST-1492,Product Support,Bug Report,Medium,Sarah,Phone,2025-02-14,2025-02-16 00:00:00,,Open,,1,I need help with my account.,3
TKT-00468,CUST-1020,Technical Support,Account Verification,Medium,Liam,Email,2025-06-04,2025-06-06 00:00:00,2025-06-05 17:00:00,Closed,41.0,0,This issue is affecting my work and I am unhappy.,2
TKT-00469,CUST-1037,Account Management,Account Verification,Low,Sarah,Email,2025-06-20,2025-06-23 00:00:00,,Open,,2,I would like an update on my ticket.,4
TKT-00470,CUST-1506,Account Management,Payment Failure,Medium,Ethan,Chat,2025-02-01,2025-02-03 00:00:00,2025-02-01 10:00:00,Closed,10.0,0,Please help me understand what happened.,3
TKT-00471,CUST-1873,Product Support,Bug Report,Medium,Sarah,Email,2025-03-24,2025-03-26 00:00:00,2025-03-26 06:00:00,Closed,54.0,0,I am tired of waiting for a response.,3
TKT-00472,CUST-1177,Account Management,Late Delivery,High,Sarah,Web Form,2025-12-11,2025-12-12 00:00:00,2025-12-13 07:00:00,Closed,55.0,0,This issue is affecting my work and I am unhappy.,1
TKT-00473,CUST-1826,Technical Support,Late Delivery,Medium,Noah,Web Form,2025-09-10,2025-09-12 00:00:00,2025-09-11 18:00:00,Closed,42.0,0,Can you check the status of my request?,3
TKT-00474,CUST-1723,Billing,Bug Report,Medium,Liam,Email,2025-10-15,2025-10-17 00:00:00,,Open,,2,Can you check the status of my request?,3
TKT-00475,CUST-1745,Billing,Product Question,High,Noah,Email,2025-11-09,2025-11-10 00:00:00,2025-11-12 04:00:00,Closed,76.0,1,I am tired of waiting for a response.,1
TKT-00476,CUST-1854,Shipping,Product Question,High,Ethan,Email,2025-03-20,2025-03-21 00:00:00,2025-03-22 08:00:00,Closed,56.0,0,I have contacted support multiple times and nobody has helped me.,1
TKT-00477,CUST-1423,Account Management,Bug Report,Medium,Mia,Email,2025-05-17,2025-05-19 00:00:00,,Open,,1,This is very frustrating and I need this fixed immediately.,2
TKT-00478,CUST-1062,Account Management,Product Question,Critical,David,Email,2025-08-15,2025-08-15 08:00:00,2025-08-16 11:00:00,Escalated,35.0,0,Can you check the status of my request?,4
TKT-00479,CUST-1008,Account Management,Refund Delay,Medium,Mia,Email,2025-11-20,2025-11-22 00:00:00,2025-11-23 09:00:00,Closed,81.0,1,I am having an issue and need assistance.,4
TKT-00480,CUST-1399,Shipping,Late Delivery,High,Ethan,Chat,2025-10-06,2025-10-07 00:00:00,,Open,,3,Thank you for the update.,5
TKT-00481,CUST-1749,Technical Support,Subscription Cancellation,Low,Priya,Phone,2025-11-22,2025-11-25 00:00:00,2025-11-24 06:00:00,Closed,54.0,2,Please help me understand what happened.,3
TKT-00482,CUST-1915,Billing,Bug Report,Medium,David,Email,2025-01-25,2025-01-27 00:00:00,2025-01-29 05:00:00,Escalated,101.0,2,I want to cancel if this is not resolved today.,3
TKT-00483,CUST-1728,Product Support,Account Verification,Medium,Priya,Chat,2025-07-13,2025-07-15 00:00:00,2025-07-15 15:00:00,Closed,63.0,2,I need help with my account.,3
TKT-00484,CUST-1892,Account Management,Payment Failure,Low,Ava,Web Form,2025-03-08,2025-03-11 00:00:00,2025-03-11 00:00:00,Closed,72.0,1,I would like an update on my ticket.,4
TKT-00485,CUST-1120,Shipping,Product Question,Medium,Ethan,Web Form,2025-08-02,2025-08-04 00:00:00,2025-08-03 02:00:00,Closed,26.0,1,I want to cancel if this is not resolved today.,3
TKT-00486,CUST-1383,Technical Support,Product Question,Medium,Mia,Phone,2025-03-02,2025-03-04 00:00:00,2025-03-05 03:00:00,Closed,75.0,0,I appreciate the quick response.,5
TKT-00487,CUST-1069,Shipping,Subscription Cancellation,Medium,Mia,Chat,2025-10-29,2025-10-31 00:00:00,2025-10-29 14:00:00,Closed,14.0,2,I need help with my account.,4
TKT-00488,CUST-1887,Billing,Payment Failure,Medium,Priya,Web Form,2025-06-22,2025-06-24 00:00:00,2025-06-25 04:00:00,Closed,76.0,1,Please help me understand what happened.,3
TKT-00489,CUST-1724,Shipping,Login Issue,High,Sarah,Web Form,2025-04-30,2025-05-01 00:00:00,2025-05-01 14:00:00,Escalated,38.0,3,I have contacted support multiple times and nobody has helped me.,1
TKT-00490,CUST-1985,Billing,Subscription Cancellation,Medium,Noah,Email,2025-04-09,2025-04-11 00:00:00,,Open,,1,Thank you for the update.,4
TKT-00491,CUST-1880,Billing,Subscription Cancellation,High,Liam,Web Form,2025-02-13,2025-02-14 00:00:00,,Open,,0,Please help me understand what happened.,3
TKT-00492,CUST-1060,Product Support,Bug Report,Medium,Noah,Email,2025-02-20,2025-02-22 00:00:00,2025-02-21 18:00:00,Closed,42.0,0,Please help me understand what happened.,3
TKT-00493,CUST-1207,Product Support,Bug Report,Low,Ava,Phone,2025-07-19,2025-07-22 00:00:00,2025-07-21 12:00:00,Closed,60.0,0,I have contacted support multiple times and nobody has helped me.,1
TKT-00494,CUST-1567,Technical Support,Account Verification,Medium,Sarah,Email,2025-05-18,2025-05-20 00:00:00,2025-05-21 05:00:00,Closed,77.0,1,I have contacted support multiple times and nobody has helped me.,2
TKT-00495,CUST-1550,Product Support,Login Issue,Low,Mia,Phone,2025-10-18,2025-10-21 00:00:00,2025-10-20 16:00:00,Closed,64.0,4,Can you check the status of my request?,3
TKT-00496,CUST-1599,Account Management,Product Question,Low,Ethan,Phone,2025-12-01,2025-12-04 00:00:00,2025-12-02 09:00:00,Closed,33.0,0,I am having an issue and need assistance.,3
TKT-00497,CUST-1516,Product Support,Subscription Cancellation,Low,Noah,Phone,2025-02-15,2025-02-18 00:00:00,,Open,,5,This is very frustrating and I need this fixed immediately.,3
TKT-00498,CUST-1004,Shipping,Bug Report,Medium,Ethan,Phone,2025-05-06,2025-05-08 00:00:00,2025-05-09 06:00:00,Closed,78.0,3,Thanks for helping me with this issue.,5
TKT-00499,CUST-1396,Billing,Late Delivery,Medium,Ethan,Web Form,2025-10-03,2025-10-05 00:00:00,2025-10-04 11:00:00,Closed,35.0,0,I want to cancel if this is not resolved today.,2
TKT-00500,CUST-1827,Technical Support,Refund Delay,Low,David,Chat,2025-08-16,2025-08-19 00:00:00,2025-08-18 09:00:00,Closed,57.0,2,I would like an update on my ticket.,4
TKT-00501,CUST-1565,Technical Support,Account Verification,Critical,David,Email,2025-05-24,2025-05-24 08:00:00,2025-05-27 00:00:00,Closed,72.0,3,Please help me understand what happened.,3
TKT-00502,CUST-1694,Technical Support,Late Delivery,Low,Mia,Email,2025-03-07,2025-03-10 00:00:00,,Open,,0,I have contacted support multiple times and nobody has helped me.,3
TKT-00503,CUST-1905,Product Support,Subscription Cancellation,Medium,Ethan,Email,2025-08-07,2025-08-09 00:00:00,2025-08-09 01:00:00,Closed,49.0,1,I am having an issue and need assistance.,3
TKT-00504,CUST-1939,Technical Support,Refund Delay,Medium,Sarah,Web Form,2025-06-11,2025-06-13 00:00:00,,Open,,5,Please help me understand what happened.,3
TKT-00505,CUST-1110,Technical Support,Account Verification,Low,Priya,Email,2025-11-17,2025-11-20 00:00:00,2025-11-19 13:00:00,Closed,61.0,1,I am having an issue and need assistance.,3
TKT-00506,CUST-1386,Account Management,Account Verification,Critical,Ava,Phone,2025-09-24,2025-09-24 08:00:00,2025-09-26 14:00:00,Closed,62.0,0,Thanks for helping me with this issue.,4
TKT-00507,CUST-1098,Shipping,Login Issue,High,Ava,Web Form,2025-01-29,2025-01-30 00:00:00,2025-01-29 08:00:00,Closed,8.0,1,Please help me understand what happened.,4
TKT-00508,CUST-1336,Product Support,Payment Failure,Low,Ava,Web Form,2025-07-16,2025-07-19 00:00:00,2025-07-18 23:00:00,Closed,71.0,4,This issue is affecting my work and I am unhappy.,3
TKT-00509,CUST-1140,Product Support,Account Verification,Low,Ava,Email,2025-10-31,2025-11-03 00:00:00,2025-11-02 04:00:00,Closed,52.0,1,Can you check the status of my request?,3
TKT-00510,CUST-1058,Billing,Refund Delay,Low,Sarah,Phone,2025-06-09,2025-06-12 00:00:00,2025-06-13 21:00:00,Closed,117.0,0,I need help with my account.,3
TKT-00511,CUST-1630,Technical Support,Refund Delay,Medium,Liam,Chat,2025-11-24,2025-11-26 00:00:00,2025-11-26 16:00:00,Closed,64.0,5,I am having an issue and need assistance.,4
TKT-00512,CUST-1826,Shipping,Payment Failure,Medium,Noah,Web Form,2025-01-22,2025-01-24 00:00:00,2025-01-23 12:00:00,Closed,36.0,1,Please help me understand what happened.,4
TKT-00513,CUST-1998,Account Management,Account Verification,Medium,Ava,Phone,2025-01-06,2025-01-08 00:00:00,2025-01-08 17:00:00,Closed,65.0,0,I am having an issue and need assistance.,3
TKT-00514,CUST-1140,Billing,Account Verification,Low,Mia,Chat,2025-05-15,2025-05-18 00:00:00,2025-05-17 09:00:00,Closed,57.0,3,I have contacted support multiple times and nobody has helped me.,3
TKT-00515,CUST-1899,Account Management,Login Issue,Medium,Liam,Phone,2025-08-22,2025-08-24 00:00:00,2025-08-24 07:00:00,Closed,55.0,4,I want to cancel if this is not resolved today.,2
TKT-00516,CUST-1874,Billing,Login Issue,Low,Mia,Chat,2025-04-09,2025-04-12 00:00:00,2025-04-12 22:00:00,Closed,94.0,5,I need help with my account.,3
TKT-00517,CUST-1809,Product Support,Subscription Cancellation,High,David,Chat,2025-01-28,2025-01-29 00:00:00,2025-01-30 10:00:00,Escalated,58.0,3,I need help with my account.,4
TKT-00518,CUST-1274,Product Support,Login Issue,Low,Sarah,Phone,2025-09-13,2025-09-16 00:00:00,2025-09-16 06:00:00,Closed,78.0,1,Please help me understand what happened.,4
TKT-00519,CUST-1957,Product Support,Payment Failure,Medium,Ava,Chat,2025-04-23,2025-04-25 00:00:00,2025-04-25 17:00:00,Closed,65.0,0,I want to cancel if this is not resolved today.,1
TKT-00520,CUST-1478,Shipping,Subscription Cancellation,Medium,Mia,Email,2025-06-01,2025-06-03 00:00:00,2025-06-04 02:00:00,Closed,74.0,1,Please help me understand what happened.,4
TKT-00521,CUST-1862,Account Management,Payment Failure,Medium,Ethan,Phone,2025-05-20,2025-05-22 00:00:00,2025-05-20 11:00:00,Closed,11.0,1,I need help with my account.,4
TKT-00522,CUST-1195,Product Support,Login Issue,High,Liam,Email,2025-03-02,2025-03-03 00:00:00,2025-03-02 06:00:00,Closed,6.0,0,I am having an issue and need assistance.,4
TKT-00523,CUST-1669,Product Support,Late Delivery,Critical,Priya,Email,2025-06-03,2025-06-03 08:00:00,2025-06-04 03:00:00,Escalated,27.0,2,I have contacted support multiple times and nobody has helped me.,2
TKT-00524,CUST-1439,Product Support,Late Delivery,High,Liam,Chat,2025-04-18,2025-04-19 00:00:00,,Open,,1,I am tired of waiting for a response.,1
TKT-00525,CUST-1702,Account Management,Account Verification,Medium,Ava,Phone,2025-03-13,2025-03-15 00:00:00,,Open,,2,Please help me understand what happened.,4
TKT-00526,CUST-1192,Account Management,Subscription Cancellation,Medium,Ava,Email,2025-03-13,2025-03-15 00:00:00,2025-03-15 02:00:00,Escalated,50.0,0,I would like an update on my ticket.,4
TKT-00527,CUST-1071,Account Management,Login Issue,Medium,Ethan,Phone,2025-02-17,2025-02-19 00:00:00,2025-02-17 21:00:00,Closed,21.0,1,Can you check the status of my request?,3
TKT-00528,CUST-1132,Account Management,Subscription Cancellation,Low,Priya,Email,2025-08-21,2025-08-24 00:00:00,2025-08-21 19:00:00,Closed,19.0,3,Can you check the status of my request?,3
TKT-00529,CUST-1601,Product Support,Payment Failure,Medium,Noah,Web Form,2025-04-16,2025-04-18 00:00:00,,Open,,1,Thank you for the update.,5
TKT-00530,CUST-1754,Technical Support,Product Question,Medium,Ava,Chat,2025-08-17,2025-08-19 00:00:00,2025-08-20 07:00:00,Closed,79.0,1,Please help me understand what happened.,3
TKT-00531,CUST-1932,Billing,Subscription Cancellation,Medium,Ethan,Phone,2025-12-25,2025-12-27 00:00:00,2025-12-28 03:00:00,Closed,75.0,3,This issue is affecting my work and I am unhappy.,2
TKT-00532,CUST-1078,Technical Support,Login Issue,Medium,Ava,Chat,2025-03-22,2025-03-24 00:00:00,2025-03-25 14:00:00,Escalated,86.0,0,I have contacted support multiple times and nobody has helped me.,2
TKT-00533,CUST-1406,Billing,Bug Report,Medium,Mia,Phone,2025-04-17,2025-04-19 00:00:00,2025-04-18 23:00:00,Closed,47.0,2,Please help me understand what happened.,3
TKT-00534,CUST-1861,Billing,Refund Delay,Medium,Mia,Phone,2025-12-10,2025-12-12 00:00:00,2025-12-14 05:00:00,Closed,101.0,2,Please help me understand what happened.,4
TKT-00535,CUST-1366,Technical Support,Late Delivery,High,Noah,Chat,2025-05-31,2025-06-01 00:00:00,2025-06-02 12:00:00,Closed,60.0,2,Can you check the status of my request?,4
TKT-00536,CUST-1951,Technical Support,Account Verification,High,Liam,Web Form,2025-12-23,2025-12-24 00:00:00,2025-12-26 06:00:00,Closed,78.0,1,The issue was handled well.,4
TKT-00537,CUST-1171,Technical Support,Bug Report,High,Liam,Email,2025-01-09,2025-01-10 00:00:00,2025-01-11 00:00:00,Closed,48.0,0,I have contacted support multiple times and nobody has helped me.,3
TKT-00538,CUST-1177,Technical Support,Refund Delay,Medium,Noah,Phone,2025-06-15,2025-06-17 00:00:00,2025-06-18 01:00:00,Escalated,73.0,0,I am having an issue and need assistance.,4
TKT-00539,CUST-1785,Billing,Payment Failure,Medium,Ava,Web Form,2025-04-19,2025-04-21 00:00:00,2025-04-21 12:00:00,Closed,60.0,0,This issue is affecting my work and I am unhappy.,2
TKT-00540,CUST-1650,Product Support,Product Question,Critical,Noah,Chat,2025-05-09,2025-05-09 08:00:00,2025-05-10 02:00:00,Closed,26.0,5,I am having an issue and need assistance.,3
TKT-00541,CUST-1755,Shipping,Product Question,Low,Ava,Web Form,2025-07-15,2025-07-18 00:00:00,2025-07-18 05:00:00,Closed,77.0,1,I am tired of waiting for a response.,1
TKT-00542,CUST-1756,Account Management,Account Verification,Medium,Ava,Chat,2025-07-11,2025-07-13 00:00:00,2025-07-13 17:00:00,Closed,65.0,0,I want to cancel if this is not resolved today.,2
TKT-00543,CUST-1622,Shipping,Late Delivery,Medium,Ava,Web Form,2025-11-28,2025-11-30 00:00:00,2025-11-28 11:00:00,Closed,11.0,0,The support team has been helpful so far.,4
TKT-00544,CUST-1519,Account Management,Bug Report,Low,Ava,Email,2025-09-09,2025-09-12 00:00:00,2025-09-10 10:00:00,Closed,34.0,0,Can you check the status of my request?,3
TKT-00545,CUST-1081,Billing,Payment Failure,High,Priya,Chat,2025-04-12,2025-04-13 00:00:00,2025-04-13 04:00:00,Closed,28.0,0,I am having an issue and need assistance.,4
TKT-00546,CUST-1874,Shipping,Payment Failure,Medium,Ethan,Web Form,2025-08-05,2025-08-07 00:00:00,,Open,,2,The issue was handled well.,5
TKT-00547,CUST-1200,Billing,Subscription Cancellation,Medium,Mia,Chat,2025-05-12,2025-05-14 00:00:00,2025-05-15 08:00:00,Closed,80.0,1,The support team has been helpful so far.,5
TKT-00548,CUST-1394,Technical Support,Account Verification,Low,David,Web Form,2025-07-27,2025-07-30 00:00:00,2025-07-31 08:00:00,Closed,104.0,5,Thanks for helping me with this issue.,4
TKT-00549,CUST-1489,Product Support,Late Delivery,Low,Sarah,Phone,2025-06-28,2025-07-01 00:00:00,2025-07-01 05:00:00,Closed,77.0,1,This is very frustrating and I need this fixed immediately.,1
TKT-00550,CUST-1789,Billing,Bug Report,Medium,Ava,Chat,2025-05-14,2025-05-16 00:00:00,2025-05-17 21:00:00,Closed,93.0,4,I have contacted support multiple times and nobody has helped me.,1
TKT-00551,CUST-1770,Billing,Payment Failure,Medium,Noah,Chat,2025-08-05,2025-08-07 00:00:00,2025-08-08 10:00:00,Escalated,82.0,1,I am having an issue and need assistance.,4
TKT-00552,CUST-1537,Billing,Login Issue,Medium,David,Chat,2025-05-18,2025-05-20 00:00:00,2025-05-20 14:00:00,Escalated,62.0,2,Thanks for helping me with this issue.,5
TKT-00553,CUST-1205,Account Management,Subscription Cancellation,High,Mia,Chat,2025-07-11,2025-07-12 00:00:00,2025-07-11 16:00:00,Closed,16.0,4,Can you check the status of my request?,3
TKT-00554,CUST-1599,Billing,Late Delivery,High,Liam,Phone,2025-07-29,2025-07-30 00:00:00,2025-07-31 17:00:00,Closed,65.0,0,I am having an issue and need assistance.,3
TKT-00555,CUST-1954,Technical Support,Product Question,Medium,Noah,Email,2025-02-01,2025-02-03 00:00:00,2025-02-01 15:00:00,Closed,15.0,2,I would like an update on my ticket.,4
TKT-00556,CUST-1894,Account Management,Product Question,High,Sarah,Phone,2025-07-09,2025-07-10 00:00:00,2025-07-11 08:00:00,Escalated,56.0,1,I need help with my account.,4
TKT-00557,CUST-1633,Shipping,Login Issue,Low,Sarah,Chat,2025-01-14,2025-01-17 00:00:00,2025-01-17 17:00:00,Closed,89.0,1,I am tired of waiting for a response.,2
TKT-00558,CUST-1356,Account Management,Payment Failure,Medium,Ava,Phone,2025-01-09,2025-01-11 00:00:00,2025-01-09 13:00:00,Closed,13.0,0,I would like an update on my ticket.,3
TKT-00559,CUST-1130,Account Management,Product Question,Critical,Noah,Web Form,2025-05-31,2025-05-31 08:00:00,,Open,,3,I want to cancel if this is not resolved today.,1
TKT-00560,CUST-1445,Account Management,Login Issue,Medium,Ethan,Chat,2025-08-17,2025-08-19 00:00:00,2025-08-19 21:00:00,Closed,69.0,0,I have contacted support multiple times and nobody has helped me.,1
TKT-00561,CUST-1814,Billing,Late Delivery,High,David,Web Form,2025-05-24,2025-05-25 00:00:00,2025-05-26 05:00:00,Closed,53.0,4,Please help me understand what happened.,3
TKT-00562,CUST-1348,Shipping,Account Verification,Critical,Noah,Phone,2025-07-13,2025-07-13 08:00:00,2025-07-15 14:00:00,Closed,62.0,0,I need help with my account.,3
TKT-00563,CUST-1789,Product Support,Account Verification,High,Noah,Phone,2025-03-07,2025-03-08 00:00:00,2025-03-09 09:00:00,Closed,57.0,1,This issue is affecting my work and I am unhappy.,2
TKT-00564,CUST-1696,Shipping,Late Delivery,Medium,Liam,Email,2025-07-22,2025-07-24 00:00:00,2025-07-25 04:00:00,Closed,76.0,2,Can you check the status of my request?,4
TKT-00565,CUST-1298,Account Management,Late Delivery,Medium,Mia,Email,2025-11-03,2025-11-05 00:00:00,2025-11-04 23:00:00,Closed,47.0,3,Can you check the status of my request?,4
TKT-00566,CUST-1561,Account Management,Refund Delay,Critical,David,Chat,2025-04-18,2025-04-18 08:00:00,2025-04-20 00:00:00,Closed,48.0,0,This is very frustrating and I need this fixed immediately.,1
TKT-00567,CUST-1134,Account Management,Bug Report,Medium,Ethan,Phone,2025-07-20,2025-07-22 00:00:00,2025-07-21 10:00:00,Closed,34.0,0,This issue is affecting my work and I am unhappy.,1
TKT-00568,CUST-1666,Shipping,Refund Delay,High,Priya,Web Form,2025-12-02,2025-12-03 00:00:00,,Open,,0,This is very frustrating and I need this fixed immediately.,3
TKT-00569,CUST-1444,Billing,Bug Report,High,Noah,Chat,2025-07-12,2025-07-13 00:00:00,2025-07-13 21:00:00,Closed,45.0,0,I am tired of waiting for a response.,3
TKT-00570,CUST-1885,Technical Support,Payment Failure,Low,Noah,Chat,2025-07-23,2025-07-26 00:00:00,,Open,,2,I have contacted support multiple times and nobody has helped me.,2
TKT-00571,CUST-1280,Account Management,Subscription Cancellation,Medium,Ethan,Phone,2025-01-06,2025-01-08 00:00:00,2025-01-06 22:00:00,Closed,22.0,1,I need help with my account.,4
TKT-00572,CUST-1065,Billing,Late Delivery,Medium,Sarah,Phone,2025-10-20,2025-10-22 00:00:00,2025-10-21 17:00:00,Closed,41.0,2,Thank you for the update.,5
TKT-00573,CUST-1089,Product Support,Login Issue,High,Liam,Email,2025-04-03,2025-04-04 00:00:00,,Open,,0,The support team has been helpful so far.,4
TKT-00574,CUST-1047,Product Support,Subscription Cancellation,High,Ava,Email,2025-03-05,2025-03-06 00:00:00,2025-03-06 03:00:00,Closed,27.0,5,Can you check the status of my request?,4
TKT-00575,CUST-1037,Product Support,Subscription Cancellation,Medium,Ethan,Chat,2025-10-23,2025-10-25 00:00:00,2025-10-25 00:00:00,Closed,48.0,1,I need help with my account.,3
TKT-00576,CUST-1390,Technical Support,Late Delivery,Medium,Liam,Chat,2025-11-05,2025-11-07 00:00:00,2025-11-06 23:00:00,Closed,47.0,1,I appreciate the quick response.,5
TKT-00577,CUST-1577,Technical Support,Payment Failure,Medium,Priya,Web Form,2025-12-22,2025-12-24 00:00:00,,Open,,5,Can you check the status of my request?,4
TKT-00578,CUST-1067,Product Support,Late Delivery,Medium,Mia,Phone,2025-08-11,2025-08-13 00:00:00,2025-08-11 11:00:00,Closed,11.0,0,Thank you for the update.,5
TKT-00579,CUST-1179,Shipping,Login Issue,Medium,David,Phone,2025-03-16,2025-03-18 00:00:00,2025-03-17 19:00:00,Closed,43.0,4,I need help with my account.,3
TKT-00580,CUST-1353,Product Support,Subscription Cancellation,Medium,Ethan,Email,2025-09-28,2025-09-30 00:00:00,2025-09-29 20:00:00,Closed,44.0,3,The issue was handled well.,4
TKT-00581,CUST-1694,Product Support,Payment Failure,Medium,Mia,Phone,2025-01-05,2025-01-07 00:00:00,2025-01-06 03:00:00,Closed,27.0,1,I am having an issue and need assistance.,3
TKT-00582,CUST-1650,Product Support,Payment Failure,High,Mia,Web Form,2025-07-01,2025-07-02 00:00:00,2025-07-01 22:00:00,Escalated,22.0,1,This is very frustrating and I need this fixed immediately.,2
TKT-00583,CUST-1827,Billing,Subscription Cancellation,Medium,David,Email,2025-11-21,2025-11-23 00:00:00,2025-11-21 23:00:00,Closed,23.0,0,I want to cancel if this is not resolved today.,2
TKT-00584,CUST-1435,Billing,Payment Failure,Medium,Mia,Web Form,2025-09-12,2025-09-14 00:00:00,2025-09-15 20:00:00,Closed,92.0,0,I have contacted support multiple times and nobody has helped me.,3
TKT-00585,CUST-1388,Product Support,Bug Report,Low,Ava,Web Form,2025-03-28,2025-03-31 00:00:00,,Open,,1,This issue is affecting my work and I am unhappy.,2
TKT-00586,CUST-1951,Technical Support,Bug Report,Critical,David,Chat,2025-10-04,2025-10-04 08:00:00,2025-10-06 13:00:00,Closed,61.0,2,Can you check the status of my request?,4
TKT-00587,CUST-1009,Product Support,Refund Delay,Critical,Ethan,Email,2025-07-02,2025-07-02 08:00:00,2025-07-03 16:00:00,Closed,40.0,0,This issue is affecting my work and I am unhappy.,2
TKT-00588,CUST-1549,Billing,Payment Failure,Medium,Noah,Chat,2025-07-30,2025-08-01 00:00:00,2025-08-02 10:00:00,Closed,82.0,0,Please help me understand what happened.,3
TKT-00589,CUST-1136,Shipping,Login Issue,Critical,Ethan,Chat,2025-03-13,2025-03-13 08:00:00,,Open,,2,I appreciate the quick response.,4
TKT-00590,CUST-1769,Account Management,Payment Failure,High,Ava,Chat,2025-12-08,2025-12-09 00:00:00,2025-12-09 22:00:00,Closed,46.0,1,Can you check the status of my request?,4
TKT-00591,CUST-1999,Account Management,Payment Failure,Low,Noah,Email,2025-03-06,2025-03-09 00:00:00,,Open,,0,I am having an issue and need assistance.,4
TKT-00592,CUST-1253,Product Support,Refund Delay,Medium,Priya,Phone,2025-09-06,2025-09-08 00:00:00,2025-09-09 21:00:00,Closed,93.0,0,I am tired of waiting for a response.,3
TKT-00593,CUST-1018,Account Management,Account Verification,Medium,Noah,Chat,2025-04-07,2025-04-09 00:00:00,2025-04-08 15:00:00,Closed,39.0,0,Can you check the status of my request?,4
TKT-00594,CUST-1112,Product Support,Account Verification,Low,Ava,Web Form,2025-07-28,2025-07-31 00:00:00,2025-07-31 22:00:00,Closed,94.0,1,I need help with my account.,4
TKT-00595,CUST-1930,Shipping,Bug Report,Medium,David,Web Form,2025-05-07,2025-05-09 00:00:00,2025-05-07 22:00:00,Closed,22.0,2,Please help me understand what happened.,4
TKT-00596,CUST-1369,Product Support,Login Issue,Medium,Priya,Web Form,2025-07-06,2025-07-08 00:00:00,2025-07-07 22:00:00,Closed,46.0,1,This is very frustrating and I need this fixed immediately.,2
TKT-00597,CUST-1721,Shipping,Bug Report,Low,Priya,Chat,2025-10-27,2025-10-30 00:00:00,2025-10-30 01:00:00,Closed,73.0,1,The support team has been helpful so far.,4
TKT-00598,CUST-1916,Account Management,Login Issue,Low,David,Phone,2025-08-31,2025-09-03 00:00:00,2025-09-01 13:00:00,Closed,37.0,0,I am having an issue and need assistance.,4
TKT-00599,CUST-1046,Shipping,Product Question,Medium,Noah,Web Form,2025-02-04,2025-02-06 00:00:00,,Open,,0,Can you check the status of my request?,4
TKT-00600,CUST-1278,Product Support,Refund Delay,High,Liam,Web Form,2025-09-11,2025-09-12 00:00:00,,Open,,0,This issue is affecting my work and I am unhappy.,3
TKT-00601,CUST-1175,Technical Support,Late Delivery,Low,Liam,Email,2025-09-20,2025-09-23 00:00:00,2025-09-23 10:00:00,Closed,82.0,0,I want to cancel if this is not resolved today.,1
TKT-00602,CUST-1001,Technical Support,Refund Delay,Medium,Priya,Email,2025-11-24,2025-11-26 00:00:00,2025-11-27 11:00:00,Closed,83.0,0,I want to cancel if this is not resolved today.,1
TKT-00603,CUST-1262,Shipping,Bug Report,Medium,Priya,Chat,2025-07-29,2025-07-31 00:00:00,,Open,,2,I am having an issue and need assistance.,3
TKT-00604,CUST-1456,Billing,Login Issue,High,Sarah,Phone,2025-11-17,2025-11-18 00:00:00,2025-11-18 04:00:00,Closed,28.0,0,Please help me understand what happened.,3
TKT-00605,CUST-1317,Technical Support,Payment Failure,Medium,Ethan,Email,2025-09-11,2025-09-13 00:00:00,2025-09-14 04:00:00,Closed,76.0,4,I am having an issue and need assistance.,3
TKT-00606,CUST-1386,Technical Support,Late Delivery,High,Liam,Email,2025-03-15,2025-03-16 00:00:00,2025-03-16 19:00:00,Escalated,43.0,0,I need help with my account.,3
TKT-00607,CUST-1873,Account Management,Refund Delay,Low,Ava,Email,2025-03-09,2025-03-12 00:00:00,2025-03-11 23:00:00,Closed,71.0,2,Thanks for helping me with this issue.,5
TKT-00608,CUST-1557,Billing,Account Verification,Low,Ethan,Chat,2025-06-07,2025-06-10 00:00:00,2025-06-10 12:00:00,Closed,84.0,1,Thanks for helping me with this issue.,4
TKT-00609,CUST-1503,Shipping,Login Issue,Medium,Sarah,Chat,2025-01-01,2025-01-03 00:00:00,2025-01-01 11:00:00,Closed,11.0,0,Please help me understand what happened.,3
TKT-00610,CUST-1614,Technical Support,Login Issue,Low,Priya,Phone,2025-02-09,2025-02-12 00:00:00,,Open,,1,Thank you for the update.,5
TKT-00611,CUST-1796,Technical Support,Payment Failure,Low,Priya,Phone,2025-06-28,2025-07-01 00:00:00,,Open,,2,Thanks for helping me with this issue.,4
TKT-00612,CUST-1506,Technical Support,Bug Report,Low,Ethan,Web Form,2025-02-04,2025-02-07 00:00:00,2025-02-05 20:00:00,Closed,44.0,0,I am tired of waiting for a response.,2
TKT-00613,CUST-1085,Account Management,Product Question,Medium,Sarah,Phone,2025-03-12,2025-03-14 00:00:00,2025-03-14 09:00:00,Closed,57.0,1,Can you check the status of my request?,4
TKT-00614,CUST-1933,Product Support,Payment Failure,Medium,Liam,Email,2025-05-01,2025-05-03 00:00:00,2025-05-01 08:00:00,Closed,8.0,1,Thanks for helping me with this issue.,4
TKT-00615,CUST-1750,Shipping,Bug Report,High,Mia,Phone,2025-08-24,2025-08-25 00:00:00,,Open,,0,The support team has been helpful so far.,5
TKT-00616,CUST-1783,Billing,Payment Failure,Medium,Noah,Email,2025-09-02,2025-09-04 00:00:00,2025-09-03 19:00:00,Closed,43.0,0,The issue was handled well.,4
TKT-00617,CUST-1515,Technical Support,Product Question,High,Priya,Web Form,2025-07-30,2025-07-31 00:00:00,2025-08-01 19:00:00,Closed,67.0,0,I would like an update on my ticket.,3
TKT-00618,CUST-1410,Technical Support,Refund Delay,Medium,Sarah,Web Form,2025-10-11,2025-10-13 00:00:00,2025-10-15 06:00:00,Closed,102.0,0,Can you check the status of my request?,3
TKT-00619,CUST-1276,Product Support,Refund Delay,Low,Mia,Email,2025-12-21,2025-12-24 00:00:00,2025-12-25 09:00:00,Closed,105.0,0,Please help me understand what happened.,3
TKT-00620,CUST-1206,Billing,Login Issue,Low,David,Email,2025-05-03,2025-05-06 00:00:00,2025-05-05 06:00:00,Closed,54.0,0,This is very frustrating and I need this fixed immediately.,3
TKT-00621,CUST-1743,Billing,Account Verification,Medium,Ava,Web Form,2025-01-24,2025-01-26 00:00:00,,Open,,4,I am having an issue and need assistance.,4
TKT-00622,CUST-1165,Shipping,Late Delivery,High,Noah,Phone,2025-07-28,2025-07-29 00:00:00,2025-07-29 12:00:00,Closed,36.0,2,I need help with my account.,4
TKT-00623,CUST-1297,Technical Support,Product Question,Low,Noah,Chat,2025-04-21,2025-04-24 00:00:00,2025-04-23 05:00:00,Closed,53.0,4,Can you check the status of my request?,4
TKT-00624,CUST-1888,Shipping,Payment Failure,Low,Sarah,Chat,2025-04-17,2025-04-20 00:00:00,2025-04-20 18:00:00,Closed,90.0,0,I am tired of waiting for a response.,3
TKT-00625,CUST-1262,Billing,Product Question,Low,David,Chat,2025-06-01,2025-06-04 00:00:00,2025-06-02 23:00:00,Closed,47.0,0,I am tired of waiting for a response.,2
TKT-00626,CUST-1085,Account Management,Late Delivery,Critical,Ethan,Email,2025-07-06,2025-07-06 08:00:00,2025-07-06 10:00:00,Closed,10.0,1,I am having an issue and need assistance.,4
TKT-00627,CUST-1397,Account Management,Product Question,Medium,Ava,Email,2025-05-06,2025-05-08 00:00:00,2025-05-06 09:00:00,Closed,9.0,0,I need help with my account.,3
TKT-00628,CUST-1336,Account Management,Login Issue,Medium,Ethan,Web Form,2025-02-25,2025-02-27 00:00:00,2025-02-26 07:00:00,Escalated,31.0,4,This is very frustrating and I need this fixed immediately.,2
TKT-00629,CUST-1615,Billing,Bug Report,Medium,Ethan,Chat,2025-12-26,2025-12-28 00:00:00,2025-12-28 04:00:00,Closed,52.0,1,I am having an issue and need assistance.,3
TKT-00630,CUST-1070,Account Management,Refund Delay,Critical,David,Web Form,2025-08-31,2025-08-31 08:00:00,2025-09-01 11:00:00,Closed,35.0,0,I need help with my account.,3
TKT-00631,CUST-1203,Shipping,Payment Failure,Low,Ethan,Web Form,2025-09-26,2025-09-29 00:00:00,2025-09-27 15:00:00,Closed,39.0,3,I am having an issue and need assistance.,3
TKT-00632,CUST-1331,Shipping,Payment Failure,Medium,Mia,Web Form,2025-07-01,2025-07-03 00:00:00,2025-07-03 09:00:00,Closed,57.0,3,I would like an update on my ticket.,3
TKT-00633,CUST-1654,Shipping,Refund Delay,Low,Ethan,Chat,2025-09-13,2025-09-16 00:00:00,2025-09-15 20:00:00,Closed,68.0,0,Can you check the status of my request?,4
TKT-00634,CUST-1379,Product Support,Login Issue,Low,Liam,Web Form,2025-12-23,2025-12-26 00:00:00,2025-12-26 09:00:00,Closed,81.0,0,I would like an update on my ticket.,3
TKT-00635,CUST-1948,Shipping,Refund Delay,Medium,Priya,Email,2025-12-25,2025-12-27 00:00:00,2025-12-28 13:00:00,Closed,85.0,1,I am having an issue and need assistance.,3
TKT-00636,CUST-1825,Technical Support,Product Question,Medium,Mia,Chat,2025-10-05,2025-10-07 00:00:00,2025-10-08 08:00:00,Closed,80.0,1,I have contacted support multiple times and nobody has helped me.,1
TKT-00637,CUST-1228,Billing,Login Issue,Medium,Sarah,Email,2025-09-12,2025-09-14 00:00:00,2025-09-13 16:00:00,Closed,40.0,0,Please help me understand what happened.,3
TKT-00638,CUST-1900,Account Management,Payment Failure,Low,Ethan,Email,2025-06-29,2025-07-02 00:00:00,2025-07-01 23:00:00,Closed,71.0,0,I am having an issue and need assistance.,4
TKT-00639,CUST-1343,Shipping,Subscription Cancellation,High,Sarah,Chat,2025-01-03,2025-01-04 00:00:00,2025-01-03 04:00:00,Closed,4.0,0,I want to cancel if this is not resolved today.,2
TKT-00640,CUST-1529,Technical Support,Payment Failure,Low,Sarah,Chat,2025-11-12,2025-11-15 00:00:00,2025-11-14 22:00:00,Escalated,70.0,0,This issue is affecting my work and I am unhappy.,2
TKT-00641,CUST-1011,Technical Support,Payment Failure,Low,Mia,Email,2025-11-20,2025-11-23 00:00:00,2025-11-24 10:00:00,Closed,106.0,0,Thanks for helping me with this issue.,5
TKT-00642,CUST-1743,Product Support,Late Delivery,Low,Noah,Web Form,2025-01-13,2025-01-16 00:00:00,2025-01-14 04:00:00,Closed,28.0,1,Can you check the status of my request?,3
TKT-00643,CUST-1095,Account Management,Subscription Cancellation,Medium,Priya,Email,2025-03-15,2025-03-17 00:00:00,2025-03-15 21:00:00,Escalated,21.0,0,I appreciate the quick response.,4
TKT-00644,CUST-1648,Billing,Product Question,High,Liam,Web Form,2025-02-21,2025-02-22 00:00:00,2025-02-23 01:00:00,Escalated,49.0,0,Please help me understand what happened.,4
TKT-00645,CUST-1162,Account Management,Late Delivery,Low,Ava,Chat,2025-12-04,2025-12-07 00:00:00,2025-12-07 12:00:00,Escalated,84.0,1,I would like an update on my ticket.,3
TKT-00646,CUST-1141,Product Support,Subscription Cancellation,High,Liam,Email,2025-10-02,2025-10-03 00:00:00,2025-10-03 12:00:00,Closed,36.0,0,I have contacted support multiple times and nobody has helped me.,2
TKT-00647,CUST-1969,Technical Support,Login Issue,High,Mia,Phone,2025-05-21,2025-05-22 00:00:00,2025-05-22 06:00:00,Closed,30.0,1,This issue is affecting my work and I am unhappy.,3
TKT-00648,CUST-1637,Account Management,Account Verification,Medium,Liam,Phone,2025-07-21,2025-07-23 00:00:00,2025-07-24 06:00:00,Closed,78.0,3,I am having an issue and need assistance.,4
TKT-00649,CUST-1407,Billing,Payment Failure,Medium,David,Phone,2025-11-20,2025-11-22 00:00:00,2025-11-23 13:00:00,Closed,85.0,0,I would like an update on my ticket.,4
TKT-00650,CUST-1734,Billing,Login Issue,Low,David,Web Form,2025-04-06,2025-04-09 00:00:00,2025-04-09 00:00:00,Closed,72.0,2,I appreciate the quick response.,4
TKT-00651,CUST-1914,Shipping,Account Verification,Medium,David,Chat,2025-10-15,2025-10-17 00:00:00,2025-10-18 09:00:00,Closed,81.0,1,I have contacted support multiple times and nobody has helped me.,3
TKT-00652,CUST-1605,Account Management,Payment Failure,Medium,David,Chat,2025-04-11,2025-04-13 00:00:00,2025-04-13 23:00:00,Escalated,71.0,0,The support team has been helpful so far.,5
TKT-00653,CUST-1345,Account Management,Account Verification,Medium,Priya,Email,2025-11-26,2025-11-28 00:00:00,,Open,,0,I want to cancel if this is not resolved today.,1
TKT-00654,CUST-1505,Billing,Login Issue,Medium,Sarah,Phone,2025-05-21,2025-05-23 00:00:00,,Open,,1,I appreciate the quick response.,5
TKT-00655,CUST-1005,Billing,Bug Report,Critical,Noah,Email,2025-04-25,2025-04-25 08:00:00,2025-04-26 19:00:00,Closed,43.0,0,I am tired of waiting for a response.,3
TKT-00656,CUST-1122,Billing,Subscription Cancellation,High,Ava,Email,2025-01-25,2025-01-26 00:00:00,,Open,,0,Can you check the status of my request?,4
TKT-00657,CUST-1094,Technical Support,Bug Report,High,Sarah,Web Form,2025-12-09,2025-12-10 00:00:00,2025-12-12 10:00:00,Closed,82.0,5,Please help me understand what happened.,3
TKT-00658,CUST-1499,Shipping,Subscription Cancellation,High,David,Chat,2025-12-04,2025-12-05 00:00:00,2025-12-04 08:00:00,Closed,8.0,0,Please help me understand what happened.,3
TKT-00659,CUST-1207,Billing,Bug Report,Low,David,Phone,2025-12-29,2026-01-01 00:00:00,2026-01-01 17:00:00,Closed,89.0,0,I want to cancel if this is not resolved today.,3
TKT-00660,CUST-1273,Account Management,Account Verification,Low,Sarah,Chat,2025-12-18,2025-12-21 00:00:00,2025-12-21 15:00:00,Closed,87.0,0,The issue was handled well.,4
TKT-00661,CUST-1451,Billing,Product Question,Medium,Ethan,Phone,2025-05-16,2025-05-18 00:00:00,2025-05-19 23:00:00,Closed,95.0,0,I am having an issue and need assistance.,3
TKT-00662,CUST-1661,Shipping,Bug Report,Low,Sarah,Web Form,2025-04-10,2025-04-13 00:00:00,2025-04-13 04:00:00,Closed,76.0,1,I need help with my account.,3
TKT-00663,CUST-1402,Technical Support,Login Issue,Low,Ava,Email,2025-10-22,2025-10-25 00:00:00,2025-10-24 05:00:00,Closed,53.0,3,Please help me understand what happened.,4
TKT-00664,CUST-1756,Billing,Account Verification,High,Priya,Web Form,2025-04-16,2025-04-17 00:00:00,2025-04-19 07:00:00,Closed,79.0,0,I would like an update on my ticket.,4
TKT-00665,CUST-1174,Shipping,Account Verification,Low,Noah,Chat,2025-04-06,2025-04-09 00:00:00,2025-04-09 11:00:00,Closed,83.0,0,I appreciate the quick response.,4
TKT-00666,CUST-1102,Billing,Bug Report,Critical,Ava,Web Form,2025-05-07,2025-05-07 08:00:00,,Open,,1,The support team has been helpful so far.,4
TKT-00667,CUST-1115,Shipping,Bug Report,Medium,David,Phone,2025-12-06,2025-12-08 00:00:00,,Open,,0,I would like an update on my ticket.,4
TKT-00668,CUST-1198,Shipping,Refund Delay,Low,Sarah,Chat,2025-12-04,2025-12-07 00:00:00,2025-12-05 21:00:00,Closed,45.0,1,Can you check the status of my request?,3
TKT-00669,CUST-1854,Account Management,Login Issue,Critical,Ethan,Chat,2025-05-16,2025-05-16 08:00:00,2025-05-17 04:00:00,Escalated,28.0,0,I would like an update on my ticket.,4
TKT-00670,CUST-1680,Product Support,Login Issue,Medium,Ethan,Phone,2025-05-28,2025-05-30 00:00:00,2025-05-28 09:00:00,Closed,9.0,0,I want to cancel if this is not resolved today.,3
TKT-00671,CUST-1051,Technical Support,Subscription Cancellation,Medium,Noah,Phone,2025-01-08,2025-01-10 00:00:00,2025-01-09 11:00:00,Closed,35.0,1,I appreciate the quick response.,4
TKT-00672,CUST-1955,Shipping,Late Delivery,Medium,Priya,Chat,2025-02-14,2025-02-16 00:00:00,2025-02-15 02:00:00,Closed,26.0,3,I need help with my account.,4
TKT-00673,CUST-1699,Shipping,Account Verification,High,Sarah,Web Form,2025-07-24,2025-07-25 00:00:00,2025-07-25 12:00:00,Closed,36.0,1,I would like an update on my ticket.,3
TKT-00674,CUST-1539,Technical Support,Subscription Cancellation,Low,Liam,Phone,2025-06-06,2025-06-09 00:00:00,2025-06-07 19:00:00,Closed,43.0,2,I have contacted support multiple times and nobody has helped me.,1
TKT-00675,CUST-1773,Account Management,Bug Report,Medium,David,Web Form,2025-07-01,2025-07-03 00:00:00,2025-07-04 17:00:00,Closed,89.0,1,This issue is affecting my work and I am unhappy.,1
TKT-00676,CUST-1826,Technical Support,Subscription Cancellation,High,David,Chat,2025-11-14,2025-11-15 00:00:00,,Open,,0,I need help with my account.,4
TKT-00677,CUST-1758,Product Support,Product Question,High,Noah,Email,2025-05-19,2025-05-20 00:00:00,,Open,,1,I need help with my account.,3
TKT-00678,CUST-1068,Product Support,Refund Delay,High,Mia,Web Form,2025-03-11,2025-03-12 00:00:00,2025-03-13 06:00:00,Escalated,54.0,0,Can you check the status of my request?,3
TKT-00679,CUST-1188,Billing,Late Delivery,Medium,Noah,Email,2025-05-07,2025-05-09 00:00:00,2025-05-08 17:00:00,Closed,41.0,0,The issue was handled well.,5
TKT-00680,CUST-1296,Technical Support,Subscription Cancellation,High,Ethan,Email,2025-08-10,2025-08-11 00:00:00,2025-08-11 02:00:00,Closed,26.0,2,Please help me understand what happened.,4
TKT-00681,CUST-1123,Shipping,Login Issue,Critical,Ethan,Phone,2025-12-08,2025-12-08 08:00:00,2025-12-08 08:00:00,Closed,8.0,2,I appreciate the quick response.,5
TKT-00682,CUST-1512,Product Support,Payment Failure,Low,Priya,Email,2025-11-27,2025-11-30 00:00:00,2025-11-29 20:00:00,Closed,68.0,2,Can you check the status of my request?,4
TKT-00683,CUST-1069,Product Support,Account Verification,Medium,Sarah,Email,2025-03-31,2025-04-02 00:00:00,2025-04-03 03:00:00,Closed,75.0,2,I am having an issue and need assistance.,4
TKT-00684,CUST-1681,Account Management,Payment Failure,Critical,Mia,Phone,2025-03-08,2025-03-08 08:00:00,2025-03-09 03:00:00,Closed,27.0,0,This is very frustrating and I need this fixed immediately.,1
TKT-00685,CUST-1117,Billing,Product Question,Critical,Ethan,Phone,2025-04-29,2025-04-29 08:00:00,,Open,,0,Thank you for the update.,5
TKT-00686,CUST-1502,Billing,Login Issue,Medium,David,Email,2025-03-31,2025-04-02 00:00:00,2025-04-01 13:00:00,Closed,37.0,1,Can you check the status of my request?,4
TKT-00687,CUST-1368,Account Management,Subscription Cancellation,Low,Mia,Web Form,2025-09-28,2025-10-01 00:00:00,2025-09-29 12:00:00,Closed,36.0,1,Can you check the status of my request?,3
TKT-00688,CUST-1437,Account Management,Login Issue,Medium,Ethan,Chat,2025-04-17,2025-04-19 00:00:00,2025-04-19 20:00:00,Closed,68.0,3,I have contacted support multiple times and nobody has helped me.,2
TKT-00689,CUST-1399,Account Management,Login Issue,Medium,Mia,Phone,2025-02-21,2025-02-23 00:00:00,2025-02-23 23:00:00,Closed,71.0,0,I am having an issue and need assistance.,4
TKT-00690,CUST-1596,Shipping,Login Issue,High,Mia,Phone,2025-02-08,2025-02-09 00:00:00,2025-02-10 10:00:00,Escalated,58.0,1,I need help with my account.,3
TKT-00691,CUST-1505,Account Management,Subscription Cancellation,Medium,Ava,Phone,2025-08-04,2025-08-06 00:00:00,2025-08-05 09:00:00,Closed,33.0,1,I have contacted support multiple times and nobody has helped me.,1
TKT-00692,CUST-1441,Billing,Refund Delay,Medium,Noah,Web Form,2025-11-03,2025-11-05 00:00:00,,Open,,0,Can you check the status of my request?,4
TKT-00693,CUST-1784,Account Management,Subscription Cancellation,High,Liam,Email,2025-01-29,2025-01-30 00:00:00,2025-01-30 14:00:00,Closed,38.0,2,I need help with my account.,4
TKT-00694,CUST-1094,Account Management,Late Delivery,Medium,Sarah,Chat,2025-03-01,2025-03-03 00:00:00,2025-03-01 23:00:00,Closed,23.0,0,This is very frustrating and I need this fixed immediately.,1
TKT-00695,CUST-1132,Product Support,Refund Delay,Low,Ava,Email,2025-05-08,2025-05-11 00:00:00,2025-05-09 17:00:00,Closed,41.0,0,Can you check the status of my request?,4
TKT-00696,CUST-1730,Product Support,Payment Failure,Medium,Noah,Email,2025-02-09,2025-02-11 00:00:00,2025-02-12 05:00:00,Closed,77.0,2,This is very frustrating and I need this fixed immediately.,2
TKT-00697,CUST-1286,Shipping,Bug Report,High,Priya,Chat,2025-09-27,2025-09-28 00:00:00,2025-09-30 00:00:00,Closed,72.0,0,I would like an update on my ticket.,4
TKT-00698,CUST-1510,Billing,Account Verification,High,Liam,Phone,2025-10-11,2025-10-12 00:00:00,2025-10-12 23:00:00,Closed,47.0,1,I need help with my account.,3
TKT-00699,CUST-1388,Billing,Subscription Cancellation,Medium,Sarah,Phone,2025-02-13,2025-02-15 00:00:00,2025-02-15 14:00:00,Closed,62.0,0,Can you check the status of my request?,3
TKT-00700,CUST-1849,Technical Support,Payment Failure,Medium,Priya,Email,2025-10-05,2025-10-07 00:00:00,,Open,,1,I am tired of waiting for a response.,3
TKT-00701,CUST-1166,Product Support,Payment Failure,High,Ava,Email,2025-10-11,2025-10-12 00:00:00,2025-10-13 10:00:00,Closed,58.0,1,I would like an update on my ticket.,4
TKT-00702,CUST-1370,Account Management,Product Question,High,Liam,Chat,2025-01-08,2025-01-09 00:00:00,,Open,,0,I need help with my account.,4
TKT-00703,CUST-1037,Shipping,Subscription Cancellation,High,Ava,Email,2025-06-07,2025-06-08 00:00:00,,Open,,0,Thanks for helping me with this issue.,5
TKT-00704,CUST-1889,Shipping,Product Question,Medium,Liam,Web Form,2025-01-30,2025-02-01 00:00:00,2025-01-30 18:00:00,Escalated,18.0,0,I am having an issue and need assistance.,4
TKT-00705,CUST-1566,Account Management,Late Delivery,Low,Mia,Chat,2025-11-13,2025-11-16 00:00:00,2025-11-13 18:00:00,Closed,18.0,1,I am having an issue and need assistance.,3
TKT-00706,CUST-1242,Technical Support,Refund Delay,Critical,Priya,Phone,2025-01-09,2025-01-09 08:00:00,2025-01-10 18:00:00,Closed,42.0,0,I would like an update on my ticket.,3
TKT-00707,CUST-1965,Technical Support,Bug Report,Medium,Sarah,Email,2025-11-25,2025-11-27 00:00:00,,Open,,0,I am having an issue and need assistance.,4
TKT-00708,CUST-1352,Shipping,Refund Delay,Low,Ava,Phone,2025-03-18,2025-03-21 00:00:00,2025-03-23 00:00:00,Closed,120.0,2,I want to cancel if this is not resolved today.,3
TKT-00709,CUST-1621,Technical Support,Payment Failure,High,Ava,Chat,2025-07-15,2025-07-16 00:00:00,2025-07-16 16:00:00,Closed,40.0,2,I need help with my account.,3
TKT-00710,CUST-1750,Account Management,Product Question,Medium,Liam,Phone,2025-05-05,2025-05-07 00:00:00,2025-05-06 15:00:00,Closed,39.0,0,This is very frustrating and I need this fixed immediately.,2
TKT-00711,CUST-1795,Account Management,Bug Report,Low,Noah,Phone,2025-12-01,2025-12-04 00:00:00,2025-12-04 16:00:00,Closed,88.0,2,Thank you for the update.,4
TKT-00712,CUST-1897,Account Management,Late Delivery,Medium,Priya,Phone,2025-06-10,2025-06-12 00:00:00,2025-06-10 18:00:00,Closed,18.0,0,Can you check the status of my request?,3
TKT-00713,CUST-1887,Account Management,Refund Delay,Low,Sarah,Phone,2025-10-11,2025-10-14 00:00:00,2025-10-15 10:00:00,Closed,106.0,1,This is very frustrating and I need this fixed immediately.,3
TKT-00714,CUST-1631,Product Support,Payment Failure,High,David,Chat,2025-07-25,2025-07-26 00:00:00,2025-07-27 01:00:00,Closed,49.0,3,I want to cancel if this is not resolved today.,3
TKT-00715,CUST-1155,Billing,Refund Delay,Low,David,Web Form,2025-07-29,2025-08-01 00:00:00,,Open,,2,I would like an update on my ticket.,3
TKT-00716,CUST-1292,Billing,Bug Report,Medium,Ethan,Web Form,2025-06-14,2025-06-16 00:00:00,2025-06-16 21:00:00,Closed,69.0,1,Thank you for the update.,5
TKT-00717,CUST-1121,Shipping,Payment Failure,Medium,Mia,Chat,2025-01-22,2025-01-24 00:00:00,2025-01-24 15:00:00,Closed,63.0,1,I appreciate the quick response.,4
TKT-00718,CUST-1612,Shipping,Subscription Cancellation,Medium,Liam,Chat,2025-05-28,2025-05-30 00:00:00,2025-05-28 21:00:00,Closed,21.0,0,This is very frustrating and I need this fixed immediately.,1
TKT-00719,CUST-1910,Billing,Account Verification,Low,Ava,Phone,2025-04-15,2025-04-18 00:00:00,,Open,,0,Thanks for helping me with this issue.,5
TKT-00720,CUST-1282,Account Management,Product Question,Medium,Mia,Phone,2025-12-09,2025-12-11 00:00:00,,Open,,0,The support team has been helpful so far.,5
TKT-00721,CUST-1642,Account Management,Login Issue,High,David,Email,2025-08-10,2025-08-11 00:00:00,,Open,,1,I have contacted support multiple times and nobody has helped me.,3
TKT-00722,CUST-1003,Billing,Account Verification,Low,Sarah,Chat,2025-12-11,2025-12-14 00:00:00,,Open,,0,I need help with my account.,3
TKT-00723,CUST-1898,Account Management,Login Issue,Medium,Liam,Chat,2025-01-20,2025-01-22 00:00:00,2025-01-21 17:00:00,Closed,41.0,0,I would like an update on my ticket.,3
TKT-00724,CUST-1992,Shipping,Account Verification,High,Ethan,Web Form,2025-11-19,2025-11-20 00:00:00,2025-11-21 07:00:00,Closed,55.0,0,I am tired of waiting for a response.,2
TKT-00725,CUST-1615,Account Management,Bug Report,Low,Sarah,Email,2025-04-01,2025-04-04 00:00:00,2025-04-04 18:00:00,Closed,90.0,2,This issue is affecting my work and I am unhappy.,2
TKT-00726,CUST-1266,Account Management,Account Verification,Low,Priya,Chat,2025-07-29,2025-08-01 00:00:00,2025-07-30 11:00:00,Closed,35.0,0,This issue is affecting my work and I am unhappy.,2
TKT-00727,CUST-1132,Billing,Subscription Cancellation,Medium,Liam,Phone,2025-11-22,2025-11-24 00:00:00,2025-11-24 10:00:00,Closed,58.0,0,I need help with my account.,4
TKT-00728,CUST-1880,Product Support,Refund Delay,Critical,Ava,Web Form,2025-02-16,2025-02-16 08:00:00,2025-02-17 10:00:00,Closed,34.0,0,Can you check the status of my request?,4
TKT-00729,CUST-1407,Technical Support,Subscription Cancellation,High,David,Phone,2025-07-31,2025-08-01 00:00:00,2025-08-02 06:00:00,Closed,54.0,0,I have contacted support multiple times and nobody has helped me.,3
TKT-00730,CUST-1078,Account Management,Refund Delay,Low,Priya,Email,2025-04-28,2025-05-01 00:00:00,,Open,,1,I appreciate the quick response.,4
TKT-00731,CUST-1102,Billing,Payment Failure,Low,Mia,Email,2025-10-29,2025-11-01 00:00:00,2025-11-01 04:00:00,Closed,76.0,2,Please help me understand what happened.,3
TKT-00732,CUST-1508,Shipping,Product Question,Medium,Sarah,Email,2025-04-24,2025-04-26 00:00:00,2025-04-27 07:00:00,Closed,79.0,2,Please help me understand what happened.,3
TKT-00733,CUST-1829,Account Management,Bug Report,High,Noah,Web Form,2025-04-25,2025-04-26 00:00:00,2025-04-27 03:00:00,Closed,51.0,1,I am having an issue and need assistance.,3
TKT-00734,CUST-1785,Billing,Login Issue,Medium,Liam,Web Form,2025-10-31,2025-11-02 00:00:00,,Open,,1,This is very frustrating and I need this fixed immediately.,1
TKT-00735,CUST-1558,Account Management,Subscription Cancellation,Medium,David,Chat,2025-01-19,2025-01-21 00:00:00,,Open,,0,I would like an update on my ticket.,4
TKT-00736,CUST-1532,Account Management,Bug Report,Critical,Liam,Phone,2025-08-25,2025-08-25 08:00:00,2025-08-25 18:00:00,Closed,18.0,0,Thanks for helping me with this issue.,4
TKT-00737,CUST-1120,Billing,Late Delivery,Low,Noah,Email,2025-08-06,2025-08-09 00:00:00,2025-08-09 22:00:00,Closed,94.0,3,I need help with my account.,4
TKT-00738,CUST-1531,Account Management,Subscription Cancellation,High,Priya,Phone,2025-11-11,2025-11-12 00:00:00,2025-11-12 21:00:00,Closed,45.0,1,I would like an update on my ticket.,4
TKT-00739,CUST-1319,Product Support,Subscription Cancellation,Medium,Liam,Phone,2025-03-11,2025-03-13 00:00:00,2025-03-14 03:00:00,Closed,75.0,0,Thanks for helping me with this issue.,4
TKT-00740,CUST-1281,Technical Support,Account Verification,Medium,Ethan,Phone,2025-02-18,2025-02-20 00:00:00,2025-02-21 20:00:00,Closed,92.0,3,I need help with my account.,3
TKT-00741,CUST-1286,Shipping,Payment Failure,Medium,Priya,Phone,2025-11-16,2025-11-18 00:00:00,2025-11-17 16:00:00,Closed,40.0,0,I need help with my account.,3
TKT-00742,CUST-1150,Technical Support,Subscription Cancellation,Medium,Mia,Web Form,2025-06-19,2025-06-21 00:00:00,2025-06-21 05:00:00,Closed,53.0,2,I have contacted support multiple times and nobody has helped me.,3
TKT-00743,CUST-1573,Technical Support,Late Delivery,Medium,Ava,Phone,2025-02-09,2025-02-11 00:00:00,2025-02-10 18:00:00,Closed,42.0,0,I need help with my account.,3
TKT-00744,CUST-1146,Account Management,Payment Failure,High,Ethan,Phone,2025-06-09,2025-06-10 00:00:00,,Open,,3,I am tired of waiting for a response.,3
TKT-00745,CUST-1434,Account Management,Product Question,Medium,Priya,Email,2025-10-13,2025-10-15 00:00:00,,Open,,3,I am tired of waiting for a response.,3
TKT-00746,CUST-1621,Technical Support,Account Verification,Medium,Mia,Email,2025-04-11,2025-04-13 00:00:00,2025-04-14 12:00:00,Closed,84.0,0,I am having an issue and need assistance.,3
TKT-00747,CUST-1465,Shipping,Refund Delay,Medium,Ethan,Web Form,2025-01-23,2025-01-25 00:00:00,,Open,,3,I want to cancel if this is not resolved today.,3
TKT-00748,CUST-1454,Account Management,Late Delivery,Medium,Noah,Email,2025-07-09,2025-07-11 00:00:00,,Open,,0,I need help with my account.,3
TKT-00749,CUST-1963,Billing,Bug Report,Low,Priya,Chat,2025-12-02,2025-12-05 00:00:00,2025-12-07 15:00:00,Escalated,135.0,1,I want to cancel if this is not resolved today.,1
TKT-00750,CUST-1177,Account Management,Payment Failure,High,Ava,Email,2025-04-09,2025-04-10 00:00:00,2025-04-11 02:00:00,Closed,50.0,0,Can you check the status of my request?,4
TKT-00751,CUST-1088,Billing,Subscription Cancellation,Medium,David,Email,2025-06-24,2025-06-26 00:00:00,2025-06-28 06:00:00,Escalated,102.0,0,This is very frustrating and I need this fixed immediately.,3
TKT-00752,CUST-1773,Technical Support,Bug Report,Medium,Ava,Chat,2025-01-06,2025-01-08 00:00:00,2025-01-10 06:00:00,Closed,102.0,1,This is very frustrating and I need this fixed immediately.,3
TKT-00753,CUST-1714,Technical Support,Subscription Cancellation,Low,Priya,Chat,2025-05-23,2025-05-26 00:00:00,,Open,,0,I am having an issue and need assistance.,4
TKT-00754,CUST-1719,Account Management,Subscription Cancellation,Low,David,Phone,2025-06-28,2025-07-01 00:00:00,2025-07-01 06:00:00,Closed,78.0,2,I would like an update on my ticket.,3
TKT-00755,CUST-1944,Account Management,Bug Report,Medium,Priya,Chat,2025-06-25,2025-06-27 00:00:00,2025-06-28 16:00:00,Closed,88.0,0,I am having an issue and need assistance.,3
TKT-00756,CUST-1431,Billing,Late Delivery,Medium,Ethan,Phone,2025-07-10,2025-07-12 00:00:00,2025-07-12 22:00:00,Closed,70.0,1,I have contacted support multiple times and nobody has helped me.,1
TKT-00757,CUST-1748,Account Management,Bug Report,Medium,Noah,Chat,2025-07-03,2025-07-05 00:00:00,,Open,,0,I would like an update on my ticket.,4
TKT-00758,CUST-1431,Account Management,Product Question,High,Priya,Phone,2025-11-04,2025-11-05 00:00:00,2025-11-05 23:00:00,Closed,47.0,5,I want to cancel if this is not resolved today.,1
TKT-00759,CUST-1341,Account Management,Subscription Cancellation,Critical,Sarah,Email,2025-03-25,2025-03-25 08:00:00,2025-03-26 11:00:00,Closed,35.0,5,This is very frustrating and I need this fixed immediately.,3
TKT-00760,CUST-1878,Billing,Login Issue,Medium,Mia,Phone,2025-08-23,2025-08-25 00:00:00,2025-08-24 13:00:00,Closed,37.0,0,Can you check the status of my request?,3
TKT-00761,CUST-1684,Technical Support,Payment Failure,Low,Liam,Chat,2025-12-17,2025-12-20 00:00:00,2025-12-20 20:00:00,Closed,92.0,1,Can you check the status of my request?,4
TKT-00762,CUST-1403,Account Management,Product Question,High,Noah,Web Form,2025-03-07,2025-03-08 00:00:00,,Open,,2,This issue is affecting my work and I am unhappy.,3
TKT-00763,CUST-1661,Product Support,Login Issue,Medium,Ava,Chat,2025-11-08,2025-11-10 00:00:00,2025-11-09 14:00:00,Closed,38.0,2,Please help me understand what happened.,3
TKT-00764,CUST-1267,Technical Support,Late Delivery,Medium,Ava,Chat,2025-06-04,2025-06-06 00:00:00,2025-06-05 19:00:00,Closed,43.0,0,Please help me understand what happened.,3
TKT-00765,CUST-1702,Account Management,Late Delivery,Low,Noah,Web Form,2025-02-12,2025-02-15 00:00:00,,Open,,0,I would like an update on my ticket.,4
TKT-00766,CUST-1864,Account Management,Refund Delay,Medium,Sarah,Web Form,2025-01-28,2025-01-30 00:00:00,,Open,,3,Please help me understand what happened.,4
TKT-00767,CUST-1445,Product Support,Bug Report,Low,Mia,Web Form,2025-09-30,2025-10-03 00:00:00,2025-10-03 07:00:00,Escalated,79.0,2,I would like an update on my ticket.,4
TKT-00768,CUST-1273,Billing,Product Question,Medium,Noah,Web Form,2025-08-24,2025-08-26 00:00:00,2025-08-25 02:00:00,Closed,26.0,1,I have contacted support multiple times and nobody has helped me.,3
TKT-00769,CUST-1547,Technical Support,Subscription Cancellation,Medium,Ava,Web Form,2025-06-16,2025-06-18 00:00:00,,Open,,1,Can you check the status of my request?,3
TKT-00770,CUST-1623,Billing,Late Delivery,High,Ethan,Web Form,2025-05-21,2025-05-22 00:00:00,2025-05-23 20:00:00,Closed,68.0,0,I need help with my account.,3
TKT-00771,CUST-1988,Billing,Payment Failure,Medium,Noah,Phone,2025-11-23,2025-11-25 00:00:00,2025-11-25 23:00:00,Escalated,71.0,0,I need help with my account.,4
TKT-00772,CUST-1619,Billing,Account Verification,Medium,Priya,Chat,2025-12-22,2025-12-24 00:00:00,2025-12-25 14:00:00,Closed,86.0,1,I would like an update on my ticket.,3
TKT-00773,CUST-1226,Account Management,Late Delivery,Medium,Priya,Email,2025-07-28,2025-07-30 00:00:00,2025-07-28 10:00:00,Closed,10.0,0,I am having an issue and need assistance.,3
TKT-00774,CUST-1348,Technical Support,Refund Delay,High,Liam,Email,2025-11-10,2025-11-11 00:00:00,2025-11-13 20:00:00,Closed,92.0,0,I have contacted support multiple times and nobody has helped me.,2
TKT-00775,CUST-1646,Shipping,Bug Report,High,Mia,Web Form,2025-09-13,2025-09-14 00:00:00,2025-09-16 05:00:00,Closed,77.0,0,I would like an update on my ticket.,3
TKT-00776,CUST-1425,Account Management,Bug Report,Low,David,Phone,2025-05-30,2025-06-02 00:00:00,2025-06-01 12:00:00,Closed,60.0,1,I would like an update on my ticket.,4
TKT-00777,CUST-1885,Billing,Subscription Cancellation,Medium,Ethan,Chat,2025-07-12,2025-07-14 00:00:00,2025-07-13 07:00:00,Closed,31.0,0,I appreciate the quick response.,4
TKT-00778,CUST-1548,Technical Support,Payment Failure,Medium,David,Chat,2025-08-03,2025-08-05 00:00:00,2025-08-05 19:00:00,Closed,67.0,3,I am tired of waiting for a response.,3
TKT-00779,CUST-1176,Product Support,Payment Failure,Low,Sarah,Web Form,2025-08-26,2025-08-29 00:00:00,2025-08-28 00:00:00,Closed,48.0,0,This issue is affecting my work and I am unhappy.,3
TKT-00780,CUST-1968,Billing,Payment Failure,Medium,Sarah,Web Form,2025-07-30,2025-08-01 00:00:00,2025-07-30 19:00:00,Closed,19.0,1,Thank you for the update.,5
TKT-00781,CUST-1179,Billing,Bug Report,Medium,Mia,Web Form,2025-12-17,2025-12-19 00:00:00,,Open,,3,I appreciate the quick response.,4
TKT-00782,CUST-1656,Account Management,Account Verification,Medium,Priya,Email,2025-01-16,2025-01-18 00:00:00,2025-01-20 00:00:00,Closed,96.0,5,This issue is affecting my work and I am unhappy.,3
TKT-00783,CUST-1980,Billing,Bug Report,High,Mia,Chat,2025-08-25,2025-08-26 00:00:00,,Open,,5,I have contacted support multiple times and nobody has helped me.,2
TKT-00784,CUST-1438,Shipping,Login Issue,High,Ava,Web Form,2025-09-04,2025-09-05 00:00:00,,Open,,2,The issue was handled well.,5
TKT-00785,CUST-1657,Billing,Login Issue,Low,Priya,Email,2025-03-28,2025-03-31 00:00:00,2025-03-30 18:00:00,Escalated,66.0,2,I need help with my account.,4
TKT-00786,CUST-1779,Billing,Product Question,High,Ethan,Chat,2025-05-14,2025-05-15 00:00:00,,Open,,1,I would like an update on my ticket.,3
TKT-00787,CUST-1689,Technical Support,Late Delivery,Medium,Ava,Chat,2025-07-09,2025-07-11 00:00:00,2025-07-11 19:00:00,Escalated,67.0,0,Please help me understand what happened.,4
TKT-00788,CUST-1265,Shipping,Late Delivery,High,Mia,Chat,2025-11-08,2025-11-09 00:00:00,2025-11-08 20:00:00,Closed,20.0,0,I would like an update on my ticket.,3
TKT-00789,CUST-1179,Shipping,Payment Failure,Medium,Mia,Phone,2025-11-26,2025-11-28 00:00:00,2025-11-29 00:00:00,Closed,72.0,3,Can you check the status of my request?,4
TKT-00790,CUST-1510,Account Management,Payment Failure,Low,Noah,Phone,2025-04-26,2025-04-29 00:00:00,2025-04-28 03:00:00,Closed,51.0,2,This is very frustrating and I need this fixed immediately.,2
TKT-00791,CUST-1993,Account Management,Refund Delay,High,Liam,Chat,2025-07-06,2025-07-07 00:00:00,2025-07-08 14:00:00,Closed,62.0,0,I want to cancel if this is not resolved today.,1
TKT-00792,CUST-1750,Billing,Product Question,Medium,Liam,Chat,2025-05-12,2025-05-14 00:00:00,2025-05-14 00:00:00,Closed,48.0,1,I need help with my account.,3
TKT-00793,CUST-1489,Billing,Late Delivery,Medium,Ava,Chat,2025-04-27,2025-04-29 00:00:00,,Open,,0,I have contacted support multiple times and nobody has helped me.,1
TKT-00794,CUST-1907,Billing,Product Question,Low,Liam,Email,2025-10-05,2025-10-08 00:00:00,2025-10-09 04:00:00,Closed,100.0,1,I have contacted support multiple times and nobody has helped me.,3
TKT-00795,CUST-1888,Account Management,Account Verification,Medium,Ethan,Email,2025-05-09,2025-05-11 00:00:00,2025-05-11 12:00:00,Closed,60.0,1,I am tired of waiting for a response.,2
TKT-00796,CUST-1689,Product Support,Account Verification,Medium,Priya,Web Form,2025-02-27,2025-03-01 00:00:00,2025-03-03 10:00:00,Escalated,106.0,1,Thanks for helping me with this issue.,5
TKT-00797,CUST-1105,Shipping,Login Issue,High,Ethan,Phone,2025-11-23,2025-11-24 00:00:00,,Open,,0,I am having an issue and need assistance.,4
TKT-00798,CUST-1669,Shipping,Account Verification,Medium,Mia,Phone,2025-03-22,2025-03-24 00:00:00,2025-03-25 21:00:00,Closed,93.0,1,I would like an update on my ticket.,4
TKT-00799,CUST-1315,Product Support,Payment Failure,High,Priya,Chat,2025-05-15,2025-05-16 00:00:00,2025-05-16 03:00:00,Closed,27.0,2,I am tired of waiting for a response.,2
TKT-00800,CUST-1677,Account Management,Payment Failure,High,Ava,Web Form,2025-01-29,2025-01-30 00:00:00,2025-01-30 21:00:00,Escalated,45.0,2,The support team has been helpful so far.,4
TKT-00801,CUST-1076,Shipping,Subscription Cancellation,High,Ava,Phone,2025-08-07,2025-08-08 00:00:00,,Open,,1,I am having an issue and need assistance.,3
TKT-00802,CUST-1550,Technical Support,Late Delivery,Medium,Ethan,Web Form,2025-01-24,2025-01-26 00:00:00,2025-01-27 21:00:00,Closed,93.0,0,I appreciate the quick response.,5
TKT-00803,CUST-1575,Shipping,Product Question,High,Noah,Web Form,2025-03-10,2025-03-11 00:00:00,,Open,,3,I would like an update on my ticket.,3
TKT-00804,CUST-1328,Billing,Product Question,Low,Priya,Phone,2025-12-20,2025-12-23 00:00:00,2025-12-21 04:00:00,Escalated,28.0,0,This is very frustrating and I need this fixed immediately.,1
TKT-00805,CUST-1851,Account Management,Account Verification,Medium,David,Chat,2025-12-13,2025-12-15 00:00:00,2025-12-15 04:00:00,Closed,52.0,0,Please help me understand what happened.,3
TKT-00806,CUST-1578,Product Support,Refund Delay,High,David,Email,2025-10-17,2025-10-18 00:00:00,2025-10-19 21:00:00,Closed,69.0,0,I need help with my account.,3
TKT-00807,CUST-1338,Billing,Login Issue,Medium,Noah,Web Form,2025-11-09,2025-11-11 00:00:00,2025-11-10 05:00:00,Closed,29.0,3,This is very frustrating and I need this fixed immediately.,3
TKT-00808,CUST-1154,Billing,Late Delivery,Medium,David,Web Form,2025-09-28,2025-09-30 00:00:00,2025-09-28 14:00:00,Closed,14.0,0,I appreciate the quick response.,5
TKT-00809,CUST-1798,Shipping,Account Verification,Medium,David,Web Form,2025-12-01,2025-12-03 00:00:00,,Open,,0,I need help with my account.,3
TKT-00810,CUST-1898,Technical Support,Bug Report,Critical,David,Phone,2025-04-28,2025-04-28 08:00:00,2025-04-29 21:00:00,Closed,45.0,3,I have contacted support multiple times and nobody has helped me.,1
TKT-00811,CUST-1095,Account Management,Login Issue,High,Sarah,Email,2025-08-16,2025-08-17 00:00:00,2025-08-16 07:00:00,Closed,7.0,0,I want to cancel if this is not resolved today.,1
TKT-00812,CUST-1261,Technical Support,Login Issue,Low,Liam,Email,2025-09-08,2025-09-11 00:00:00,2025-09-12 10:00:00,Closed,106.0,5,I am tired of waiting for a response.,2
TKT-00813,CUST-1307,Product Support,Login Issue,Critical,Ava,Email,2025-07-14,2025-07-14 08:00:00,2025-07-14 08:00:00,Closed,8.0,4,This issue is affecting my work and I am unhappy.,3
TKT-00814,CUST-1780,Technical Support,Login Issue,Medium,Sarah,Web Form,2025-01-09,2025-01-11 00:00:00,2025-01-11 12:00:00,Closed,60.0,0,Can you check the status of my request?,4
TKT-00815,CUST-1900,Billing,Refund Delay,Medium,Liam,Phone,2025-07-10,2025-07-12 00:00:00,2025-07-12 13:00:00,Escalated,61.0,2,This is very frustrating and I need this fixed immediately.,2
TKT-00816,CUST-1892,Billing,Late Delivery,Low,Liam,Phone,2025-07-26,2025-07-29 00:00:00,,Open,,0,I have contacted support multiple times and nobody has helped me.,3
TKT-00817,CUST-1876,Technical Support,Payment Failure,Low,Sarah,Chat,2025-03-22,2025-03-25 00:00:00,2025-03-23 06:00:00,Closed,30.0,0,This issue is affecting my work and I am unhappy.,2
TKT-00818,CUST-1504,Product Support,Product Question,Low,Ava,Phone,2025-09-01,2025-09-04 00:00:00,2025-09-04 00:00:00,Closed,72.0,0,I need help with my account.,4
TKT-00819,CUST-1336,Product Support,Account Verification,Low,Mia,Chat,2025-04-26,2025-04-29 00:00:00,,Open,,0,Can you check the status of my request?,4
TKT-00820,CUST-1014,Account Management,Subscription Cancellation,High,Mia,Phone,2025-08-05,2025-08-06 00:00:00,,Open,,2,Can you check the status of my request?,3
TKT-00821,CUST-1219,Technical Support,Refund Delay,High,Liam,Chat,2025-07-23,2025-07-24 00:00:00,2025-07-26 06:00:00,Closed,78.0,3,This issue is affecting my work and I am unhappy.,2
TKT-00822,CUST-1679,Account Management,Subscription Cancellation,Medium,Noah,Phone,2025-12-02,2025-12-04 00:00:00,2025-12-04 03:00:00,Closed,51.0,2,I would like an update on my ticket.,4
TKT-00823,CUST-1894,Billing,Bug Report,High,Priya,Email,2025-07-07,2025-07-08 00:00:00,2025-07-09 12:00:00,Escalated,60.0,2,I appreciate the quick response.,4
TKT-00824,CUST-1798,Shipping,Subscription Cancellation,Medium,Noah,Chat,2025-07-23,2025-07-25 00:00:00,,Open,,0,I want to cancel if this is not resolved today.,3
TKT-00825,CUST-1878,Technical Support,Refund Delay,High,David,Chat,2025-12-22,2025-12-23 00:00:00,2025-12-23 23:00:00,Closed,47.0,3,Can you check the status of my request?,4
TKT-00826,CUST-1213,Technical Support,Subscription Cancellation,Low,Sarah,Phone,2025-07-19,2025-07-22 00:00:00,2025-07-22 20:00:00,Closed,92.0,4,I appreciate the quick response.,5
TKT-00827,CUST-1254,Product Support,Login Issue,Low,Sarah,Chat,2025-03-15,2025-03-18 00:00:00,2025-03-18 01:00:00,Closed,73.0,0,I would like an update on my ticket.,3
TKT-00828,CUST-1536,Shipping,Login Issue,Low,Priya,Chat,2025-07-25,2025-07-28 00:00:00,2025-07-26 03:00:00,Closed,27.0,0,I need help with my account.,4
TKT-00829,CUST-1641,Billing,Product Question,Low,Ethan,Phone,2025-03-05,2025-03-08 00:00:00,,Open,,4,I appreciate the quick response.,4
TKT-00830,CUST-1058,Account Management,Payment Failure,Medium,Ethan,Phone,2025-04-26,2025-04-28 00:00:00,2025-04-26 21:00:00,Closed,21.0,3,Please help me understand what happened.,4
TKT-00831,CUST-1506,Billing,Subscription Cancellation,High,Priya,Phone,2025-11-24,2025-11-25 00:00:00,2025-11-25 21:00:00,Closed,45.0,0,This is very frustrating and I need this fixed immediately.,3
TKT-00832,CUST-1097,Technical Support,Payment Failure,Medium,Noah,Web Form,2025-10-15,2025-10-17 00:00:00,2025-10-19 00:00:00,Closed,96.0,0,I have contacted support multiple times and nobody has helped me.,3
TKT-00833,CUST-1929,Billing,Account Verification,Medium,Sarah,Web Form,2025-01-21,2025-01-23 00:00:00,2025-01-25 14:00:00,Closed,110.0,0,This issue is affecting my work and I am unhappy.,3
TKT-00834,CUST-1996,Billing,Account Verification,Medium,Ava,Phone,2025-02-20,2025-02-22 00:00:00,,Open,,0,I am tired of waiting for a response.,2
TKT-00835,CUST-1341,Technical Support,Subscription Cancellation,Medium,Ava,Phone,2025-08-23,2025-08-25 00:00:00,,Open,,2,The issue was handled well.,4
TKT-00836,CUST-1345,Shipping,Account Verification,Medium,Priya,Email,2025-02-16,2025-02-18 00:00:00,2025-02-19 04:00:00,Closed,76.0,0,Please help me understand what happened.,4
TKT-00837,CUST-1407,Account Management,Bug Report,High,Mia,Phone,2025-01-09,2025-01-10 00:00:00,2025-01-11 17:00:00,Closed,65.0,1,I want to cancel if this is not resolved today.,1
TKT-00838,CUST-1331,Product Support,Login Issue,Low,Noah,Web Form,2025-05-15,2025-05-18 00:00:00,2025-05-16 06:00:00,Closed,30.0,4,I appreciate the quick response.,4
TKT-00839,CUST-1012,Technical Support,Product Question,High,Liam,Chat,2025-12-08,2025-12-09 00:00:00,2025-12-09 22:00:00,Closed,46.0,0,Can you check the status of my request?,3
TKT-00840,CUST-1764,Shipping,Account Verification,Critical,Ethan,Web Form,2025-08-01,2025-08-01 08:00:00,2025-08-02 11:00:00,Closed,35.0,1,I would like an update on my ticket.,4
TKT-00841,CUST-1098,Shipping,Bug Report,High,Priya,Web Form,2025-07-09,2025-07-10 00:00:00,2025-07-10 19:00:00,Closed,43.0,1,Can you check the status of my request?,3
TKT-00842,CUST-1066,Product Support,Product Question,Medium,Noah,Chat,2025-06-28,2025-06-30 00:00:00,2025-06-29 12:00:00,Closed,36.0,0,Please help me understand what happened.,4
TKT-00843,CUST-1441,Technical Support,Refund Delay,Medium,Ava,Phone,2025-09-02,2025-09-04 00:00:00,2025-09-03 14:00:00,Closed,38.0,4,I want to cancel if this is not resolved today.,2
TKT-00844,CUST-1994,Technical Support,Payment Failure,Low,Ethan,Phone,2025-10-03,2025-10-06 00:00:00,2025-10-05 19:00:00,Closed,67.0,1,I am having an issue and need assistance.,3
TKT-00845,CUST-1030,Product Support,Refund Delay,High,David,Email,2025-02-06,2025-02-07 00:00:00,2025-02-08 20:00:00,Closed,68.0,0,This is very frustrating and I need this fixed immediately.,1
TKT-00846,CUST-1724,Account Management,Login Issue,Medium,Noah,Web Form,2025-10-21,2025-10-23 00:00:00,2025-10-23 12:00:00,Closed,60.0,0,I appreciate the quick response.,4
TKT-00847,CUST-1570,Account Management,Subscription Cancellation,Medium,Mia,Phone,2025-07-25,2025-07-27 00:00:00,2025-07-26 13:00:00,Closed,37.0,2,I need help with my account.,3
TKT-00848,CUST-1635,Billing,Bug Report,Low,Ava,Email,2025-01-03,2025-01-06 00:00:00,2025-01-07 12:00:00,Closed,108.0,3,This is very frustrating and I need this fixed immediately.,3
TKT-00849,CUST-1152,Account Management,Late Delivery,Medium,David,Email,2025-12-16,2025-12-18 00:00:00,,Open,,2,This is very frustrating and I need this fixed immediately.,3
TKT-00850,CUST-1627,Account Management,Refund Delay,Medium,Noah,Phone,2025-05-30,2025-06-01 00:00:00,2025-06-02 06:00:00,Closed,78.0,3,I would like an update on my ticket.,3
TKT-00851,CUST-1042,Shipping,Product Question,High,Sarah,Web Form,2025-03-01,2025-03-02 00:00:00,2025-03-02 01:00:00,Closed,25.0,0,This is very frustrating and I need this fixed immediately.,2
TKT-00852,CUST-1458,Shipping,Refund Delay,High,Ethan,Email,2025-09-24,2025-09-25 00:00:00,2025-09-26 13:00:00,Closed,61.0,1,I am having an issue and need assistance.,3
TKT-00853,CUST-1805,Technical Support,Subscription Cancellation,Critical,Sarah,Web Form,2025-08-11,2025-08-11 08:00:00,2025-08-11 22:00:00,Closed,22.0,1,I am having an issue and need assistance.,4
TKT-00854,CUST-1360,Shipping,Refund Delay,Medium,Ava,Chat,2025-02-15,2025-02-17 00:00:00,2025-02-19 12:00:00,Closed,108.0,0,This issue is affecting my work and I am unhappy.,1
TKT-00855,CUST-1208,Product Support,Refund Delay,High,Sarah,Chat,2025-09-18,2025-09-19 00:00:00,2025-09-19 15:00:00,Escalated,39.0,3,I have contacted support multiple times and nobody has helped me.,3
TKT-00856,CUST-1846,Account Management,Account Verification,Medium,Ava,Email,2025-07-15,2025-07-17 00:00:00,2025-07-17 10:00:00,Closed,58.0,2,This is very frustrating and I need this fixed immediately.,2
TKT-00857,CUST-1962,Technical Support,Bug Report,High,Sarah,Email,2025-03-21,2025-03-22 00:00:00,2025-03-25 00:00:00,Closed,96.0,2,I am tired of waiting for a response.,1
TKT-00858,CUST-1131,Shipping,Payment Failure,Medium,Sarah,Web Form,2025-07-13,2025-07-15 00:00:00,2025-07-14 08:00:00,Closed,32.0,0,I need help with my account.,4
TKT-00859,CUST-1549,Technical Support,Login Issue,Medium,Noah,Chat,2025-09-08,2025-09-10 00:00:00,2025-09-09 16:00:00,Escalated,40.0,0,Please help me understand what happened.,4
TKT-00860,CUST-1114,Shipping,Subscription Cancellation,High,Priya,Email,2025-03-03,2025-03-04 00:00:00,2025-03-03 09:00:00,Closed,9.0,1,The issue was handled well.,4
TKT-00861,CUST-1786,Technical Support,Refund Delay,High,Mia,Email,2025-12-22,2025-12-23 00:00:00,2025-12-24 13:00:00,Closed,61.0,2,I would like an update on my ticket.,3
TKT-00862,CUST-1230,Technical Support,Bug Report,Low,Ava,Chat,2025-06-24,2025-06-27 00:00:00,2025-06-27 10:00:00,Closed,82.0,0,I want to cancel if this is not resolved today.,1
TKT-00863,CUST-1419,Technical Support,Account Verification,Medium,Ethan,Email,2025-08-14,2025-08-16 00:00:00,2025-08-17 05:00:00,Closed,77.0,1,I need help with my account.,3
TKT-00864,CUST-1877,Product Support,Refund Delay,Medium,Mia,Phone,2025-07-09,2025-07-11 00:00:00,2025-07-10 10:00:00,Closed,34.0,1,I want to cancel if this is not resolved today.,1
TKT-00865,CUST-1941,Technical Support,Refund Delay,Medium,Noah,Email,2025-11-29,2025-12-01 00:00:00,2025-12-02 18:00:00,Closed,90.0,1,Please help me understand what happened.,4
TKT-00866,CUST-1470,Technical Support,Product Question,Medium,David,Chat,2025-03-15,2025-03-17 00:00:00,2025-03-16 15:00:00,Closed,39.0,0,This is very frustrating and I need this fixed immediately.,1
TKT-00867,CUST-1333,Account Management,Account Verification,Critical,Mia,Phone,2025-04-17,2025-04-17 08:00:00,,Open,,0,I am having an issue and need assistance.,4
TKT-00868,CUST-1659,Account Management,Late Delivery,High,Liam,Chat,2025-04-22,2025-04-23 00:00:00,2025-04-22 16:00:00,Escalated,16.0,1,This issue is affecting my work and I am unhappy.,2
TKT-00869,CUST-1442,Shipping,Account Verification,Medium,Ethan,Email,2025-10-05,2025-10-07 00:00:00,2025-10-07 07:00:00,Closed,55.0,0,This issue is affecting my work and I am unhappy.,3
TKT-00870,CUST-1479,Technical Support,Product Question,Low,Liam,Web Form,2025-10-18,2025-10-21 00:00:00,2025-10-20 10:00:00,Closed,58.0,2,Please help me understand what happened.,4
TKT-00871,CUST-1873,Technical Support,Late Delivery,High,Ethan,Phone,2025-11-09,2025-11-10 00:00:00,,Open,,0,Thanks for helping me with this issue.,5
TKT-00872,CUST-1720,Billing,Bug Report,Critical,David,Chat,2025-03-19,2025-03-19 08:00:00,2025-03-21 00:00:00,Escalated,48.0,1,This issue is affecting my work and I am unhappy.,2
TKT-00873,CUST-1999,Technical Support,Subscription Cancellation,Medium,Mia,Chat,2025-03-25,2025-03-27 00:00:00,2025-03-26 08:00:00,Closed,32.0,1,I am having an issue and need assistance.,3
TKT-00874,CUST-1598,Billing,Late Delivery,High,Noah,Email,2025-03-11,2025-03-12 00:00:00,,Open,,1,I am tired of waiting for a response.,2
TKT-00875,CUST-1693,Product Support,Late Delivery,Medium,Ava,Web Form,2025-12-10,2025-12-12 00:00:00,2025-12-12 04:00:00,Escalated,52.0,3,The support team has been helpful so far.,5
TKT-00876,CUST-1871,Account Management,Late Delivery,Low,Liam,Phone,2025-05-30,2025-06-02 00:00:00,2025-05-30 22:00:00,Closed,22.0,3,Can you check the status of my request?,4
TKT-00877,CUST-1767,Shipping,Account Verification,Medium,Ava,Web Form,2025-06-13,2025-06-15 00:00:00,2025-06-14 20:00:00,Closed,44.0,0,I need help with my account.,4
TKT-00878,CUST-1343,Account Management,Login Issue,Medium,Ava,Chat,2025-11-16,2025-11-18 00:00:00,2025-11-16 10:00:00,Closed,10.0,1,I am having an issue and need assistance.,4
TKT-00879,CUST-1882,Shipping,Payment Failure,Medium,David,Chat,2025-06-27,2025-06-29 00:00:00,2025-06-30 06:00:00,Closed,78.0,0,I need help with my account.,4
TKT-00880,CUST-1740,Product Support,Login Issue,Low,Mia,Email,2025-05-05,2025-05-08 00:00:00,2025-05-05 21:00:00,Closed,21.0,2,I have contacted support multiple times and nobody has helped me.,1
TKT-00881,CUST-1093,Billing,Bug Report,High,Noah,Chat,2025-10-26,2025-10-27 00:00:00,2025-10-29 16:00:00,Closed,88.0,0,I have contacted support multiple times and nobody has helped me.,1
TKT-00882,CUST-1294,Billing,Refund Delay,Medium,Liam,Chat,2025-01-26,2025-01-28 00:00:00,,Open,,2,Can you check the status of my request?,4
TKT-00883,CUST-1191,Product Support,Refund Delay,Medium,Ava,Email,2025-04-01,2025-04-03 00:00:00,2025-04-03 19:00:00,Escalated,67.0,1,I have contacted support multiple times and nobody has helped me.,1
TKT-00884,CUST-1772,Shipping,Account Verification,Low,Priya,Web Form,2025-09-17,2025-09-20 00:00:00,2025-09-20 10:00:00,Closed,82.0,0,I appreciate the quick response.,5
TKT-00885,CUST-1582,Technical Support,Login Issue,Low,Ethan,Phone,2025-01-31,2025-02-03 00:00:00,2025-02-02 23:00:00,Escalated,71.0,1,I am having an issue and need assistance.,3
TKT-00886,CUST-1476,Shipping,Bug Report,Medium,Ethan,Phone,2025-09-13,2025-09-15 00:00:00,2025-09-17 05:00:00,Closed,101.0,1,I appreciate the quick response.,5
TKT-00887,CUST-1152,Account Management,Bug Report,High,Sarah,Web Form,2025-08-26,2025-08-27 00:00:00,2025-08-27 10:00:00,Escalated,34.0,3,This issue is affecting my work and I am unhappy.,3
TKT-00888,CUST-1162,Account Management,Bug Report,Low,Mia,Chat,2025-10-31,2025-11-03 00:00:00,2025-11-02 07:00:00,Closed,55.0,0,Please help me understand what happened.,4
TKT-00889,CUST-1296,Shipping,Subscription Cancellation,Low,Ethan,Web Form,2025-08-10,2025-08-13 00:00:00,2025-08-12 19:00:00,Closed,67.0,0,This issue is affecting my work and I am unhappy.,3
TKT-00890,CUST-1542,Technical Support,Account Verification,Medium,Ethan,Chat,2025-08-02,2025-08-04 00:00:00,2025-08-04 03:00:00,Closed,51.0,1,I would like an update on my ticket.,3
TKT-00891,CUST-1649,Shipping,Bug Report,High,Mia,Phone,2025-10-17,2025-10-18 00:00:00,2025-10-18 00:00:00,Closed,24.0,0,Can you check the status of my request?,4
TKT-00892,CUST-1523,Account Management,Subscription Cancellation,Medium,David,Chat,2025-03-07,2025-03-09 00:00:00,,Open,,0,I need help with my account.,4
TKT-00893,CUST-1146,Billing,Payment Failure,High,David,Email,2025-09-28,2025-09-29 00:00:00,2025-09-30 00:00:00,Closed,48.0,2,I am tired of waiting for a response.,3
TKT-00894,CUST-1204,Shipping,Refund Delay,Medium,Liam,Email,2025-06-17,2025-06-19 00:00:00,2025-06-21 06:00:00,Closed,102.0,0,I want to cancel if this is not resolved today.,3
TKT-00895,CUST-1303,Technical Support,Login Issue,Medium,Ava,Chat,2025-09-26,2025-09-28 00:00:00,2025-09-28 13:00:00,Closed,61.0,3,Can you check the status of my request?,3
TKT-00896,CUST-1282,Billing,Refund Delay,Medium,Sarah,Email,2025-07-08,2025-07-10 00:00:00,2025-07-10 12:00:00,Closed,60.0,2,I appreciate the quick response.,5
TKT-00897,CUST-1026,Technical Support,Product Question,Medium,Mia,Phone,2025-01-09,2025-01-11 00:00:00,2025-01-10 11:00:00,Closed,35.0,0,This issue is affecting my work and I am unhappy.,3
TKT-00898,CUST-1949,Account Management,Bug Report,Medium,David,Email,2025-11-26,2025-11-28 00:00:00,2025-11-29 13:00:00,Closed,85.0,2,This issue is affecting my work and I am unhappy.,1
TKT-00899,CUST-1657,Billing,Late Delivery,Low,Mia,Chat,2025-02-17,2025-02-20 00:00:00,2025-02-20 03:00:00,Closed,75.0,0,I need help with my account.,4
TKT-00900,CUST-1658,Account Management,Late Delivery,Medium,Noah,Chat,2025-08-18,2025-08-20 00:00:00,2025-08-18 22:00:00,Closed,22.0,0,I need help with my account.,3
TKT-00901,CUST-1024,Technical Support,Product Question,Low,Liam,Chat,2025-03-20,2025-03-23 00:00:00,,Open,,1,I appreciate the quick response.,5
TKT-00902,CUST-1217,Account Management,Login Issue,Low,Ava,Chat,2025-04-28,2025-05-01 00:00:00,2025-05-01 14:00:00,Closed,86.0,1,Can you check the status of my request?,4
TKT-00903,CUST-1122,Technical Support,Refund Delay,High,Priya,Phone,2025-10-12,2025-10-13 00:00:00,,Open,,0,I am having an issue and need assistance.,4
TKT-00904,CUST-1852,Shipping,Product Question,Low,Sarah,Chat,2025-04-05,2025-04-08 00:00:00,,Open,,3,I would like an update on my ticket.,4
TKT-00905,CUST-1969,Technical Support,Subscription Cancellation,Medium,Ava,Chat,2025-10-18,2025-10-20 00:00:00,2025-10-20 00:00:00,Closed,48.0,2,This is very frustrating and I need this fixed immediately.,2
TKT-00906,CUST-1905,Account Management,Bug Report,Medium,Sarah,Chat,2025-09-09,2025-09-11 00:00:00,2025-09-13 16:00:00,Escalated,112.0,3,I would like an update on my ticket.,3
TKT-00907,CUST-1286,Billing,Refund Delay,Medium,Ava,Phone,2025-01-01,2025-01-03 00:00:00,2025-01-04 08:00:00,Closed,80.0,1,I am tired of waiting for a response.,1
TKT-00908,CUST-1178,Account Management,Refund Delay,Medium,Ava,Email,2025-06-04,2025-06-06 00:00:00,2025-06-06 04:00:00,Escalated,52.0,2,I need help with my account.,4
TKT-00909,CUST-1694,Billing,Login Issue,Low,Liam,Web Form,2025-10-24,2025-10-27 00:00:00,2025-10-28 09:00:00,Closed,105.0,2,Thanks for helping me with this issue.,5
TKT-00910,CUST-1207,Account Management,Refund Delay,Low,Sarah,Web Form,2025-07-31,2025-08-03 00:00:00,2025-08-02 15:00:00,Closed,63.0,2,I am having an issue and need assistance.,4
TKT-00911,CUST-1732,Shipping,Refund Delay,Medium,Liam,Chat,2025-12-20,2025-12-22 00:00:00,2025-12-21 19:00:00,Closed,43.0,3,Please help me understand what happened.,3
TKT-00912,CUST-1594,Billing,Subscription Cancellation,Medium,David,Web Form,2025-08-30,2025-09-01 00:00:00,2025-09-01 01:00:00,Closed,49.0,0,Please help me understand what happened.,3
TKT-00913,CUST-1461,Account Management,Bug Report,Medium,David,Phone,2025-03-17,2025-03-19 00:00:00,2025-03-21 02:00:00,Closed,98.0,0,I appreciate the quick response.,5
TKT-00914,CUST-1405,Product Support,Late Delivery,High,David,Chat,2025-11-03,2025-11-04 00:00:00,,Open,,1,This is very frustrating and I need this fixed immediately.,3
TKT-00915,CUST-1561,Billing,Payment Failure,High,Ava,Email,2025-10-22,2025-10-23 00:00:00,2025-10-24 02:00:00,Closed,50.0,2,I am having an issue and need assistance.,4
TKT-00916,CUST-1819,Account Management,Payment Failure,Low,David,Web Form,2025-12-19,2025-12-22 00:00:00,2025-12-20 01:00:00,Closed,25.0,1,I have contacted support multiple times and nobody has helped me.,3
TKT-00917,CUST-1302,Billing,Product Question,Low,Noah,Phone,2025-05-04,2025-05-07 00:00:00,2025-05-07 12:00:00,Closed,84.0,4,I need help with my account.,3
TKT-00918,CUST-1311,Billing,Account Verification,Low,Noah,Email,2025-05-10,2025-05-13 00:00:00,2025-05-14 18:00:00,Closed,114.0,1,I am having an issue and need assistance.,3
TKT-00919,CUST-1432,Account Management,Product Question,Medium,Ava,Web Form,2025-01-17,2025-01-19 00:00:00,2025-01-19 00:00:00,Closed,48.0,1,I want to cancel if this is not resolved today.,1
TKT-00920,CUST-1388,Product Support,Bug Report,Critical,Ethan,Email,2025-07-14,2025-07-14 08:00:00,2025-07-15 06:00:00,Closed,30.0,0,I need help with my account.,4
TKT-00921,CUST-1957,Shipping,Account Verification,Medium,Ethan,Email,2025-06-15,2025-06-17 00:00:00,2025-06-18 20:00:00,Closed,92.0,0,I would like an update on my ticket.,3
TKT-00922,CUST-1178,Product Support,Product Question,Low,Mia,Web Form,2025-05-21,2025-05-24 00:00:00,2025-05-24 12:00:00,Closed,84.0,0,I would like an update on my ticket.,4
TKT-00923,CUST-1396,Account Management,Subscription Cancellation,High,Ava,Phone,2025-11-04,2025-11-05 00:00:00,2025-11-04 11:00:00,Escalated,11.0,0,Can you check the status of my request?,3
TKT-00924,CUST-1024,Technical Support,Payment Failure,Low,Mia,Chat,2025-06-24,2025-06-27 00:00:00,2025-06-27 21:00:00,Closed,93.0,0,I want to cancel if this is not resolved today.,3
TKT-00925,CUST-1068,Account Management,Product Question,Medium,Sarah,Email,2025-12-29,2025-12-31 00:00:00,2025-12-31 07:00:00,Closed,55.0,1,I would like an update on my ticket.,4
TKT-00926,CUST-1675,Billing,Login Issue,Medium,David,Web Form,2025-07-25,2025-07-27 00:00:00,2025-07-26 22:00:00,Closed,46.0,0,Can you check the status of my request?,4
TKT-00927,CUST-1380,Product Support,Bug Report,Medium,Ethan,Email,2025-12-03,2025-12-05 00:00:00,2025-12-06 03:00:00,Closed,75.0,0,This issue is affecting my work and I am unhappy.,1
TKT-00928,CUST-1397,Billing,Refund Delay,Low,Priya,Email,2025-06-05,2025-06-08 00:00:00,2025-06-08 00:00:00,Closed,72.0,1,I need help with my account.,3
TKT-00929,CUST-1847,Product Support,Login Issue,Low,Mia,Chat,2025-02-04,2025-02-07 00:00:00,2025-02-07 01:00:00,Closed,73.0,2,I am tired of waiting for a response.,1
TKT-00930,CUST-1629,Shipping,Payment Failure,Low,Sarah,Email,2025-06-14,2025-06-17 00:00:00,2025-06-16 14:00:00,Closed,62.0,1,This is very frustrating and I need this fixed immediately.,2
TKT-00931,CUST-1791,Product Support,Payment Failure,Medium,Mia,Chat,2025-11-03,2025-11-05 00:00:00,2025-11-04 20:00:00,Closed,44.0,0,Thanks for helping me with this issue.,4
TKT-00932,CUST-1775,Billing,Bug Report,Medium,Priya,Web Form,2025-11-29,2025-12-01 00:00:00,2025-12-02 15:00:00,Escalated,87.0,3,Please help me understand what happened.,4
TKT-00933,CUST-1320,Product Support,Late Delivery,Medium,Noah,Web Form,2025-06-25,2025-06-27 00:00:00,2025-06-28 02:00:00,Closed,74.0,0,I am having an issue and need assistance.,3
TKT-00934,CUST-1821,Shipping,Account Verification,Medium,David,Phone,2025-04-09,2025-04-11 00:00:00,2025-04-12 18:00:00,Closed,90.0,0,I would like an update on my ticket.,3
TKT-00935,CUST-1187,Shipping,Account Verification,Medium,David,Phone,2025-04-15,2025-04-17 00:00:00,,Open,,0,I would like an update on my ticket.,4
TKT-00936,CUST-1003,Account Management,Bug Report,Low,Ethan,Phone,2025-10-18,2025-10-21 00:00:00,2025-10-21 14:00:00,Closed,86.0,0,I want to cancel if this is not resolved today.,2
TKT-00937,CUST-1487,Billing,Account Verification,High,Priya,Web Form,2025-08-21,2025-08-22 00:00:00,2025-08-23 14:00:00,Closed,62.0,0,I want to cancel if this is not resolved today.,1
TKT-00938,CUST-1209,Account Management,Payment Failure,Medium,Mia,Chat,2025-03-04,2025-03-06 00:00:00,2025-03-04 14:00:00,Closed,14.0,1,I need help with my account.,4
TKT-00939,CUST-1023,Billing,Refund Delay,Low,David,Phone,2025-05-26,2025-05-29 00:00:00,2025-05-30 21:00:00,Closed,117.0,0,Can you check the status of my request?,3
TKT-00940,CUST-1097,Product Support,Bug Report,High,Mia,Web Form,2025-04-15,2025-04-16 00:00:00,,Open,,5,Please help me understand what happened.,3
TKT-00941,CUST-1218,Technical Support,Payment Failure,Low,Ethan,Chat,2025-03-30,2025-04-02 00:00:00,2025-04-01 03:00:00,Closed,51.0,0,This issue is affecting my work and I am unhappy.,2
TKT-00942,CUST-1808,Technical Support,Login Issue,High,Sarah,Web Form,2025-08-15,2025-08-16 00:00:00,2025-08-17 14:00:00,Closed,62.0,0,This issue is affecting my work and I am unhappy.,2
TKT-00943,CUST-1212,Product Support,Bug Report,Medium,Ethan,Web Form,2025-08-15,2025-08-17 00:00:00,2025-08-17 16:00:00,Closed,64.0,2,Can you check the status of my request?,4
TKT-00944,CUST-1585,Technical Support,Bug Report,Medium,Priya,Chat,2025-05-29,2025-05-31 00:00:00,2025-06-01 14:00:00,Closed,86.0,1,I need help with my account.,4
TKT-00945,CUST-1172,Shipping,Bug Report,Medium,Ethan,Web Form,2025-08-17,2025-08-19 00:00:00,2025-08-18 14:00:00,Closed,38.0,0,This issue is affecting my work and I am unhappy.,1
TKT-00946,CUST-1152,Technical Support,Account Verification,High,Sarah,Phone,2025-01-25,2025-01-26 00:00:00,2025-01-28 10:00:00,Closed,82.0,0,I appreciate the quick response.,5
TKT-00947,CUST-1295,Shipping,Late Delivery,High,Priya,Chat,2025-04-28,2025-04-29 00:00:00,2025-04-28 14:00:00,Closed,14.0,3,I would like an update on my ticket.,3
TKT-00948,CUST-1740,Product Support,Product Question,Critical,Mia,Chat,2025-01-09,2025-01-09 08:00:00,2025-01-09 08:00:00,Closed,8.0,2,Please help me understand what happened.,4
TKT-00949,CUST-1171,Technical Support,Late Delivery,Medium,Mia,Chat,2025-01-05,2025-01-07 00:00:00,,Open,,1,This issue is affecting my work and I am unhappy.,1
TKT-00950,CUST-1068,Billing,Product Question,Low,Mia,Chat,2025-11-08,2025-11-11 00:00:00,2025-11-11 05:00:00,Closed,77.0,0,I would like an update on my ticket.,3
TKT-00951,CUST-1805,Account Management,Late Delivery,Low,Ethan,Web Form,2025-12-13,2025-12-16 00:00:00,,Open,,1,I would like an update on my ticket.,4
TKT-00952,CUST-1618,Product Support,Payment Failure,High,Sarah,Chat,2025-09-15,2025-09-16 00:00:00,2025-09-17 07:00:00,Closed,55.0,1,I am having an issue and need assistance.,3
TKT-00953,CUST-1809,Account Management,Payment Failure,Medium,David,Email,2025-06-11,2025-06-13 00:00:00,2025-06-12 09:00:00,Closed,33.0,2,This issue is affecting my work and I am unhappy.,3
TKT-00954,CUST-1982,Technical Support,Subscription Cancellation,Medium,Mia,Email,2025-04-27,2025-04-29 00:00:00,2025-04-29 10:00:00,Closed,58.0,0,Can you check the status of my request?,4
TKT-00955,CUST-1041,Billing,Account Verification,Critical,Noah,Phone,2025-07-11,2025-07-11 08:00:00,,Open,,0,I would like an update on my ticket.,4
TKT-00956,CUST-1645,Account Management,Login Issue,Medium,Liam,Phone,2025-09-17,2025-09-19 00:00:00,,Open,,1,Thank you for the update.,4
TKT-00957,CUST-1443,Product Support,Bug Report,Low,Sarah,Phone,2025-11-10,2025-11-13 00:00:00,2025-11-13 15:00:00,Closed,87.0,2,Please help me understand what happened.,4
TKT-00958,CUST-1403,Product Support,Refund Delay,Medium,Noah,Chat,2025-07-13,2025-07-15 00:00:00,2025-07-16 04:00:00,Closed,76.0,3,The issue was handled well.,5
TKT-00959,CUST-1067,Technical Support,Refund Delay,Low,Ava,Chat,2025-04-10,2025-04-13 00:00:00,2025-04-14 10:00:00,Closed,106.0,1,This is very frustrating and I need this fixed immediately.,1
TKT-00960,CUST-1978,Technical Support,Refund Delay,Medium,Ethan,Email,2025-04-23,2025-04-25 00:00:00,2025-04-24 22:00:00,Closed,46.0,2,I am having an issue and need assistance.,4
TKT-00961,CUST-1494,Shipping,Bug Report,Medium,David,Chat,2025-12-08,2025-12-10 00:00:00,2025-12-12 11:00:00,Closed,107.0,3,I need help with my account.,4
TKT-00962,CUST-1475,Shipping,Bug Report,Critical,Priya,Web Form,2025-07-27,2025-07-27 08:00:00,,Open,,1,This is very frustrating and I need this fixed immediately.,1
TKT-00963,CUST-1948,Technical Support,Login Issue,Medium,David,Web Form,2025-07-24,2025-07-26 00:00:00,2025-07-27 14:00:00,Closed,86.0,1,I have contacted support multiple times and nobody has helped me.,2
TKT-00964,CUST-1219,Billing,Payment Failure,Medium,Sarah,Chat,2025-08-01,2025-08-03 00:00:00,2025-08-01 18:00:00,Closed,18.0,1,This issue is affecting my work and I am unhappy.,3
TKT-00965,CUST-1153,Account Management,Payment Failure,High,Priya,Chat,2025-11-09,2025-11-10 00:00:00,2025-11-09 14:00:00,Closed,14.0,3,Thanks for helping me with this issue.,4
TKT-00966,CUST-1041,Product Support,Payment Failure,Medium,Noah,Chat,2025-01-27,2025-01-29 00:00:00,2025-01-29 20:00:00,Closed,68.0,5,I am having an issue and need assistance.,3
TKT-00967,CUST-1630,Technical Support,Subscription Cancellation,Medium,Ava,Email,2025-01-21,2025-01-23 00:00:00,,Open,,2,I am having an issue and need assistance.,4
TKT-00968,CUST-1872,Product Support,Login Issue,High,Priya,Chat,2025-02-03,2025-02-04 00:00:00,2025-02-03 14:00:00,Closed,14.0,1,I need help with my account.,4
TKT-00969,CUST-1334,Shipping,Late Delivery,Medium,Ethan,Phone,2025-09-18,2025-09-20 00:00:00,2025-09-19 21:00:00,Closed,45.0,4,I am tired of waiting for a response.,3
TKT-00970,CUST-1244,Technical Support,Account Verification,Medium,Mia,Email,2025-02-10,2025-02-12 00:00:00,2025-02-12 05:00:00,Closed,53.0,0,I am tired of waiting for a response.,3
TKT-00971,CUST-1191,Account Management,Payment Failure,Medium,Priya,Chat,2025-08-31,2025-09-02 00:00:00,2025-09-02 06:00:00,Closed,54.0,0,I appreciate the quick response.,5
TKT-00972,CUST-1890,Account Management,Product Question,Medium,Sarah,Phone,2025-08-19,2025-08-21 00:00:00,2025-08-21 01:00:00,Closed,49.0,4,This is very frustrating and I need this fixed immediately.,1
TKT-00973,CUST-1039,Technical Support,Subscription Cancellation,Medium,Ethan,Phone,2025-03-17,2025-03-19 00:00:00,2025-03-19 00:00:00,Closed,48.0,0,Can you check the status of my request?,4
TKT-00974,CUST-1543,Billing,Bug Report,High,David,Phone,2025-01-02,2025-01-03 00:00:00,2025-01-05 05:00:00,Closed,77.0,1,I want to cancel if this is not resolved today.,2
TKT-00975,CUST-1849,Account Management,Account Verification,Medium,Ava,Web Form,2025-10-30,2025-11-01 00:00:00,2025-11-01 06:00:00,Closed,54.0,0,I need help with my account.,4
TKT-00976,CUST-1404,Account Management,Product Question,High,Liam,Phone,2025-10-30,2025-10-31 00:00:00,,Open,,3,I want to cancel if this is not resolved today.,2
TKT-00977,CUST-1016,Shipping,Refund Delay,Medium,Ava,Chat,2025-08-19,2025-08-21 00:00:00,2025-08-21 19:00:00,Escalated,67.0,2,I would like an update on my ticket.,4
TKT-00978,CUST-1743,Product Support,Subscription Cancellation,High,Ava,Web Form,2025-10-25,2025-10-26 00:00:00,,Open,,3,This issue is affecting my work and I am unhappy.,3
TKT-00979,CUST-1673,Shipping,Late Delivery,Medium,Liam,Email,2025-12-17,2025-12-19 00:00:00,2025-12-17 18:00:00,Escalated,18.0,0,I appreciate the quick response.,4
TKT-00980,CUST-1159,Shipping,Subscription Cancellation,Medium,Sarah,Chat,2025-03-25,2025-03-27 00:00:00,2025-03-25 20:00:00,Closed,20.0,1,I need help with my account.,3
TKT-00981,CUST-1364,Billing,Refund Delay,Critical,Noah,Phone,2025-04-02,2025-04-02 08:00:00,2025-04-04 06:00:00,Closed,54.0,0,I am having an issue and need assistance.,3
TKT-00982,CUST-1348,Billing,Bug Report,Low,Liam,Phone,2025-01-10,2025-01-13 00:00:00,2025-01-12 02:00:00,Closed,50.0,1,I am having an issue and need assistance.,3
TKT-00983,CUST-1789,Account Management,Payment Failure,Low,Sarah,Chat,2025-03-27,2025-03-30 00:00:00,2025-03-28 12:00:00,Escalated,36.0,2,This issue is affecting my work and I am unhappy.,3
TKT-00984,CUST-1425,Account Management,Payment Failure,Medium,David,Chat,2025-01-22,2025-01-24 00:00:00,2025-01-24 17:00:00,Closed,65.0,0,I am having an issue and need assistance.,4
TKT-00985,CUST-1639,Billing,Bug Report,High,Noah,Chat,2025-02-19,2025-02-20 00:00:00,2025-02-22 01:00:00,Closed,73.0,1,I am having an issue and need assistance.,3
TKT-00986,CUST-1998,Billing,Bug Report,Low,Sarah,Phone,2025-01-20,2025-01-23 00:00:00,,Open,,5,Please help me understand what happened.,3
TKT-00987,CUST-1872,Product Support,Bug Report,Low,Priya,Phone,2025-07-28,2025-07-31 00:00:00,2025-07-29 03:00:00,Closed,27.0,3,I want to cancel if this is not resolved today.,3
TKT-00988,CUST-1934,Billing,Bug Report,Low,Priya,Phone,2025-06-12,2025-06-15 00:00:00,2025-06-14 11:00:00,Closed,59.0,0,I want to cancel if this is not resolved today.,3
TKT-00989,CUST-1971,Billing,Subscription Cancellation,High,Priya,Email,2025-07-26,2025-07-27 00:00:00,2025-07-28 18:00:00,Closed,66.0,0,Thanks for helping me with this issue.,4
TKT-00990,CUST-1342,Product Support,Refund Delay,Low,Ethan,Email,2025-08-29,2025-09-01 00:00:00,2025-09-01 02:00:00,Closed,74.0,4,This is very frustrating and I need this fixed immediately.,1
TKT-00991,CUST-1504,Technical Support,Late Delivery,Medium,Noah,Email,2025-08-29,2025-08-31 00:00:00,2025-08-30 11:00:00,Escalated,35.0,0,I am having an issue and need assistance.,3
TKT-00992,CUST-1631,Product Support,Account Verification,Low,Liam,Web Form,2025-04-09,2025-04-12 00:00:00,2025-04-13 03:00:00,Escalated,99.0,0,I am having an issue and need assistance.,3
TKT-00993,CUST-1728,Billing,Payment Failure,Medium,Ethan,Email,2025-02-28,2025-03-02 00:00:00,2025-03-01 16:00:00,Closed,40.0,2,Can you check the status of my request?,3
TKT-00994,CUST-1109,Billing,Account Verification,Critical,Ava,Email,2025-12-17,2025-12-17 08:00:00,2025-12-19 04:00:00,Closed,52.0,0,Thanks for helping me with this issue.,5
TKT-00995,CUST-1398,Shipping,Account Verification,Medium,Mia,Email,2025-07-08,2025-07-10 00:00:00,2025-07-11 17:00:00,Closed,89.0,1,This is very frustrating and I need this fixed immediately.,1
TKT-00996,CUST-1469,Shipping,Account Verification,High,Liam,Web Form,2025-09-08,2025-09-09 00:00:00,2025-09-08 15:00:00,Closed,15.0,0,I have contacted support multiple times and nobody has helped me.,3
TKT-00997,CUST-1465,Product Support,Subscription Cancellation,Low,Noah,Phone,2025-03-14,2025-03-17 00:00:00,,Open,,1,I have contacted support multiple times and nobody has helped me.,3
TKT-00998,CUST-1660,Shipping,Subscription Cancellation,Medium,Ethan,Chat,2025-12-19,2025-12-21 00:00:00,2025-12-21 21:00:00,Closed,69.0,0,I have contacted support multiple times and nobody has helped me.,1
TKT-00999,CUST-1064,Account Management,Payment Failure,Low,Mia,Email,2025-05-18,2025-05-21 00:00:00,2025-05-20 11:00:00,Closed,59.0,1,This issue is affecting my work and I am unhappy.,1
TKT-01000,CUST-1788,Product Support,Login Issue,Low,Priya,Phone,2025-05-06,2025-05-09 00:00:00,2025-05-09 11:00:00,Escalated,83.0,0,I am tired of waiting for a response.,3
TKT-01001,CUST-1643,Product Support,Payment Failure,Medium,Ava,Web Form,2025-04-10,2025-04-12 00:00:00,,Open,,0,I am having an issue and need assistance.,3
TKT-01002,CUST-1980,Account Management,Bug Report,Low,Ethan,Chat,2025-05-06,2025-05-09 00:00:00,2025-05-09 00:00:00,Closed,72.0,0,Can you check the status of my request?,4
TKT-01003,CUST-1735,Product Support,Refund Delay,Medium,Noah,Chat,2025-04-29,2025-05-01 00:00:00,2025-04-30 10:00:00,Closed,34.0,2,Thank you for the update.,5
TKT-01004,CUST-1945,Technical Support,Account Verification,High,Liam,Phone,2025-02-19,2025-02-20 00:00:00,2025-02-20 03:00:00,Closed,27.0,3,I have contacted support multiple times and nobody has helped me.,2
TKT-01005,CUST-1102,Technical Support,Login Issue,Low,Priya,Chat,2025-01-23,2025-01-26 00:00:00,2025-01-26 04:00:00,Escalated,76.0,1,This issue is affecting my work and I am unhappy.,2
TKT-01006,CUST-1197,Billing,Account Verification,High,Priya,Email,2025-08-07,2025-08-08 00:00:00,2025-08-10 14:00:00,Closed,86.0,0,I need help with my account.,4
TKT-01007,CUST-1743,Technical Support,Late Delivery,Low,Ava,Chat,2025-04-11,2025-04-14 00:00:00,2025-04-13 08:00:00,Closed,56.0,0,I need help with my account.,3
TKT-01008,CUST-1086,Technical Support,Bug Report,Medium,Priya,Web Form,2025-03-20,2025-03-22 00:00:00,2025-03-21 21:00:00,Closed,45.0,1,Please help me understand what happened.,3
TKT-01009,CUST-1337,Technical Support,Account Verification,Low,Sarah,Email,2025-08-11,2025-08-14 00:00:00,,Open,,1,I want to cancel if this is not resolved today.,3
TKT-01010,CUST-1415,Account Management,Late Delivery,High,Liam,Web Form,2025-08-06,2025-08-07 00:00:00,2025-08-06 21:00:00,Closed,21.0,0,I have contacted support multiple times and nobody has helped me.,1
TKT-01011,CUST-1404,Shipping,Payment Failure,High,Ethan,Email,2025-10-25,2025-10-26 00:00:00,,Open,,1,I want to cancel if this is not resolved today.,2
TKT-01012,CUST-1265,Product Support,Late Delivery,Low,Mia,Chat,2025-03-06,2025-03-09 00:00:00,,Open,,0,I am having an issue and need assistance.,3
TKT-01013,CUST-1738,Shipping,Bug Report,Medium,Mia,Email,2025-08-07,2025-08-09 00:00:00,2025-08-09 16:00:00,Closed,64.0,1,I need help with my account.,4
TKT-01014,CUST-1031,Product Support,Login Issue,High,David,Web Form,2025-03-26,2025-03-27 00:00:00,,Open,,2,I have contacted support multiple times and nobody has helped me.,3
TKT-01015,CUST-1736,Billing,Bug Report,Low,Noah,Email,2025-12-19,2025-12-22 00:00:00,2025-12-22 07:00:00,Closed,79.0,0,I would like an update on my ticket.,3
TKT-01016,CUST-1154,Technical Support,Bug Report,Medium,Noah,Phone,2025-05-30,2025-06-01 00:00:00,2025-06-01 22:00:00,Closed,70.0,1,Please help me understand what happened.,3
TKT-01017,CUST-1386,Technical Support,Subscription Cancellation,Medium,Ava,Phone,2025-07-14,2025-07-16 00:00:00,2025-07-15 07:00:00,Closed,31.0,1,I appreciate the quick response.,4
TKT-01018,CUST-1677,Shipping,Bug Report,Low,Priya,Chat,2025-07-27,2025-07-30 00:00:00,2025-07-30 09:00:00,Closed,81.0,0,I am having an issue and need assistance.,4
TKT-01019,CUST-1632,Billing,Bug Report,Medium,Mia,Web Form,2025-01-22,2025-01-24 00:00:00,2025-01-23 15:00:00,Closed,39.0,0,I want to cancel if this is not resolved today.,2
TKT-01020,CUST-1267,Shipping,Refund Delay,High,Mia,Chat,2025-02-03,2025-02-04 00:00:00,,Open,,0,I would like an update on my ticket.,3
TKT-01021,CUST-1144,Shipping,Late Delivery,Medium,Ethan,Web Form,2025-05-08,2025-05-10 00:00:00,2025-05-09 08:00:00,Closed,32.0,0,Can you check the status of my request?,3
TKT-01022,CUST-1219,Account Management,Subscription Cancellation,High,Priya,Web Form,2025-06-02,2025-06-03 00:00:00,,Open,,0,I want to cancel if this is not resolved today.,2
TKT-01023,CUST-1412,Billing,Subscription Cancellation,Critical,Priya,Email,2025-08-25,2025-08-25 08:00:00,2025-08-26 11:00:00,Closed,35.0,2,I have contacted support multiple times and nobody has helped me.,1
TKT-01024,CUST-1790,Technical Support,Bug Report,Medium,Mia,Phone,2025-04-09,2025-04-11 00:00:00,,Open,,3,I would like an update on my ticket.,3
TKT-01025,CUST-1209,Technical Support,Login Issue,Medium,Mia,Phone,2025-06-19,2025-06-21 00:00:00,2025-06-22 09:00:00,Closed,81.0,1,I appreciate the quick response.,4
TKT-01026,CUST-1538,Technical Support,Account Verification,Critical,David,Chat,2025-09-27,2025-09-27 08:00:00,,Open,,2,Thank you for the update.,5
TKT-01027,CUST-1875,Account Management,Login Issue,Medium,Liam,Chat,2025-10-31,2025-11-02 00:00:00,2025-11-01 09:00:00,Closed,33.0,1,I have contacted support multiple times and nobody has helped me.,2
TKT-01028,CUST-1840,Billing,Login Issue,Critical,Ethan,Phone,2025-07-19,2025-07-19 08:00:00,,Open,,1,The support team has been helpful so far.,4
TKT-01029,CUST-1746,Billing,Refund Delay,Medium,David,Web Form,2025-02-27,2025-03-01 00:00:00,2025-02-28 19:00:00,Closed,43.0,0,Please help me understand what happened.,4
TKT-01030,CUST-1891,Shipping,Login Issue,Critical,Sarah,Email,2025-11-14,2025-11-14 08:00:00,2025-11-15 00:00:00,Closed,24.0,0,I need help with my account.,3
TKT-01031,CUST-1174,Product Support,Subscription Cancellation,Low,Priya,Chat,2025-04-29,2025-05-02 00:00:00,,Open,,1,This issue is affecting my work and I am unhappy.,1
TKT-01032,CUST-1532,Technical Support,Account Verification,Medium,Mia,Email,2025-05-03,2025-05-05 00:00:00,2025-05-05 22:00:00,Closed,70.0,4,I am having an issue and need assistance.,3
TKT-01033,CUST-1710,Product Support,Payment Failure,Critical,Ava,Phone,2025-11-19,2025-11-19 08:00:00,2025-11-20 09:00:00,Escalated,33.0,0,I have contacted support multiple times and nobody has helped me.,3
TKT-01034,CUST-1157,Billing,Login Issue,High,Sarah,Email,2025-01-22,2025-01-23 00:00:00,2025-01-24 04:00:00,Closed,52.0,3,Thanks for helping me with this issue.,5
TKT-01035,CUST-1497,Account Management,Login Issue,Medium,Liam,Email,2025-03-31,2025-04-02 00:00:00,2025-04-01 16:00:00,Closed,40.0,0,Please help me understand what happened.,3
TKT-01036,CUST-1798,Account Management,Payment Failure,High,Mia,Chat,2025-09-26,2025-09-27 00:00:00,2025-09-28 03:00:00,Closed,51.0,0,I would like an update on my ticket.,4
TKT-01037,CUST-1519,Technical Support,Bug Report,Medium,Ethan,Chat,2025-07-28,2025-07-30 00:00:00,2025-07-30 21:00:00,Closed,69.0,1,I need help with my account.,3
TKT-01038,CUST-1890,Shipping,Login Issue,High,Priya,Chat,2025-01-09,2025-01-10 00:00:00,2025-01-10 17:00:00,Closed,41.0,1,Please help me understand what happened.,4
TKT-01039,CUST-1583,Shipping,Product Question,Low,Priya,Chat,2025-10-02,2025-10-05 00:00:00,2025-10-04 10:00:00,Closed,58.0,1,I would like an update on my ticket.,4
TKT-01040,CUST-1637,Product Support,Account Verification,Critical,Liam,Email,2025-04-05,2025-04-05 08:00:00,2025-04-06 19:00:00,Escalated,43.0,0,I need help with my account.,4
TKT-01041,CUST-1333,Billing,Product Question,Low,Noah,Web Form,2025-08-02,2025-08-05 00:00:00,2025-08-03 04:00:00,Closed,28.0,5,I would like an update on my ticket.,3
TKT-01042,CUST-1415,Product Support,Bug Report,Medium,Mia,Email,2025-05-26,2025-05-28 00:00:00,2025-05-28 16:00:00,Escalated,64.0,1,I need help with my account.,3
TKT-01043,CUST-1575,Product Support,Bug Report,Medium,Mia,Web Form,2025-12-05,2025-12-07 00:00:00,2025-12-06 21:00:00,Closed,45.0,0,The support team has been helpful so far.,4
TKT-01044,CUST-1246,Account Management,Payment Failure,Low,Mia,Chat,2025-09-28,2025-10-01 00:00:00,2025-09-30 04:00:00,Closed,52.0,0,I would like an update on my ticket.,3
TKT-01045,CUST-1929,Product Support,Subscription Cancellation,High,Priya,Email,2025-01-16,2025-01-17 00:00:00,2025-01-18 04:00:00,Closed,52.0,1,I would like an update on my ticket.,4
TKT-01046,CUST-1968,Account Management,Login Issue,Critical,Noah,Web Form,2025-09-15,2025-09-15 08:00:00,,Open,,0,I have contacted support multiple times and nobody has helped me.,1
TKT-01047,CUST-1892,Billing,Payment Failure,Medium,Priya,Email,2025-05-31,2025-06-02 00:00:00,2025-05-31 22:00:00,Closed,22.0,2,I want to cancel if this is not resolved today.,1
TKT-01048,CUST-1059,Product Support,Product Question,Medium,Mia,Email,2025-07-08,2025-07-10 00:00:00,,Open,,0,Please help me understand what happened.,3
TKT-01049,CUST-1945,Account Management,Late Delivery,High,Sarah,Chat,2025-11-02,2025-11-03 00:00:00,,Open,,1,Please help me understand what happened.,4
TKT-01050,CUST-1959,Billing,Late Delivery,Medium,Noah,Phone,2025-01-12,2025-01-14 00:00:00,2025-01-15 15:00:00,Closed,87.0,0,Can you check the status of my request?,3
TKT-01051,CUST-1104,Technical Support,Bug Report,Medium,Mia,Chat,2025-06-26,2025-06-28 00:00:00,2025-06-28 01:00:00,Closed,49.0,3,This is very frustrating and I need this fixed immediately.,3
TKT-01052,CUST-1194,Billing,Late Delivery,Low,Noah,Chat,2025-08-05,2025-08-08 00:00:00,2025-08-07 02:00:00,Closed,50.0,1,This issue is affecting my work and I am unhappy.,1
TKT-01053,CUST-1996,Technical Support,Product Question,Low,Priya,Phone,2025-05-16,2025-05-19 00:00:00,2025-05-20 13:00:00,Closed,109.0,0,I would like an update on my ticket.,3
TKT-01054,CUST-1683,Billing,Payment Failure,Medium,Ava,Chat,2025-08-20,2025-08-22 00:00:00,2025-08-22 08:00:00,Closed,56.0,0,The issue was handled well.,5
TKT-01055,CUST-1175,Product Support,Late Delivery,High,Noah,Email,2025-03-24,2025-03-25 00:00:00,,Open,,0,I would like an update on my ticket.,4
TKT-01056,CUST-1029,Product Support,Bug Report,High,Ethan,Web Form,2025-04-30,2025-05-01 00:00:00,,Open,,3,I appreciate the quick response.,5
TKT-01057,CUST-1881,Shipping,Account Verification,Medium,Ethan,Email,2025-09-10,2025-09-12 00:00:00,2025-09-14 01:00:00,Closed,97.0,5,I need help with my account.,4
TKT-01058,CUST-1690,Account Management,Account Verification,High,Mia,Email,2025-07-06,2025-07-07 00:00:00,2025-07-08 00:00:00,Closed,48.0,0,I am having an issue and need assistance.,4
TKT-01059,CUST-1584,Technical Support,Login Issue,Critical,David,Email,2025-06-21,2025-06-21 08:00:00,2025-06-22 10:00:00,Closed,34.0,2,Can you check the status of my request?,3
TKT-01060,CUST-1129,Technical Support,Bug Report,Medium,Ethan,Email,2025-10-13,2025-10-15 00:00:00,2025-10-17 12:00:00,Closed,108.0,1,I have contacted support multiple times and nobody has helped me.,1
TKT-01061,CUST-1290,Billing,Bug Report,High,Liam,Web Form,2025-11-03,2025-11-04 00:00:00,2025-11-05 14:00:00,Closed,62.0,2,I need help with my account.,3
TKT-01062,CUST-1552,Shipping,Product Question,Medium,Ethan,Email,2025-12-22,2025-12-24 00:00:00,2025-12-22 19:00:00,Closed,19.0,1,Please help me understand what happened.,3
TKT-01063,CUST-1517,Technical Support,Refund Delay,Critical,Ethan,Phone,2025-07-14,2025-07-14 08:00:00,2025-07-17 05:00:00,Closed,77.0,0,Thank you for the update.,5
TKT-01064,CUST-1658,Account Management,Late Delivery,High,Mia,Phone,2025-09-22,2025-09-23 00:00:00,,Open,,1,I need help with my account.,4
TKT-01065,CUST-1797,Technical Support,Account Verification,Medium,Priya,Email,2025-12-06,2025-12-08 00:00:00,2025-12-10 08:00:00,Closed,104.0,0,I appreciate the quick response.,4
TKT-01066,CUST-1699,Shipping,Bug Report,Medium,Mia,Web Form,2025-08-24,2025-08-26 00:00:00,,Open,,1,Can you check the status of my request?,3
TKT-01067,CUST-1545,Product Support,Subscription Cancellation,High,Liam,Chat,2025-10-07,2025-10-08 00:00:00,2025-10-08 01:00:00,Closed,25.0,0,I am having an issue and need assistance.,3
TKT-01068,CUST-1228,Shipping,Product Question,Low,David,Web Form,2025-03-27,2025-03-30 00:00:00,,Open,,0,I am having an issue and need assistance.,3
TKT-01069,CUST-1774,Product Support,Login Issue,Medium,Sarah,Phone,2025-07-07,2025-07-09 00:00:00,2025-07-09 22:00:00,Escalated,70.0,4,I need help with my account.,4
TKT-01070,CUST-1495,Account Management,Subscription Cancellation,High,Liam,Email,2025-04-10,2025-04-11 00:00:00,,Open,,0,This issue is affecting my work and I am unhappy.,3
TKT-01071,CUST-1207,Technical Support,Refund Delay,Low,David,Chat,2025-05-18,2025-05-21 00:00:00,2025-05-19 22:00:00,Closed,46.0,0,I am having an issue and need assistance.,4
TKT-01072,CUST-1975,Billing,Account Verification,High,David,Chat,2025-08-03,2025-08-04 00:00:00,2025-08-05 12:00:00,Closed,60.0,0,Thank you for the update.,5
TKT-01073,CUST-1775,Technical Support,Login Issue,Medium,Noah,Email,2025-07-01,2025-07-03 00:00:00,2025-07-04 01:00:00,Closed,73.0,1,I would like an update on my ticket.,3
TKT-01074,CUST-1059,Account Management,Refund Delay,Medium,Mia,Chat,2025-09-21,2025-09-23 00:00:00,2025-09-25 03:00:00,Closed,99.0,0,Please help me understand what happened.,4
TKT-01075,CUST-1647,Shipping,Payment Failure,High,Ethan,Web Form,2025-05-24,2025-05-25 00:00:00,2025-05-24 12:00:00,Closed,12.0,1,I am tired of waiting for a response.,3
TKT-01076,CUST-1139,Shipping,Payment Failure,Critical,David,Phone,2025-04-02,2025-04-02 08:00:00,2025-04-02 09:00:00,Escalated,9.0,2,I am having an issue and need assistance.,3
TKT-01077,CUST-1070,Billing,Refund Delay,Low,Priya,Phone,2025-11-24,2025-11-27 00:00:00,,Open,,3,I am tired of waiting for a response.,2
TKT-01078,CUST-1395,Technical Support,Refund Delay,Medium,Ethan,Email,2025-09-25,2025-09-27 00:00:00,2025-09-29 02:00:00,Closed,98.0,0,I would like an update on my ticket.,4
TKT-01079,CUST-1941,Product Support,Product Question,Low,Liam,Web Form,2025-08-18,2025-08-21 00:00:00,2025-08-20 20:00:00,Closed,68.0,0,I would like an update on my ticket.,3
TKT-01080,CUST-1641,Shipping,Subscription Cancellation,Low,Noah,Chat,2025-03-30,2025-04-02 00:00:00,2025-04-02 09:00:00,Closed,81.0,0,Can you check the status of my request?,3
TKT-01081,CUST-1785,Shipping,Login Issue,Low,Ava,Email,2025-09-24,2025-09-27 00:00:00,2025-09-25 19:00:00,Closed,43.0,2,I need help with my account.,3
TKT-01082,CUST-1138,Account Management,Payment Failure,Medium,Noah,Web Form,2025-04-01,2025-04-03 00:00:00,2025-04-03 04:00:00,Closed,52.0,2,I am having an issue and need assistance.,4
TKT-01083,CUST-1054,Account Management,Late Delivery,High,Ava,Phone,2025-03-14,2025-03-15 00:00:00,2025-03-16 08:00:00,Closed,56.0,1,I need help with my account.,4
TKT-01084,CUST-1596,Product Support,Late Delivery,High,Noah,Web Form,2025-03-31,2025-04-01 00:00:00,2025-04-01 23:00:00,Closed,47.0,2,I want to cancel if this is not resolved today.,3
TKT-01085,CUST-1655,Technical Support,Refund Delay,Medium,Mia,Chat,2025-10-23,2025-10-25 00:00:00,2025-10-26 08:00:00,Escalated,80.0,2,I want to cancel if this is not resolved today.,1
TKT-01086,CUST-1273,Shipping,Account Verification,Medium,Mia,Chat,2025-03-27,2025-03-29 00:00:00,2025-03-30 15:00:00,Closed,87.0,3,I would like an update on my ticket.,4
TKT-01087,CUST-1625,Account Management,Login Issue,Medium,Ethan,Web Form,2025-04-23,2025-04-25 00:00:00,2025-04-25 10:00:00,Escalated,58.0,1,I am having an issue and need assistance.,4
TKT-01088,CUST-1932,Billing,Late Delivery,High,Ethan,Email,2025-04-06,2025-04-07 00:00:00,2025-04-07 17:00:00,Closed,41.0,0,This issue is affecting my work and I am unhappy.,3
TKT-01089,CUST-1812,Account Management,Login Issue,Low,David,Chat,2025-10-24,2025-10-27 00:00:00,2025-10-27 11:00:00,Closed,83.0,2,I have contacted support multiple times and nobody has helped me.,1
TKT-01090,CUST-1518,Shipping,Payment Failure,High,Ava,Chat,2025-03-30,2025-03-31 00:00:00,2025-03-30 20:00:00,Closed,20.0,4,I want to cancel if this is not resolved today.,3
TKT-01091,CUST-1017,Product Support,Product Question,Medium,Liam,Phone,2025-12-08,2025-12-10 00:00:00,2025-12-10 05:00:00,Closed,53.0,0,Thanks for helping me with this issue.,4
TKT-01092,CUST-1023,Shipping,Subscription Cancellation,Low,Sarah,Email,2025-10-21,2025-10-24 00:00:00,2025-10-24 13:00:00,Closed,85.0,2,The support team has been helpful so far.,4
TKT-01093,CUST-1590,Technical Support,Late Delivery,High,David,Email,2025-02-17,2025-02-18 00:00:00,,Open,,1,The support team has been helpful so far.,4
TKT-01094,CUST-1887,Account Management,Product Question,Low,Ethan,Email,2025-11-08,2025-11-11 00:00:00,2025-11-09 02:00:00,Closed,26.0,2,The support team has been helpful so far.,4
TKT-01095,CUST-1632,Account Management,Payment Failure,Medium,Mia,Email,2025-02-28,2025-03-02 00:00:00,2025-02-28 19:00:00,Closed,19.0,0,I have contacted support multiple times and nobody has helped me.,1
TKT-01096,CUST-1466,Billing,Product Question,Low,David,Web Form,2025-05-08,2025-05-11 00:00:00,2025-05-10 11:00:00,Closed,59.0,0,I need help with my account.,3
TKT-01097,CUST-1137,Shipping,Login Issue,Low,Priya,Chat,2025-02-21,2025-02-24 00:00:00,2025-02-21 23:00:00,Closed,23.0,0,I need help with my account.,4
TKT-01098,CUST-1131,Technical Support,Subscription Cancellation,Medium,Ava,Chat,2025-12-25,2025-12-27 00:00:00,,Open,,2,The support team has been helpful so far.,5
TKT-01099,CUST-1314,Product Support,Product Question,High,Noah,Chat,2025-08-21,2025-08-22 00:00:00,2025-08-21 21:00:00,Closed,21.0,0,I am having an issue and need assistance.,4
TKT-01100,CUST-1061,Technical Support,Account Verification,High,Priya,Email,2025-03-21,2025-03-22 00:00:00,2025-03-23 14:00:00,Closed,62.0,0,Please help me understand what happened.,4
TKT-01101,CUST-1327,Technical Support,Refund Delay,Medium,Noah,Web Form,2025-08-07,2025-08-09 00:00:00,,Open,,1,I have contacted support multiple times and nobody has helped me.,2
TKT-01102,CUST-1577,Shipping,Late Delivery,High,Ava,Chat,2025-12-26,2025-12-27 00:00:00,2025-12-26 19:00:00,Closed,19.0,1,This issue is affecting my work and I am unhappy.,2
TKT-01103,CUST-1856,Account Management,Bug Report,Medium,Priya,Email,2025-07-09,2025-07-11 00:00:00,,Open,,4,I need help with my account.,3
TKT-01104,CUST-1235,Shipping,Product Question,Medium,Noah,Email,2025-10-12,2025-10-14 00:00:00,2025-10-12 23:00:00,Closed,23.0,0,This issue is affecting my work and I am unhappy.,3
TKT-01105,CUST-1151,Billing,Product Question,Medium,Noah,Web Form,2025-03-24,2025-03-26 00:00:00,2025-03-27 06:00:00,Closed,78.0,2,Please help me understand what happened.,3
TKT-01106,CUST-1340,Product Support,Refund Delay,High,Noah,Phone,2025-12-27,2025-12-28 00:00:00,2025-12-28 09:00:00,Closed,33.0,1,Please help me understand what happened.,3
TKT-01107,CUST-1186,Billing,Refund Delay,High,Priya,Phone,2025-09-29,2025-09-30 00:00:00,2025-10-02 00:00:00,Closed,72.0,2,Thank you for the update.,5
TKT-01108,CUST-1412,Shipping,Bug Report,Medium,Sarah,Phone,2025-09-12,2025-09-14 00:00:00,2025-09-14 04:00:00,Closed,52.0,1,This is very frustrating and I need this fixed immediately.,3
TKT-01109,CUST-1058,Technical Support,Product Question,High,Sarah,Web Form,2025-08-12,2025-08-13 00:00:00,2025-08-13 22:00:00,Closed,46.0,0,I have contacted support multiple times and nobody has helped me.,1
TKT-01110,CUST-1935,Shipping,Payment Failure,Medium,Noah,Phone,2025-06-19,2025-06-21 00:00:00,,Open,,0,Please help me understand what happened.,3
TKT-01111,CUST-1803,Shipping,Refund Delay,Low,Priya,Chat,2025-10-06,2025-10-09 00:00:00,2025-10-10 12:00:00,Closed,108.0,0,I have contacted support multiple times and nobody has helped me.,2
TKT-01112,CUST-1833,Technical Support,Refund Delay,Medium,Ava,Phone,2025-11-28,2025-11-30 00:00:00,2025-12-02 22:00:00,Closed,118.0,0,Please help me understand what happened.,3
TKT-01113,CUST-1254,Account Management,Payment Failure,Medium,Priya,Email,2025-07-30,2025-08-01 00:00:00,2025-07-30 20:00:00,Closed,20.0,4,I would like an update on my ticket.,4
TKT-01114,CUST-1904,Technical Support,Late Delivery,High,Sarah,Chat,2025-04-18,2025-04-19 00:00:00,2025-04-20 16:00:00,Closed,64.0,0,I am tired of waiting for a response.,1
TKT-01115,CUST-1822,Account Management,Late Delivery,Low,Ethan,Email,2025-09-21,2025-09-24 00:00:00,2025-09-23 22:00:00,Closed,70.0,0,I have contacted support multiple times and nobody has helped me.,3
TKT-01116,CUST-1085,Shipping,Login Issue,High,Noah,Chat,2025-07-09,2025-07-10 00:00:00,,Open,,2,Can you check the status of my request?,3
TKT-01117,CUST-1584,Account Management,Refund Delay,High,Priya,Email,2025-02-06,2025-02-07 00:00:00,2025-02-07 21:00:00,Closed,45.0,2,I am having an issue and need assistance.,3
TKT-01118,CUST-1389,Account Management,Bug Report,Medium,Ava,Chat,2025-02-01,2025-02-03 00:00:00,2025-02-03 14:00:00,Closed,62.0,1,The support team has been helpful so far.,4
TKT-01119,CUST-1433,Product Support,Login Issue,Medium,Sarah,Email,2025-11-28,2025-11-30 00:00:00,2025-11-29 04:00:00,Closed,28.0,1,I want to cancel if this is not resolved today.,3
TKT-01120,CUST-1433,Product Support,Late Delivery,Medium,Sarah,Web Form,2025-12-07,2025-12-09 00:00:00,2025-12-08 18:00:00,Closed,42.0,0,I have contacted support multiple times and nobody has helped me.,3
TKT-01121,CUST-1299,Billing,Bug Report,Medium,Ethan,Chat,2025-04-01,2025-04-03 00:00:00,2025-04-04 06:00:00,Closed,78.0,2,Please help me understand what happened.,3
TKT-01122,CUST-1454,Billing,Payment Failure,High,Priya,Web Form,2025-07-16,2025-07-17 00:00:00,2025-07-19 01:00:00,Closed,73.0,0,Can you check the status of my request?,3
TKT-01123,CUST-1272,Billing,Late Delivery,Medium,Noah,Web Form,2025-03-14,2025-03-16 00:00:00,2025-03-17 05:00:00,Closed,77.0,1,Thank you for the update.,4
TKT-01124,CUST-1435,Product Support,Payment Failure,Medium,Liam,Email,2025-08-12,2025-08-14 00:00:00,2025-08-13 17:00:00,Closed,41.0,5,I would like an update on my ticket.,3
TKT-01125,CUST-1349,Billing,Login Issue,Low,Noah,Chat,2025-02-27,2025-03-02 00:00:00,2025-03-03 01:00:00,Closed,97.0,0,Please help me understand what happened.,3
TKT-01126,CUST-1148,Technical Support,Account Verification,Low,Priya,Phone,2025-10-12,2025-10-15 00:00:00,2025-10-16 17:00:00,Escalated,113.0,0,I am tired of waiting for a response.,2
TKT-01127,CUST-1773,Shipping,Login Issue,Medium,Sarah,Phone,2025-11-29,2025-12-01 00:00:00,2025-11-30 08:00:00,Closed,32.0,2,I need help with my account.,4
TKT-01128,CUST-1853,Account Management,Login Issue,High,Mia,Phone,2025-11-01,2025-11-02 00:00:00,2025-11-02 20:00:00,Closed,44.0,4,This issue is affecting my work and I am unhappy.,2
TKT-01129,CUST-1969,Product Support,Late Delivery,Low,Noah,Web Form,2025-05-19,2025-05-22 00:00:00,,Open,,2,Please help me understand what happened.,4
TKT-01130,CUST-1348,Shipping,Payment Failure,Medium,Liam,Web Form,2025-12-23,2025-12-25 00:00:00,2025-12-25 16:00:00,Closed,64.0,0,I have contacted support multiple times and nobody has helped me.,2
TKT-01131,CUST-1713,Product Support,Subscription Cancellation,Critical,Ava,Email,2025-03-05,2025-03-05 08:00:00,2025-03-05 13:00:00,Closed,13.0,1,I am having an issue and need assistance.,3
TKT-01132,CUST-1420,Account Management,Refund Delay,Medium,Noah,Web Form,2025-02-10,2025-02-12 00:00:00,,Open,,2,I am having an issue and need assistance.,3
TKT-01133,CUST-1305,Technical Support,Login Issue,Medium,Priya,Phone,2025-07-10,2025-07-12 00:00:00,2025-07-10 19:00:00,Closed,19.0,1,I am having an issue and need assistance.,3
TKT-01134,CUST-1165,Product Support,Subscription Cancellation,Low,Priya,Web Form,2025-07-12,2025-07-15 00:00:00,2025-07-13 23:00:00,Closed,47.0,0,Please help me understand what happened.,4
TKT-01135,CUST-1435,Billing,Subscription Cancellation,Medium,David,Web Form,2025-08-15,2025-08-17 00:00:00,,Open,,4,I would like an update on my ticket.,3
TKT-01136,CUST-1234,Technical Support,Account Verification,High,David,Phone,2025-07-27,2025-07-28 00:00:00,2025-07-31 11:00:00,Closed,107.0,0,I appreciate the quick response.,5
TKT-01137,CUST-1410,Billing,Refund Delay,Medium,Sarah,Chat,2025-04-06,2025-04-08 00:00:00,2025-04-08 13:00:00,Closed,61.0,3,Please help me understand what happened.,4
TKT-01138,CUST-1816,Technical Support,Bug Report,Medium,Sarah,Email,2025-02-23,2025-02-25 00:00:00,2025-02-25 07:00:00,Escalated,55.0,3,I am tired of waiting for a response.,3
TKT-01139,CUST-1591,Product Support,Payment Failure,Critical,Ava,Email,2025-02-25,2025-02-25 08:00:00,2025-02-26 08:00:00,Closed,32.0,5,Thanks for helping me with this issue.,4
TKT-01140,CUST-1054,Product Support,Bug Report,Medium,Ava,Phone,2025-08-17,2025-08-19 00:00:00,2025-08-20 23:00:00,Closed,95.0,2,Thanks for helping me with this issue.,4
TKT-01141,CUST-1271,Technical Support,Subscription Cancellation,Low,Ethan,Phone,2025-04-27,2025-04-30 00:00:00,2025-04-30 16:00:00,Closed,88.0,1,This is very frustrating and I need this fixed immediately.,2
TKT-01142,CUST-1292,Product Support,Late Delivery,Medium,Noah,Chat,2025-09-15,2025-09-17 00:00:00,2025-09-16 16:00:00,Closed,40.0,1,I am having an issue and need assistance.,4
TKT-01143,CUST-1962,Account Management,Bug Report,High,Liam,Email,2025-02-27,2025-02-28 00:00:00,,Open,,1,This issue is affecting my work and I am unhappy.,3
TKT-01144,CUST-1839,Product Support,Login Issue,Medium,Sarah,Chat,2025-05-05,2025-05-07 00:00:00,2025-05-06 05:00:00,Closed,29.0,3,Please help me understand what happened.,3
TKT-01145,CUST-1332,Billing,Product Question,Medium,Ava,Email,2025-02-04,2025-02-06 00:00:00,2025-02-06 21:00:00,Closed,69.0,1,Thank you for the update.,4
TKT-01146,CUST-1526,Product Support,Late Delivery,Medium,Liam,Phone,2025-04-28,2025-04-30 00:00:00,2025-04-28 09:00:00,Closed,9.0,2,Please help me understand what happened.,4
TKT-01147,CUST-1067,Billing,Payment Failure,Medium,Mia,Phone,2025-05-11,2025-05-13 00:00:00,2025-05-13 23:00:00,Closed,71.0,1,I am tired of waiting for a response.,3
TKT-01148,CUST-1823,Account Management,Account Verification,Medium,Noah,Email,2025-11-25,2025-11-27 00:00:00,2025-11-27 02:00:00,Closed,50.0,4,I am having an issue and need assistance.,4
TKT-01149,CUST-1385,Product Support,Payment Failure,Critical,Mia,Email,2025-06-06,2025-06-06 08:00:00,,Open,,0,This is very frustrating and I need this fixed immediately.,2
TKT-01150,CUST-1999,Technical Support,Refund Delay,High,Sarah,Phone,2025-03-31,2025-04-01 00:00:00,2025-04-02 13:00:00,Closed,61.0,0,I need help with my account.,3
TKT-01151,CUST-1179,Billing,Product Question,Low,Mia,Chat,2025-03-30,2025-04-02 00:00:00,2025-04-02 15:00:00,Closed,87.0,0,The support team has been helpful so far.,4
TKT-01152,CUST-1395,Billing,Refund Delay,Low,Sarah,Web Form,2025-08-11,2025-08-14 00:00:00,2025-08-15 12:00:00,Closed,108.0,3,This issue is affecting my work and I am unhappy.,3
TKT-01153,CUST-1603,Billing,Refund Delay,Medium,Priya,Chat,2025-07-10,2025-07-12 00:00:00,,Open,,0,Can you check the status of my request?,3
TKT-01154,CUST-1003,Product Support,Refund Delay,High,Priya,Web Form,2025-10-09,2025-10-10 00:00:00,,Open,,1,I have contacted support multiple times and nobody has helped me.,1
TKT-01155,CUST-1432,Technical Support,Refund Delay,Medium,Sarah,Chat,2025-01-02,2025-01-04 00:00:00,2025-01-04 23:00:00,Closed,71.0,3,The issue was handled well.,5
TKT-01156,CUST-1408,Shipping,Login Issue,Low,Sarah,Phone,2025-06-03,2025-06-06 00:00:00,2025-06-03 23:00:00,Escalated,23.0,0,I am having an issue and need assistance.,3
TKT-01157,CUST-1547,Product Support,Subscription Cancellation,High,Ethan,Email,2025-09-25,2025-09-26 00:00:00,2025-09-26 03:00:00,Closed,27.0,1,Can you check the status of my request?,4
TKT-01158,CUST-1372,Product Support,Payment Failure,Low,Ethan,Email,2025-09-28,2025-10-01 00:00:00,,Open,,1,Please help me understand what happened.,3
TKT-01159,CUST-1441,Billing,Bug Report,High,Sarah,Chat,2025-07-05,2025-07-06 00:00:00,2025-07-08 20:00:00,Closed,92.0,1,Thanks for helping me with this issue.,4
TKT-01160,CUST-1802,Shipping,Product Question,High,Mia,Web Form,2025-01-08,2025-01-09 00:00:00,,Open,,5,Can you check the status of my request?,3
TKT-01161,CUST-1098,Account Management,Bug Report,Medium,David,Email,2025-08-24,2025-08-26 00:00:00,,Open,,1,Can you check the status of my request?,3
TKT-01162,CUST-1054,Product Support,Late Delivery,Medium,Sarah,Chat,2025-08-12,2025-08-14 00:00:00,2025-08-13 06:00:00,Closed,30.0,1,I need help with my account.,4
TKT-01163,CUST-1865,Shipping,Bug Report,Medium,Mia,Email,2025-10-11,2025-10-13 00:00:00,,Open,,0,This is very frustrating and I need this fixed immediately.,1
TKT-01164,CUST-1281,Product Support,Late Delivery,Low,David,Web Form,2025-01-01,2025-01-04 00:00:00,2025-01-04 13:00:00,Closed,85.0,0,I am tired of waiting for a response.,2
TKT-01165,CUST-1164,Billing,Product Question,Low,Mia,Phone,2025-08-29,2025-09-01 00:00:00,2025-08-30 22:00:00,Closed,46.0,0,I would like an update on my ticket.,3
TKT-01166,CUST-1714,Shipping,Product Question,Low,Mia,Web Form,2025-02-07,2025-02-10 00:00:00,2025-02-09 13:00:00,Closed,61.0,0,I want to cancel if this is not resolved today.,3
TKT-01167,CUST-1371,Billing,Login Issue,Low,David,Email,2025-11-09,2025-11-12 00:00:00,2025-11-10 16:00:00,Closed,40.0,0,I have contacted support multiple times and nobody has helped me.,3
TKT-01168,CUST-1849,Technical Support,Product Question,Low,Mia,Chat,2025-01-23,2025-01-26 00:00:00,2025-01-24 14:00:00,Closed,38.0,0,I am tired of waiting for a response.,3
TKT-01169,CUST-1134,Billing,Subscription Cancellation,Medium,David,Phone,2025-04-27,2025-04-29 00:00:00,2025-05-01 01:00:00,Closed,97.0,1,This issue is affecting my work and I am unhappy.,2
TKT-01170,CUST-1036,Product Support,Subscription Cancellation,Medium,Ethan,Email,2025-07-31,2025-08-02 00:00:00,2025-08-03 01:00:00,Closed,73.0,0,Can you check the status of my request?,3
TKT-01171,CUST-1536,Shipping,Bug Report,Low,David,Web Form,2025-04-24,2025-04-27 00:00:00,2025-04-26 01:00:00,Escalated,49.0,2,This issue is affecting my work and I am unhappy.,2
TKT-01172,CUST-1734,Technical Support,Bug Report,High,Mia,Web Form,2025-09-29,2025-09-30 00:00:00,2025-10-03 05:00:00,Closed,101.0,0,I would like an update on my ticket.,3
TKT-01173,CUST-1456,Shipping,Subscription Cancellation,Critical,Liam,Phone,2025-04-01,2025-04-01 08:00:00,2025-04-01 21:00:00,Closed,21.0,0,I appreciate the quick response.,4
TKT-01174,CUST-1553,Account Management,Subscription Cancellation,High,Sarah,Phone,2025-08-18,2025-08-19 00:00:00,2025-08-18 09:00:00,Escalated,9.0,0,I need help with my account.,3
TKT-01175,CUST-1097,Shipping,Bug Report,Low,Ethan,Phone,2025-01-15,2025-01-18 00:00:00,2025-01-19 03:00:00,Escalated,99.0,5,I would like an update on my ticket.,4
TKT-01176,CUST-1837,Product Support,Refund Delay,Low,Priya,Web Form,2025-12-16,2025-12-19 00:00:00,2025-12-19 02:00:00,Closed,74.0,0,Can you check the status of my request?,4
TKT-01177,CUST-1161,Shipping,Login Issue,Medium,Ava,Email,2025-12-08,2025-12-10 00:00:00,,Open,,3,I need help with my account.,3
TKT-01178,CUST-1978,Account Management,Refund Delay,Low,Noah,Phone,2025-04-20,2025-04-23 00:00:00,2025-04-22 09:00:00,Closed,57.0,1,I appreciate the quick response.,4
TKT-01179,CUST-1682,Account Management,Login Issue,High,Liam,Chat,2025-08-26,2025-08-27 00:00:00,2025-08-26 07:00:00,Closed,7.0,1,I need help with my account.,3
TKT-01180,CUST-1438,Billing,Refund Delay,Low,Sarah,Phone,2025-12-13,2025-12-16 00:00:00,2025-12-16 03:00:00,Closed,75.0,0,Thanks for helping me with this issue.,4
TKT-01181,CUST-1150,Billing,Subscription Cancellation,Low,Priya,Email,2025-04-24,2025-04-27 00:00:00,,Open,,0,I would like an update on my ticket.,4
TKT-01182,CUST-1075,Billing,Bug Report,Medium,Ava,Email,2025-07-28,2025-07-30 00:00:00,2025-08-01 16:00:00,Closed,112.0,0,I want to cancel if this is not resolved today.,1
TKT-01183,CUST-1198,Product Support,Payment Failure,High,Ethan,Phone,2025-01-23,2025-01-24 00:00:00,2025-01-24 12:00:00,Closed,36.0,0,This is very frustrating and I need this fixed immediately.,3
TKT-01184,CUST-1223,Product Support,Subscription Cancellation,Medium,David,Chat,2025-01-11,2025-01-13 00:00:00,2025-01-13 10:00:00,Closed,58.0,3,I appreciate the quick response.,4
TKT-01185,CUST-1642,Technical Support,Bug Report,High,Noah,Web Form,2025-04-19,2025-04-20 00:00:00,2025-04-22 00:00:00,Closed,72.0,0,Can you check the status of my request?,3
TKT-01186,CUST-1250,Technical Support,Late Delivery,Low,Liam,Phone,2025-06-19,2025-06-22 00:00:00,2025-06-20 22:00:00,Closed,46.0,3,I need help with my account.,4
TKT-01187,CUST-1342,Billing,Payment Failure,Medium,Liam,Email,2025-03-19,2025-03-21 00:00:00,2025-03-20 13:00:00,Closed,37.0,0,I am tired of waiting for a response.,3
TKT-01188,CUST-1687,Account Management,Bug Report,High,Ethan,Phone,2025-10-17,2025-10-18 00:00:00,2025-10-18 07:00:00,Closed,31.0,0,This is very frustrating and I need this fixed immediately.,2
TKT-01189,CUST-1929,Technical Support,Refund Delay,High,Mia,Web Form,2025-07-09,2025-07-10 00:00:00,2025-07-11 01:00:00,Escalated,49.0,3,Can you check the status of my request?,3
TKT-01190,CUST-1069,Account Management,Login Issue,Low,David,Chat,2025-04-26,2025-04-29 00:00:00,2025-04-29 10:00:00,Closed,82.0,4,Thank you for the update.,4
TKT-01191,CUST-1340,Shipping,Login Issue,Medium,Ethan,Email,2025-12-18,2025-12-20 00:00:00,2025-12-21 08:00:00,Closed,80.0,0,I would like an update on my ticket.,4
TKT-01192,CUST-1490,Product Support,Login Issue,High,David,Web Form,2025-12-20,2025-12-21 00:00:00,2025-12-22 01:00:00,Closed,49.0,1,I am tired of waiting for a response.,1
TKT-01193,CUST-1141,Product Support,Account Verification,Low,Sarah,Chat,2025-09-18,2025-09-21 00:00:00,2025-09-22 06:00:00,Closed,102.0,3,I have contacted support multiple times and nobody has helped me.,3
TKT-01194,CUST-1258,Technical Support,Product Question,Low,Ava,Chat,2025-10-10,2025-10-13 00:00:00,2025-10-12 15:00:00,Escalated,63.0,5,The support team has been helpful so far.,4
TKT-01195,CUST-1642,Billing,Subscription Cancellation,Medium,Priya,Chat,2025-03-09,2025-03-11 00:00:00,2025-03-10 13:00:00,Closed,37.0,2,This is very frustrating and I need this fixed immediately.,3
TKT-01196,CUST-1896,Billing,Late Delivery,Low,Liam,Email,2025-05-22,2025-05-25 00:00:00,2025-05-23 15:00:00,Closed,39.0,1,This is very frustrating and I need this fixed immediately.,3
TKT-01197,CUST-1732,Billing,Account Verification,Medium,Liam,Email,2025-03-08,2025-03-10 00:00:00,2025-03-10 12:00:00,Closed,60.0,0,Thanks for helping me with this issue.,5
TKT-01198,CUST-1612,Product Support,Account Verification,Critical,Ethan,Web Form,2025-08-24,2025-08-24 08:00:00,2025-08-25 11:00:00,Closed,35.0,0,Thanks for helping me with this issue.,4
TKT-01199,CUST-1253,Billing,Payment Failure,Medium,Noah,Web Form,2025-06-02,2025-06-04 00:00:00,,Open,,1,Thanks for helping me with this issue.,5
TKT-01200,CUST-1415,Product Support,Subscription Cancellation,Low,Sarah,Web Form,2025-03-25,2025-03-28 00:00:00,2025-03-26 07:00:00,Escalated,31.0,0,Thanks for helping me with this issue.,5
TKT-01201,CUST-1310,Product Support,Bug Report,Critical,Sarah,Web Form,2025-08-24,2025-08-24 08:00:00,2025-08-25 15:00:00,Closed,39.0,1,I am having an issue and need assistance.,3
TKT-01202,CUST-1581,Product Support,Subscription Cancellation,High,Priya,Phone,2025-12-02,2025-12-03 00:00:00,2025-12-03 07:00:00,Escalated,31.0,1,Can you check the status of my request?,3
TKT-01203,CUST-1261,Account Management,Bug Report,Low,Sarah,Chat,2025-08-21,2025-08-24 00:00:00,2025-08-23 08:00:00,Closed,56.0,3,I appreciate the quick response.,4
TKT-01204,CUST-1757,Technical Support,Payment Failure,Medium,David,Phone,2025-05-17,2025-05-19 00:00:00,2025-05-18 16:00:00,Closed,40.0,4,Please help me understand what happened.,3
TKT-01205,CUST-1969,Product Support,Payment Failure,Low,Liam,Phone,2025-12-31,2026-01-03 00:00:00,2025-12-31 22:00:00,Closed,22.0,0,Can you check the status of my request?,4
TKT-01206,CUST-1080,Account Management,Late Delivery,High,Ava,Phone,2025-09-30,2025-10-01 00:00:00,2025-09-30 19:00:00,Escalated,19.0,4,The support team has been helpful so far.,4
TKT-01207,CUST-1969,Shipping,Product Question,Medium,David,Phone,2025-07-09,2025-07-11 00:00:00,2025-07-11 09:00:00,Closed,57.0,2,I am having an issue and need assistance.,4
TKT-01208,CUST-1927,Technical Support,Bug Report,Critical,Sarah,Phone,2025-10-16,2025-10-16 08:00:00,,Open,,0,This issue is affecting my work and I am unhappy.,1
TKT-01209,CUST-1089,Shipping,Late Delivery,Low,David,Phone,2025-07-09,2025-07-12 00:00:00,2025-07-09 14:00:00,Closed,14.0,4,I am tired of waiting for a response.,3
TKT-01210,CUST-1464,Shipping,Late Delivery,High,Mia,Phone,2025-07-10,2025-07-11 00:00:00,,Open,,0,This is very frustrating and I need this fixed immediately.,1
TKT-01211,CUST-1253,Shipping,Late Delivery,Low,Noah,Phone,2025-04-03,2025-04-06 00:00:00,2025-04-05 13:00:00,Closed,61.0,1,I would like an update on my ticket.,3
TKT-01212,CUST-1546,Technical Support,Payment Failure,High,Priya,Phone,2025-06-08,2025-06-09 00:00:00,2025-06-09 19:00:00,Closed,43.0,1,Thanks for helping me with this issue.,4
TKT-01213,CUST-1835,Billing,Product Question,Critical,David,Chat,2025-03-14,2025-03-14 08:00:00,2025-03-15 12:00:00,Escalated,36.0,1,Can you check the status of my request?,4
TKT-01214,CUST-1541,Shipping,Late Delivery,Medium,Ethan,Phone,2025-05-17,2025-05-19 00:00:00,2025-05-17 14:00:00,Closed,14.0,4,I have contacted support multiple times and nobody has helped me.,3
TKT-01215,CUST-1285,Account Management,Bug Report,High,Mia,Chat,2025-08-16,2025-08-17 00:00:00,2025-08-17 08:00:00,Closed,32.0,0,I need help with my account.,3
TKT-01216,CUST-1876,Billing,Refund Delay,High,David,Chat,2025-08-13,2025-08-14 00:00:00,2025-08-14 23:00:00,Closed,47.0,5,The support team has been helpful so far.,5
TKT-01217,CUST-1781,Technical Support,Late Delivery,Low,Mia,Phone,2025-08-26,2025-08-29 00:00:00,2025-08-28 11:00:00,Closed,59.0,4,I need help with my account.,3
TKT-01218,CUST-1027,Account Management,Login Issue,Medium,Mia,Email,2025-04-12,2025-04-14 00:00:00,2025-04-13 09:00:00,Closed,33.0,0,This is very frustrating and I need this fixed immediately.,3
TKT-01219,CUST-1173,Product Support,Late Delivery,Medium,Ethan,Chat,2025-06-26,2025-06-28 00:00:00,,Open,,3,Can you check the status of my request?,3
TKT-01220,CUST-1519,Technical Support,Product Question,Low,Liam,Chat,2025-01-01,2025-01-04 00:00:00,,Open,,0,Please help me understand what happened.,3
TKT-01221,CUST-1849,Shipping,Refund Delay,Medium,Noah,Email,2025-10-10,2025-10-12 00:00:00,2025-10-11 09:00:00,Closed,33.0,2,Thank you for the update.,4
TKT-01222,CUST-1723,Technical Support,Payment Failure,Low,Ava,Web Form,2025-03-05,2025-03-08 00:00:00,,Open,,2,I would like an update on my ticket.,3
TKT-01223,CUST-1145,Billing,Product Question,Medium,Sarah,Phone,2025-10-01,2025-10-03 00:00:00,2025-10-04 01:00:00,Closed,73.0,0,The support team has been helpful so far.,4
TKT-01224,CUST-1386,Technical Support,Refund Delay,Medium,Priya,Phone,2025-03-20,2025-03-22 00:00:00,,Open,,0,This issue is affecting my work and I am unhappy.,1
TKT-01225,CUST-1006,Technical Support,Bug Report,Low,Ava,Web Form,2025-05-05,2025-05-08 00:00:00,2025-05-09 07:00:00,Closed,103.0,1,I need help with my account.,3
TKT-01226,CUST-1520,Account Management,Bug Report,Low,Priya,Email,2025-12-01,2025-12-04 00:00:00,2025-12-05 23:00:00,Closed,119.0,0,Please help me understand what happened.,3
TKT-01227,CUST-1818,Shipping,Payment Failure,Low,Ethan,Phone,2025-07-17,2025-07-20 00:00:00,,Open,,0,I would like an update on my ticket.,3
TKT-01228,CUST-1738,Technical Support,Login Issue,Medium,Sarah,Phone,2025-02-06,2025-02-08 00:00:00,2025-02-09 22:00:00,Closed,94.0,0,I have contacted support multiple times and nobody has helped me.,3
TKT-01229,CUST-1072,Account Management,Account Verification,Medium,Ethan,Web Form,2025-07-03,2025-07-05 00:00:00,2025-07-05 00:00:00,Closed,48.0,0,Can you check the status of my request?,3
TKT-01230,CUST-1544,Product Support,Product Question,Low,Noah,Chat,2025-06-07,2025-06-10 00:00:00,,Open,,0,This issue is affecting my work and I am unhappy.,2
TKT-01231,CUST-1448,Product Support,Product Question,Medium,Ethan,Chat,2025-02-07,2025-02-09 00:00:00,2025-02-09 14:00:00,Closed,62.0,2,This is very frustrating and I need this fixed immediately.,1
TKT-01232,CUST-1207,Account Management,Refund Delay,Medium,David,Web Form,2025-11-29,2025-12-01 00:00:00,2025-12-02 23:00:00,Closed,95.0,0,I would like an update on my ticket.,4
TKT-01233,CUST-1360,Billing,Login Issue,Medium,Sarah,Phone,2025-06-08,2025-06-10 00:00:00,2025-06-08 20:00:00,Closed,20.0,0,Thank you for the update.,4
TKT-01234,CUST-1405,Billing,Bug Report,Medium,Sarah,Phone,2025-05-25,2025-05-27 00:00:00,2025-05-28 21:00:00,Closed,93.0,0,I would like an update on my ticket.,4
TKT-01235,CUST-1911,Shipping,Subscription Cancellation,Medium,Sarah,Web Form,2025-07-25,2025-07-27 00:00:00,2025-07-27 17:00:00,Escalated,65.0,3,The support team has been helpful so far.,5
TKT-01236,CUST-1998,Shipping,Payment Failure,Medium,Ava,Phone,2025-06-19,2025-06-21 00:00:00,2025-06-19 10:00:00,Closed,10.0,1,I need help with my account.,4
TKT-01237,CUST-1711,Shipping,Payment Failure,Medium,Ethan,Web Form,2025-02-10,2025-02-12 00:00:00,2025-02-13 08:00:00,Closed,80.0,1,Can you check the status of my request?,3
TKT-01238,CUST-1873,Shipping,Product Question,High,Mia,Phone,2025-06-29,2025-06-30 00:00:00,2025-06-30 13:00:00,Closed,37.0,1,Can you check the status of my request?,3
TKT-01239,CUST-1226,Shipping,Subscription Cancellation,High,David,Web Form,2025-06-28,2025-06-29 00:00:00,2025-06-29 22:00:00,Closed,46.0,5,I am tired of waiting for a response.,3
TKT-01240,CUST-1291,Shipping,Subscription Cancellation,High,Priya,Email,2025-07-22,2025-07-23 00:00:00,,Open,,4,I would like an update on my ticket.,4
TKT-01241,CUST-1589,Technical Support,Subscription Cancellation,High,Priya,Email,2025-09-27,2025-09-28 00:00:00,2025-09-27 18:00:00,Closed,18.0,1,The issue was handled well.,4
TKT-01242,CUST-1334,Product Support,Subscription Cancellation,Low,Mia,Email,2025-01-05,2025-01-08 00:00:00,2025-01-08 13:00:00,Closed,85.0,0,I need help with my account.,4
TKT-01243,CUST-1390,Shipping,Bug Report,Low,Sarah,Phone,2025-06-22,2025-06-25 00:00:00,2025-06-25 09:00:00,Closed,81.0,0,Please help me understand what happened.,4
TKT-01244,CUST-1541,Billing,Late Delivery,High,Liam,Email,2025-01-15,2025-01-16 00:00:00,2025-01-15 17:00:00,Closed,17.0,3,Please help me understand what happened.,4
TKT-01245,CUST-1369,Product Support,Payment Failure,Low,David,Web Form,2025-01-02,2025-01-05 00:00:00,2025-01-05 11:00:00,Escalated,83.0,1,I am tired of waiting for a response.,3
TKT-01246,CUST-1911,Product Support,Subscription Cancellation,Low,David,Web Form,2025-07-18,2025-07-21 00:00:00,2025-07-19 16:00:00,Escalated,40.0,1,The support team has been helpful so far.,5
TKT-01247,CUST-1679,Technical Support,Account Verification,High,Mia,Chat,2025-01-18,2025-01-19 00:00:00,2025-01-20 01:00:00,Closed,49.0,0,I appreciate the quick response.,4
TKT-01248,CUST-1907,Account Management,Payment Failure,Medium,Sarah,Email,2025-01-17,2025-01-19 00:00:00,2025-01-19 00:00:00,Closed,48.0,0,I have contacted support multiple times and nobody has helped me.,1
TKT-01249,CUST-1167,Billing,Product Question,Medium,Priya,Email,2025-08-27,2025-08-29 00:00:00,,Open,,0,I am having an issue and need assistance.,3
TKT-01250,CUST-1016,Technical Support,Subscription Cancellation,Medium,David,Chat,2025-08-18,2025-08-20 00:00:00,2025-08-19 12:00:00,Closed,36.0,0,I have contacted support multiple times and nobody has helped me.,1
TKT-01251,CUST-1922,Technical Support,Bug Report,Medium,Noah,Chat,2025-04-15,2025-04-17 00:00:00,2025-04-17 15:00:00,Closed,63.0,0,I have contacted support multiple times and nobody has helped me.,3
TKT-01252,CUST-1284,Account Management,Product Question,Medium,Ava,Web Form,2025-08-07,2025-08-09 00:00:00,,Open,,0,I have contacted support multiple times and nobody has helped me.,1
TKT-01253,CUST-1130,Shipping,Account Verification,Low,Mia,Chat,2025-10-25,2025-10-28 00:00:00,2025-10-29 00:00:00,Closed,96.0,0,This is very frustrating and I need this fixed immediately.,1
TKT-01254,CUST-1676,Product Support,Subscription Cancellation,Medium,Ava,Email,2025-08-21,2025-08-23 00:00:00,2025-08-22 04:00:00,Closed,28.0,3,The issue was handled well.,5
TKT-01255,CUST-1051,Product Support,Product Question,High,Noah,Web Form,2025-11-25,2025-11-26 00:00:00,2025-11-27 08:00:00,Closed,56.0,1,This is very frustrating and I need this fixed immediately.,2
TKT-01256,CUST-1394,Account Management,Bug Report,Medium,Liam,Web Form,2025-03-20,2025-03-22 00:00:00,2025-03-22 13:00:00,Escalated,61.0,0,I need help with my account.,4
TKT-01257,CUST-1543,Account Management,Subscription Cancellation,High,Mia,Chat,2025-09-06,2025-09-07 00:00:00,,Open,,0,Thanks for helping me with this issue.,4
TKT-01258,CUST-1360,Account Management,Refund Delay,Low,David,Web Form,2025-11-11,2025-11-14 00:00:00,,Open,,0,The support team has been helpful so far.,4
TKT-01259,CUST-1570,Billing,Subscription Cancellation,Medium,Mia,Phone,2025-02-26,2025-02-28 00:00:00,2025-02-27 05:00:00,Escalated,29.0,4,This is very frustrating and I need this fixed immediately.,1
TKT-01260,CUST-1391,Account Management,Late Delivery,Low,David,Phone,2025-03-18,2025-03-21 00:00:00,2025-03-19 06:00:00,Closed,30.0,0,I want to cancel if this is not resolved today.,3
TKT-01261,CUST-1012,Technical Support,Account Verification,High,Ava,Chat,2025-04-14,2025-04-15 00:00:00,2025-04-16 15:00:00,Closed,63.0,3,I would like an update on my ticket.,4
TKT-01262,CUST-1806,Shipping,Product Question,Low,Mia,Email,2025-07-11,2025-07-14 00:00:00,2025-07-14 18:00:00,Closed,90.0,0,I am tired of waiting for a response.,1
TKT-01263,CUST-1326,Account Management,Product Question,Medium,Mia,Web Form,2025-08-07,2025-08-09 00:00:00,2025-08-08 04:00:00,Closed,28.0,0,Please help me understand what happened.,4
TKT-01264,CUST-1154,Technical Support,Late Delivery,High,Mia,Email,2025-08-03,2025-08-04 00:00:00,2025-08-04 08:00:00,Closed,32.0,1,I appreciate the quick response.,4
TKT-01265,CUST-1250,Product Support,Subscription Cancellation,Low,David,Web Form,2025-04-22,2025-04-25 00:00:00,2025-04-22 17:00:00,Closed,17.0,1,Can you check the status of my request?,4
TKT-01266,CUST-1099,Account Management,Late Delivery,Medium,Mia,Phone,2025-12-07,2025-12-09 00:00:00,2025-12-07 13:00:00,Closed,13.0,1,I need help with my account.,4
TKT-01267,CUST-1972,Technical Support,Account Verification,High,Liam,Email,2025-01-23,2025-01-24 00:00:00,2025-01-27 01:00:00,Closed,97.0,1,The support team has been helpful so far.,4
TKT-01268,CUST-1781,Technical Support,Login Issue,Medium,Priya,Email,2025-12-31,2026-01-02 00:00:00,2026-01-04 01:00:00,Closed,97.0,1,I need help with my account.,3
TKT-01269,CUST-1583,Product Support,Login Issue,Medium,Priya,Email,2025-07-19,2025-07-21 00:00:00,,Open,,1,The issue was handled well.,4
TKT-01270,CUST-1121,Product Support,Product Question,Medium,Ethan,Chat,2025-06-10,2025-06-12 00:00:00,2025-06-12 01:00:00,Closed,49.0,0,I am tired of waiting for a response.,3
TKT-01271,CUST-1187,Product Support,Payment Failure,High,Liam,Phone,2025-12-04,2025-12-05 00:00:00,2025-12-05 19:00:00,Closed,43.0,0,Thanks for helping me with this issue.,4
TKT-01272,CUST-1092,Billing,Subscription Cancellation,Medium,Ava,Phone,2025-03-25,2025-03-27 00:00:00,2025-03-26 23:00:00,Closed,47.0,1,I would like an update on my ticket.,3
TKT-01273,CUST-1224,Account Management,Product Question,Low,Sarah,Phone,2025-10-22,2025-10-25 00:00:00,2025-10-25 07:00:00,Closed,79.0,0,I have contacted support multiple times and nobody has helped me.,1
TKT-01274,CUST-1329,Account Management,Payment Failure,Medium,Mia,Email,2025-02-01,2025-02-03 00:00:00,2025-02-03 04:00:00,Closed,52.0,0,I need help with my account.,3
TKT-01275,CUST-1675,Billing,Bug Report,High,Priya,Chat,2025-09-29,2025-09-30 00:00:00,2025-10-02 17:00:00,Closed,89.0,4,I want to cancel if this is not resolved today.,1
TKT-01276,CUST-1689,Product Support,Refund Delay,Low,Sarah,Web Form,2025-03-25,2025-03-28 00:00:00,,Open,,5,I would like an update on my ticket.,4
TKT-01277,CUST-1988,Technical Support,Account Verification,High,Sarah,Email,2025-09-16,2025-09-17 00:00:00,2025-09-20 13:00:00,Closed,109.0,1,I would like an update on my ticket.,4
TKT-01278,CUST-1919,Billing,Refund Delay,Critical,Liam,Chat,2025-12-06,2025-12-06 08:00:00,2025-12-08 21:00:00,Closed,69.0,1,This is very frustrating and I need this fixed immediately.,2
TKT-01279,CUST-1171,Technical Support,Product Question,High,Noah,Web Form,2025-06-16,2025-06-17 00:00:00,2025-06-18 02:00:00,Closed,50.0,0,I am tired of waiting for a response.,3
TKT-01280,CUST-1593,Billing,Login Issue,High,Priya,Chat,2025-02-08,2025-02-09 00:00:00,2025-02-10 11:00:00,Closed,59.0,3,I am having an issue and need assistance.,4
TKT-01281,CUST-1546,Product Support,Account Verification,Medium,Priya,Phone,2025-12-05,2025-12-07 00:00:00,,Open,,0,I am having an issue and need assistance.,4
TKT-01282,CUST-1333,Account Management,Late Delivery,Medium,David,Email,2025-03-12,2025-03-14 00:00:00,2025-03-14 17:00:00,Closed,65.0,1,This is very frustrating and I need this fixed immediately.,2
TKT-01283,CUST-1064,Technical Support,Subscription Cancellation,Medium,Ava,Web Form,2025-06-02,2025-06-04 00:00:00,2025-06-03 10:00:00,Closed,34.0,2,I would like an update on my ticket.,4
TKT-01284,CUST-1976,Account Management,Payment Failure,Medium,Ava,Web Form,2025-06-07,2025-06-09 00:00:00,2025-06-08 16:00:00,Closed,40.0,3,I am having an issue and need assistance.,3
TKT-01285,CUST-1389,Product Support,Account Verification,High,Priya,Email,2025-07-30,2025-07-31 00:00:00,2025-07-31 22:00:00,Escalated,46.0,0,I would like an update on my ticket.,3
TKT-01286,CUST-1408,Shipping,Refund Delay,Medium,David,Email,2025-11-06,2025-11-08 00:00:00,2025-11-10 13:00:00,Closed,109.0,4,Thanks for helping me with this issue.,4
TKT-01287,CUST-1000,Technical Support,Product Question,Low,Sarah,Phone,2025-10-11,2025-10-14 00:00:00,2025-10-15 02:00:00,Closed,98.0,2,I need help with my account.,3
TKT-01288,CUST-1355,Product Support,Account Verification,High,Ava,Phone,2025-09-05,2025-09-06 00:00:00,2025-09-07 18:00:00,Closed,66.0,1,I have contacted support multiple times and nobody has helped me.,3
TKT-01289,CUST-1660,Account Management,Account Verification,Low,Ethan,Phone,2025-01-07,2025-01-10 00:00:00,2025-01-08 23:00:00,Closed,47.0,0,I need help with my account.,4
TKT-01290,CUST-1459,Technical Support,Refund Delay,High,David,Web Form,2025-05-30,2025-05-31 00:00:00,2025-06-02 00:00:00,Escalated,72.0,1,I am tired of waiting for a response.,2
TKT-01291,CUST-1381,Product Support,Refund Delay,Medium,Ethan,Email,2025-12-01,2025-12-03 00:00:00,,Open,,2,The support team has been helpful so far.,5
TKT-01292,CUST-1308,Billing,Refund Delay,Low,Priya,Phone,2025-05-10,2025-05-13 00:00:00,2025-05-12 10:00:00,Escalated,58.0,1,I am tired of waiting for a response.,1
TKT-01293,CUST-1623,Billing,Payment Failure,Low,Mia,Email,2025-06-15,2025-06-18 00:00:00,2025-06-17 16:00:00,Closed,64.0,0,The support team has been helpful so far.,4
TKT-01294,CUST-1228,Billing,Bug Report,Low,Priya,Web Form,2025-01-16,2025-01-19 00:00:00,2025-01-20 01:00:00,Closed,97.0,0,I am tired of waiting for a response.,3
TKT-01295,CUST-1104,Product Support,Payment Failure,Medium,Noah,Chat,2025-10-01,2025-10-03 00:00:00,,Open,,4,I am having an issue and need assistance.,3
TKT-01296,CUST-1160,Technical Support,Refund Delay,Low,Liam,Web Form,2025-03-07,2025-03-10 00:00:00,2025-03-10 12:00:00,Closed,84.0,2,The issue was handled well.,5
TKT-01297,CUST-1729,Account Management,Subscription Cancellation,Medium,Liam,Phone,2025-10-12,2025-10-14 00:00:00,2025-10-14 01:00:00,Closed,49.0,1,I am having an issue and need assistance.,3
TKT-01298,CUST-1315,Shipping,Login Issue,Medium,David,Web Form,2025-07-08,2025-07-10 00:00:00,2025-07-08 18:00:00,Closed,18.0,3,I need help with my account.,4
TKT-01299,CUST-1114,Product Support,Login Issue,Medium,Ethan,Phone,2025-05-18,2025-05-20 00:00:00,2025-05-19 13:00:00,Closed,37.0,0,The issue was handled well.,5
TKT-01300,CUST-1199,Account Management,Login Issue,Medium,Priya,Web Form,2025-04-13,2025-04-15 00:00:00,2025-04-14 21:00:00,Closed,45.0,0,I need help with my account.,3
TKT-01301,CUST-1361,Billing,Account Verification,Medium,Noah,Chat,2025-05-03,2025-05-05 00:00:00,2025-05-06 02:00:00,Closed,74.0,3,I want to cancel if this is not resolved today.,1
TKT-01302,CUST-1851,Technical Support,Product Question,Medium,Liam,Email,2025-05-27,2025-05-29 00:00:00,2025-05-29 21:00:00,Closed,69.0,0,Please help me understand what happened.,4
TKT-01303,CUST-1089,Technical Support,Bug Report,High,Ethan,Email,2025-02-21,2025-02-22 00:00:00,2025-02-24 23:00:00,Closed,95.0,0,Please help me understand what happened.,4
TKT-01304,CUST-1644,Account Management,Product Question,High,Mia,Web Form,2025-10-29,2025-10-30 00:00:00,,Open,,0,I am having an issue and need assistance.,4
TKT-01305,CUST-1591,Account Management,Subscription Cancellation,Critical,David,Email,2025-11-09,2025-11-09 08:00:00,2025-11-09 04:00:00,Closed,4.0,1,Please help me understand what happened.,3
TKT-01306,CUST-1753,Billing,Account Verification,High,David,Chat,2025-02-18,2025-02-19 00:00:00,2025-02-21 19:00:00,Closed,91.0,0,Please help me understand what happened.,4
TKT-01307,CUST-1772,Product Support,Subscription Cancellation,Medium,Ethan,Phone,2025-08-13,2025-08-15 00:00:00,,Open,,3,I would like an update on my ticket.,4
TKT-01308,CUST-1306,Product Support,Late Delivery,Critical,Noah,Email,2025-04-02,2025-04-02 08:00:00,,Open,,1,I have contacted support multiple times and nobody has helped me.,1
TKT-01309,CUST-1813,Product Support,Account Verification,Medium,Ethan,Email,2025-08-25,2025-08-27 00:00:00,2025-08-27 19:00:00,Escalated,67.0,0,I need help with my account.,4
TKT-01310,CUST-1793,Technical Support,Payment Failure,Medium,Mia,Web Form,2025-09-25,2025-09-27 00:00:00,2025-09-26 18:00:00,Closed,42.0,1,Please help me understand what happened.,3
TKT-01311,CUST-1866,Billing,Account Verification,Medium,Ethan,Email,2025-05-21,2025-05-23 00:00:00,2025-05-23 15:00:00,Closed,63.0,3,I want to cancel if this is not resolved today.,3
TKT-01312,CUST-1848,Technical Support,Login Issue,Medium,Ava,Phone,2025-06-11,2025-06-13 00:00:00,2025-06-15 00:00:00,Closed,96.0,0,I have contacted support multiple times and nobody has helped me.,3
TKT-01313,CUST-1010,Shipping,Refund Delay,High,Ethan,Email,2025-12-09,2025-12-10 00:00:00,,Open,,0,I would like an update on my ticket.,3
TKT-01314,CUST-1876,Technical Support,Late Delivery,High,Ethan,Phone,2025-03-10,2025-03-11 00:00:00,2025-03-11 04:00:00,Closed,28.0,0,I would like an update on my ticket.,3
TKT-01315,CUST-1210,Product Support,Login Issue,Low,David,Email,2025-03-11,2025-03-14 00:00:00,2025-03-13 02:00:00,Closed,50.0,0,I would like an update on my ticket.,4
TKT-01316,CUST-1721,Account Management,Payment Failure,Low,Ethan,Email,2025-04-22,2025-04-25 00:00:00,2025-04-24 08:00:00,Closed,56.0,0,I would like an update on my ticket.,3
TKT-01317,CUST-1581,Billing,Bug Report,Medium,Sarah,Email,2025-07-07,2025-07-09 00:00:00,2025-07-11 03:00:00,Closed,99.0,0,I would like an update on my ticket.,4
TKT-01318,CUST-1028,Technical Support,Bug Report,Medium,Noah,Email,2025-07-14,2025-07-16 00:00:00,,Open,,3,Can you check the status of my request?,4
TKT-01319,CUST-1035,Technical Support,Payment Failure,Critical,Sarah,Web Form,2025-01-03,2025-01-03 08:00:00,2025-01-04 09:00:00,Closed,33.0,2,Please help me understand what happened.,3
TKT-01320,CUST-1138,Billing,Product Question,Critical,David,Chat,2025-06-21,2025-06-21 08:00:00,2025-06-21 23:00:00,Escalated,23.0,4,Thank you for the update.,4
TKT-01321,CUST-1541,Account Management,Account Verification,Low,Mia,Web Form,2025-08-03,2025-08-06 00:00:00,2025-08-06 01:00:00,Closed,73.0,1,Please help me understand what happened.,3
TKT-01322,CUST-1988,Product Support,Account Verification,Medium,Liam,Email,2025-10-22,2025-10-24 00:00:00,2025-10-23 09:00:00,Closed,33.0,2,I want to cancel if this is not resolved today.,3
TKT-01323,CUST-1464,Billing,Late Delivery,Low,Priya,Web Form,2025-05-19,2025-05-22 00:00:00,2025-05-21 18:00:00,Closed,66.0,3,The issue was handled well.,4
TKT-01324,CUST-1519,Shipping,Account Verification,Low,Sarah,Email,2025-02-24,2025-02-27 00:00:00,2025-02-27 03:00:00,Closed,75.0,0,I would like an update on my ticket.,3
TKT-01325,CUST-1734,Account Management,Account Verification,Medium,Ethan,Phone,2025-09-20,2025-09-22 00:00:00,,Open,,0,I have contacted support multiple times and nobody has helped me.,1
TKT-01326,CUST-1069,Billing,Refund Delay,Medium,Noah,Phone,2025-04-09,2025-04-11 00:00:00,2025-04-12 22:00:00,Closed,94.0,0,I have contacted support multiple times and nobody has helped me.,2
TKT-01327,CUST-1102,Technical Support,Account Verification,High,Ava,Phone,2025-08-19,2025-08-20 00:00:00,2025-08-21 00:00:00,Closed,48.0,0,I would like an update on my ticket.,4
TKT-01328,CUST-1768,Product Support,Account Verification,Low,David,Chat,2025-10-10,2025-10-13 00:00:00,2025-10-12 03:00:00,Closed,51.0,0,Can you check the status of my request?,3
TKT-01329,CUST-1189,Shipping,Product Question,Low,Ethan,Chat,2025-07-19,2025-07-22 00:00:00,2025-07-20 20:00:00,Closed,44.0,0,I am having an issue and need assistance.,3
TKT-01330,CUST-1051,Shipping,Refund Delay,Medium,Liam,Chat,2025-08-03,2025-08-05 00:00:00,2025-08-04 06:00:00,Closed,30.0,0,Please help me understand what happened.,3
TKT-01331,CUST-1071,Account Management,Refund Delay,Low,Sarah,Web Form,2025-12-22,2025-12-25 00:00:00,2025-12-23 18:00:00,Closed,42.0,2,Please help me understand what happened.,3
TKT-01332,CUST-1026,Product Support,Bug Report,Low,Ava,Email,2025-06-23,2025-06-26 00:00:00,2025-06-26 07:00:00,Closed,79.0,1,Thank you for the update.,4
TKT-01333,CUST-1905,Account Management,Account Verification,Medium,Noah,Chat,2025-01-18,2025-01-20 00:00:00,2025-01-19 16:00:00,Closed,40.0,2,I would like an update on my ticket.,4
TKT-01334,CUST-1485,Billing,Payment Failure,Medium,Mia,Email,2025-01-13,2025-01-15 00:00:00,,Open,,5,The support team has been helpful so far.,4
TKT-01335,CUST-1095,Billing,Product Question,Medium,Liam,Web Form,2025-01-28,2025-01-30 00:00:00,,Open,,4,I appreciate the quick response.,4
TKT-01336,CUST-1384,Account Management,Refund Delay,Low,Mia,Chat,2025-10-28,2025-10-31 00:00:00,2025-10-31 00:00:00,Closed,72.0,2,Please help me understand what happened.,3
TKT-01337,CUST-1993,Product Support,Refund Delay,Low,Mia,Web Form,2025-11-25,2025-11-28 00:00:00,2025-11-27 21:00:00,Closed,69.0,0,I am having an issue and need assistance.,3
TKT-01338,CUST-1944,Technical Support,Subscription Cancellation,Critical,David,Phone,2025-02-27,2025-02-27 08:00:00,2025-02-27 15:00:00,Closed,15.0,0,I want to cancel if this is not resolved today.,3
TKT-01339,CUST-1219,Billing,Late Delivery,High,Sarah,Phone,2025-11-07,2025-11-08 00:00:00,2025-11-08 17:00:00,Closed,41.0,3,This issue is affecting my work and I am unhappy.,1
TKT-01340,CUST-1585,Account Management,Payment Failure,Critical,Ava,Phone,2025-06-09,2025-06-09 08:00:00,,Open,,0,I need help with my account.,3
TKT-01341,CUST-1622,Billing,Product Question,Medium,Mia,Email,2025-08-12,2025-08-14 00:00:00,,Open,,2,This is very frustrating and I need this fixed immediately.,2
TKT-01342,CUST-1326,Technical Support,Account Verification,High,Liam,Phone,2025-10-04,2025-10-05 00:00:00,2025-10-06 10:00:00,Closed,58.0,0,I would like an update on my ticket.,4
TKT-01343,CUST-1001,Shipping,Payment Failure,Low,Ava,Chat,2025-02-03,2025-02-06 00:00:00,2025-02-04 09:00:00,Closed,33.0,2,I am tired of waiting for a response.,2
TKT-01344,CUST-1124,Technical Support,Account Verification,Low,Ava,Email,2025-10-08,2025-10-11 00:00:00,2025-10-13 05:00:00,Closed,125.0,1,I need help with my account.,3
TKT-01345,CUST-1757,Shipping,Login Issue,Medium,Ava,Email,2025-10-24,2025-10-26 00:00:00,,Open,,0,Please help me understand what happened.,4
TKT-01346,CUST-1700,Product Support,Refund Delay,Medium,David,Phone,2025-10-06,2025-10-08 00:00:00,2025-10-09 22:00:00,Closed,94.0,0,Thank you for the update.,5
TKT-01347,CUST-1513,Technical Support,Account Verification,Medium,Noah,Chat,2025-08-17,2025-08-19 00:00:00,2025-08-18 20:00:00,Closed,44.0,1,I am having an issue and need assistance.,4
TKT-01348,CUST-1329,Technical Support,Subscription Cancellation,Low,Ava,Chat,2025-11-22,2025-11-25 00:00:00,2025-11-24 07:00:00,Closed,55.0,0,I need help with my account.,4
TKT-01349,CUST-1723,Account Management,Subscription Cancellation,Medium,Priya,Web Form,2025-08-10,2025-08-12 00:00:00,2025-08-11 02:00:00,Closed,26.0,1,I need help with my account.,3
TKT-01350,CUST-1543,Product Support,Login Issue,Medium,Mia,Chat,2025-12-01,2025-12-03 00:00:00,2025-12-04 01:00:00,Escalated,73.0,0,This is very frustrating and I need this fixed immediately.,1
TKT-01351,CUST-1017,Shipping,Login Issue,Medium,David,Chat,2025-08-28,2025-08-30 00:00:00,2025-08-30 05:00:00,Closed,53.0,0,I am tired of waiting for a response.,2
TKT-01352,CUST-1578,Billing,Subscription Cancellation,Low,Noah,Chat,2025-10-10,2025-10-13 00:00:00,2025-10-12 23:00:00,Escalated,71.0,1,I am tired of waiting for a response.,2
TKT-01353,CUST-1575,Billing,Subscription Cancellation,Medium,Sarah,Email,2025-01-17,2025-01-19 00:00:00,2025-01-20 06:00:00,Closed,78.0,0,Thanks for helping me with this issue.,4
TKT-01354,CUST-1011,Technical Support,Late Delivery,Medium,Ava,Email,2025-03-31,2025-04-02 00:00:00,2025-04-01 06:00:00,Closed,30.0,0,I am having an issue and need assistance.,4
TKT-01355,CUST-1429,Account Management,Payment Failure,Medium,David,Chat,2025-05-13,2025-05-15 00:00:00,2025-05-15 08:00:00,Escalated,56.0,0,The support team has been helpful so far.,5
TKT-01356,CUST-1503,Technical Support,Subscription Cancellation,Medium,Ava,Email,2025-11-15,2025-11-17 00:00:00,2025-11-17 17:00:00,Closed,65.0,2,Can you check the status of my request?,4
TKT-01357,CUST-1403,Technical Support,Subscription Cancellation,Low,Sarah,Email,2025-09-09,2025-09-12 00:00:00,,Open,,2,The issue was handled well.,4
TKT-01358,CUST-1872,Account Management,Refund Delay,Medium,Sarah,Web Form,2025-06-29,2025-07-01 00:00:00,2025-06-30 19:00:00,Escalated,43.0,4,Please help me understand what happened.,4
TKT-01359,CUST-1998,Product Support,Product Question,Medium,Priya,Phone,2025-08-31,2025-09-02 00:00:00,2025-08-31 18:00:00,Closed,18.0,1,I need help with my account.,4
TKT-01360,CUST-1970,Billing,Subscription Cancellation,Medium,Ethan,Phone,2025-03-16,2025-03-18 00:00:00,2025-03-18 00:00:00,Closed,48.0,0,Please help me understand what happened.,3
TKT-01361,CUST-1658,Billing,Late Delivery,Low,Sarah,Phone,2025-11-06,2025-11-09 00:00:00,,Open,,0,I am having an issue and need assistance.,4
TKT-01362,CUST-1345,Billing,Login Issue,Low,Ethan,Chat,2025-10-07,2025-10-10 00:00:00,2025-10-11 04:00:00,Closed,100.0,3,I am having an issue and need assistance.,3
TKT-01363,CUST-1867,Product Support,Subscription Cancellation,Medium,Mia,Email,2025-09-28,2025-09-30 00:00:00,2025-09-29 19:00:00,Closed,43.0,5,I need help with my account.,4
TKT-01364,CUST-1411,Billing,Login Issue,Critical,Mia,Email,2025-03-24,2025-03-24 08:00:00,,Open,,0,I have contacted support multiple times and nobody has helped me.,3
TKT-01365,CUST-1608,Billing,Subscription Cancellation,Medium,Sarah,Email,2025-05-03,2025-05-05 00:00:00,2025-05-04 18:00:00,Closed,42.0,0,The support team has been helpful so far.,4
TKT-01366,CUST-1780,Account Management,Refund Delay,Low,Priya,Email,2025-01-07,2025-01-10 00:00:00,2025-01-09 05:00:00,Closed,53.0,1,I want to cancel if this is not resolved today.,2
TKT-01367,CUST-1888,Product Support,Payment Failure,Low,Noah,Web Form,2025-03-21,2025-03-24 00:00:00,2025-03-23 09:00:00,Closed,57.0,1,Please help me understand what happened.,4
TKT-01368,CUST-1692,Shipping,Refund Delay,Medium,Noah,Chat,2025-08-13,2025-08-15 00:00:00,2025-08-15 01:00:00,Closed,49.0,0,I want to cancel if this is not resolved today.,3
TKT-01369,CUST-1999,Account Management,Refund Delay,Medium,Ethan,Email,2025-04-27,2025-04-29 00:00:00,2025-04-28 19:00:00,Closed,43.0,1,Thank you for the update.,5
TKT-01370,CUST-1921,Technical Support,Late Delivery,High,Sarah,Phone,2025-09-04,2025-09-05 00:00:00,2025-09-06 09:00:00,Closed,57.0,0,Please help me understand what happened.,3
TKT-01371,CUST-1897,Billing,Late Delivery,High,Ava,Phone,2025-06-30,2025-07-01 00:00:00,2025-06-30 15:00:00,Closed,15.0,1,Can you check the status of my request?,3
TKT-01372,CUST-1398,Account Management,Late Delivery,Low,Noah,Web Form,2025-10-27,2025-10-30 00:00:00,2025-10-27 16:00:00,Closed,16.0,3,Please help me understand what happened.,3
TKT-01373,CUST-1074,Account Management,Bug Report,Low,Noah,Chat,2025-10-23,2025-10-26 00:00:00,,Open,,2,This is very frustrating and I need this fixed immediately.,2
TKT-01374,CUST-1551,Billing,Product Question,High,Liam,Chat,2025-07-06,2025-07-07 00:00:00,2025-07-08 14:00:00,Closed,62.0,0,I have contacted support multiple times and nobody has helped me.,3
TKT-01375,CUST-1047,Technical Support,Late Delivery,Medium,Priya,Email,2025-04-23,2025-04-25 00:00:00,2025-04-24 02:00:00,Closed,26.0,2,I am tired of waiting for a response.,1
TKT-01376,CUST-1238,Technical Support,Login Issue,Medium,Noah,Web Form,2025-09-01,2025-09-03 00:00:00,2025-09-04 22:00:00,Closed,94.0,0,I would like an update on my ticket.,4
TKT-01377,CUST-1876,Shipping,Login Issue,Low,David,Email,2025-03-02,2025-03-05 00:00:00,,Open,,0,I would like an update on my ticket.,4
TKT-01378,CUST-1783,Billing,Bug Report,Medium,David,Phone,2025-02-26,2025-02-28 00:00:00,2025-03-03 11:00:00,Escalated,131.0,0,The support team has been helpful so far.,5
TKT-01379,CUST-1019,Product Support,Product Question,Medium,David,Phone,2025-05-13,2025-05-15 00:00:00,,Open,,2,Can you check the status of my request?,4
TKT-01380,CUST-1846,Technical Support,Subscription Cancellation,High,Sarah,Phone,2025-05-24,2025-05-25 00:00:00,2025-05-25 14:00:00,Closed,38.0,0,The support team has been helpful so far.,4
TKT-01381,CUST-1314,Product Support,Product Question,Low,Sarah,Phone,2025-11-30,2025-12-03 00:00:00,2025-12-03 01:00:00,Closed,73.0,2,Please help me understand what happened.,4
TKT-01382,CUST-1265,Technical Support,Refund Delay,High,Ethan,Phone,2025-02-07,2025-02-08 00:00:00,2025-02-11 10:00:00,Closed,106.0,0,The support team has been helpful so far.,5
TKT-01383,CUST-1147,Account Management,Payment Failure,Critical,Ethan,Chat,2025-10-12,2025-10-12 08:00:00,2025-10-13 06:00:00,Closed,30.0,0,The issue was handled well.,4
TKT-01384,CUST-1739,Account Management,Login Issue,High,Liam,Phone,2025-04-17,2025-04-18 00:00:00,2025-04-18 10:00:00,Closed,34.0,0,Thank you for the update.,5
TKT-01385,CUST-1006,Product Support,Product Question,Medium,Sarah,Email,2025-05-15,2025-05-17 00:00:00,2025-05-18 02:00:00,Closed,74.0,1,This is very frustrating and I need this fixed immediately.,2
TKT-01386,CUST-1321,Shipping,Refund Delay,Medium,Mia,Web Form,2025-04-13,2025-04-15 00:00:00,2025-04-17 01:00:00,Closed,97.0,3,I am having an issue and need assistance.,3
TKT-01387,CUST-1851,Technical Support,Bug Report,Medium,Ava,Web Form,2025-09-14,2025-09-16 00:00:00,2025-09-18 02:00:00,Closed,98.0,3,I need help with my account.,3
TKT-01388,CUST-1105,Product Support,Subscription Cancellation,Low,Mia,Web Form,2025-04-18,2025-04-21 00:00:00,2025-04-20 15:00:00,Closed,63.0,2,The support team has been helpful so far.,5
TKT-01389,CUST-1116,Billing,Login Issue,High,David,Web Form,2025-08-07,2025-08-08 00:00:00,2025-08-09 04:00:00,Closed,52.0,2,Thank you for the update.,5
TKT-01390,CUST-1030,Shipping,Subscription Cancellation,High,Sarah,Chat,2025-01-17,2025-01-18 00:00:00,2025-01-17 10:00:00,Escalated,10.0,0,Can you check the status of my request?,3
TKT-01391,CUST-1904,Technical Support,Payment Failure,Critical,Ava,Email,2025-05-17,2025-05-17 08:00:00,2025-05-18 15:00:00,Closed,39.0,1,This issue is affecting my work and I am unhappy.,2
TKT-01392,CUST-1855,Billing,Account Verification,High,Noah,Web Form,2025-04-10,2025-04-11 00:00:00,2025-04-13 21:00:00,Escalated,93.0,0,Can you check the status of my request?,4
TKT-01393,CUST-1552,Account Management,Late Delivery,Medium,Priya,Web Form,2025-10-23,2025-10-25 00:00:00,2025-10-23 22:00:00,Closed,22.0,0,Can you check the status of my request?,3
TKT-01394,CUST-1184,Technical Support,Refund Delay,High,David,Phone,2025-02-01,2025-02-02 00:00:00,2025-02-04 05:00:00,Closed,77.0,1,The support team has been helpful so far.,5
TKT-01395,CUST-1661,Product Support,Login Issue,Low,Noah,Web Form,2025-04-24,2025-04-27 00:00:00,2025-04-26 08:00:00,Closed,56.0,2,This issue is affecting my work and I am unhappy.,2
TKT-01396,CUST-1308,Shipping,Late Delivery,Medium,Mia,Phone,2025-07-02,2025-07-04 00:00:00,2025-07-04 22:00:00,Closed,70.0,2,I would like an update on my ticket.,4
TKT-01397,CUST-1190,Billing,Payment Failure,High,David,Web Form,2025-01-12,2025-01-13 00:00:00,2025-01-13 21:00:00,Closed,45.0,3,Thanks for helping me with this issue.,4
TKT-01398,CUST-1211,Billing,Bug Report,High,Priya,Chat,2025-11-14,2025-11-15 00:00:00,2025-11-16 03:00:00,Closed,51.0,0,The support team has been helpful so far.,4
TKT-01399,CUST-1905,Technical Support,Refund Delay,Critical,Liam,Phone,2025-02-04,2025-02-04 08:00:00,,Open,,0,I have contacted support multiple times and nobody has helped me.,3
TKT-01400,CUST-1870,Technical Support,Bug Report,Medium,Ava,Chat,2025-07-27,2025-07-29 00:00:00,2025-07-31 16:00:00,Closed,112.0,2,Can you check the status of my request?,4
TKT-01401,CUST-1092,Technical Support,Payment Failure,High,Sarah,Chat,2025-01-04,2025-01-05 00:00:00,2025-01-06 02:00:00,Closed,50.0,0,I am tired of waiting for a response.,2
TKT-01402,CUST-1602,Technical Support,Refund Delay,Medium,David,Web Form,2025-06-10,2025-06-12 00:00:00,2025-06-12 00:00:00,Escalated,48.0,0,The issue was handled well.,5
TKT-01403,CUST-1185,Shipping,Subscription Cancellation,Low,Ava,Web Form,2025-04-04,2025-04-07 00:00:00,2025-04-07 16:00:00,Closed,88.0,3,I need help with my account.,3
TKT-01404,CUST-1154,Account Management,Product Question,Low,Liam,Email,2025-09-04,2025-09-07 00:00:00,2025-09-06 11:00:00,Closed,59.0,0,This issue is affecting my work and I am unhappy.,2
TKT-01405,CUST-1675,Product Support,Payment Failure,Medium,Noah,Chat,2025-12-26,2025-12-28 00:00:00,,Open,,0,Thank you for the update.,4
TKT-01406,CUST-1325,Product Support,Subscription Cancellation,Medium,Mia,Phone,2025-02-01,2025-02-03 00:00:00,2025-02-02 05:00:00,Closed,29.0,1,I am tired of waiting for a response.,1
TKT-01407,CUST-1477,Billing,Subscription Cancellation,Low,Mia,Email,2025-10-25,2025-10-28 00:00:00,,Open,,1,Can you check the status of my request?,4
TKT-01408,CUST-1954,Product Support,Late Delivery,Medium,Priya,Chat,2025-03-20,2025-03-22 00:00:00,2025-03-23 00:00:00,Closed,72.0,0,I am tired of waiting for a response.,3
TKT-01409,CUST-1775,Product Support,Login Issue,Medium,Ava,Phone,2025-10-05,2025-10-07 00:00:00,2025-10-07 23:00:00,Closed,71.0,0,Can you check the status of my request?,3
TKT-01410,CUST-1515,Technical Support,Payment Failure,Medium,David,Email,2025-03-26,2025-03-28 00:00:00,2025-03-29 08:00:00,Escalated,80.0,0,I am tired of waiting for a response.,3
TKT-01411,CUST-1674,Shipping,Account Verification,High,Mia,Phone,2025-12-25,2025-12-26 00:00:00,2025-12-26 21:00:00,Closed,45.0,2,Please help me understand what happened.,3
TKT-01412,CUST-1361,Product Support,Late Delivery,Medium,Liam,Phone,2025-07-11,2025-07-13 00:00:00,2025-07-13 10:00:00,Closed,58.0,3,Thanks for helping me with this issue.,4
TKT-01413,CUST-1251,Account Management,Late Delivery,High,Priya,Web Form,2025-03-30,2025-03-31 00:00:00,,Open,,1,The support team has been helpful so far.,4
TKT-01414,CUST-1268,Shipping,Login Issue,Medium,Mia,Email,2025-01-07,2025-01-09 00:00:00,,Open,,0,The issue was handled well.,4
TKT-01415,CUST-1588,Shipping,Refund Delay,Critical,David,Web Form,2025-04-10,2025-04-10 08:00:00,2025-04-12 00:00:00,Closed,48.0,2,I need help with my account.,3
TKT-01416,CUST-1988,Technical Support,Account Verification,Medium,Liam,Chat,2025-03-10,2025-03-12 00:00:00,2025-03-12 14:00:00,Escalated,62.0,0,I have contacted support multiple times and nobody has helped me.,2
TKT-01417,CUST-1725,Billing,Late Delivery,Medium,Ava,Phone,2025-07-24,2025-07-26 00:00:00,2025-07-26 16:00:00,Closed,64.0,0,I appreciate the quick response.,4
TKT-01418,CUST-1210,Product Support,Bug Report,Low,David,Chat,2025-08-26,2025-08-29 00:00:00,2025-08-27 20:00:00,Closed,44.0,0,The support team has been helpful so far.,4
TKT-01419,CUST-1937,Technical Support,Payment Failure,Low,Priya,Phone,2025-12-31,2026-01-03 00:00:00,2026-01-01 09:00:00,Closed,33.0,0,I am having an issue and need assistance.,3
TKT-01420,CUST-1638,Technical Support,Product Question,Low,Ethan,Web Form,2025-09-25,2025-09-28 00:00:00,,Open,,0,I am having an issue and need assistance.,3
TKT-01421,CUST-1176,Billing,Subscription Cancellation,High,Noah,Web Form,2025-06-17,2025-06-18 00:00:00,2025-06-18 16:00:00,Escalated,40.0,2,I would like an update on my ticket.,3
TKT-01422,CUST-1353,Shipping,Late Delivery,Low,Mia,Phone,2025-10-14,2025-10-17 00:00:00,,Open,,0,Can you check the status of my request?,4
TKT-01423,CUST-1428,Account Management,Bug Report,High,Sarah,Phone,2025-08-18,2025-08-19 00:00:00,2025-08-20 01:00:00,Closed,49.0,1,This issue is affecting my work and I am unhappy.,1
TKT-01424,CUST-1512,Product Support,Refund Delay,Medium,Ethan,Chat,2025-04-12,2025-04-14 00:00:00,2025-04-15 01:00:00,Closed,73.0,5,I appreciate the quick response.,4
TKT-01425,CUST-1488,Shipping,Bug Report,Medium,Priya,Chat,2025-02-16,2025-02-18 00:00:00,2025-02-19 03:00:00,Closed,75.0,0,I want to cancel if this is not resolved today.,1
TKT-01426,CUST-1282,Product Support,Login Issue,Medium,Sarah,Email,2025-06-06,2025-06-08 00:00:00,2025-06-08 12:00:00,Closed,60.0,1,I want to cancel if this is not resolved today.,2
TKT-01427,CUST-1413,Technical Support,Product Question,Low,Sarah,Email,2025-10-05,2025-10-08 00:00:00,,Open,,3,The issue was handled well.,4
TKT-01428,CUST-1011,Product Support,Login Issue,Medium,Priya,Email,2025-09-23,2025-09-25 00:00:00,2025-09-26 02:00:00,Escalated,74.0,0,Can you check the status of my request?,3
TKT-01429,CUST-1722,Product Support,Subscription Cancellation,Medium,Ethan,Web Form,2025-01-11,2025-01-13 00:00:00,,Open,,0,I need help with my account.,3
TKT-01430,CUST-1955,Technical Support,Product Question,Medium,Sarah,Chat,2025-04-19,2025-04-21 00:00:00,2025-04-21 20:00:00,Closed,68.0,0,I have contacted support multiple times and nobody has helped me.,3
TKT-01431,CUST-1336,Technical Support,Late Delivery,High,Sarah,Web Form,2025-09-01,2025-09-02 00:00:00,2025-09-04 04:00:00,Closed,76.0,1,I would like an update on my ticket.,4
TKT-01432,CUST-1409,Technical Support,Bug Report,Medium,Ava,Web Form,2025-08-30,2025-09-01 00:00:00,2025-09-03 03:00:00,Closed,99.0,1,I want to cancel if this is not resolved today.,2
TKT-01433,CUST-1699,Billing,Bug Report,High,David,Email,2025-12-10,2025-12-11 00:00:00,2025-12-12 12:00:00,Closed,60.0,1,I need help with my account.,4
TKT-01434,CUST-1966,Account Management,Refund Delay,Medium,Liam,Chat,2025-02-01,2025-02-03 00:00:00,2025-02-04 13:00:00,Escalated,85.0,1,This issue is affecting my work and I am unhappy.,1
TKT-01435,CUST-1092,Product Support,Late Delivery,High,Noah,Chat,2025-09-09,2025-09-10 00:00:00,2025-09-09 13:00:00,Closed,13.0,4,This is very frustrating and I need this fixed immediately.,2
TKT-01436,CUST-1690,Account Management,Refund Delay,Medium,Priya,Phone,2025-03-29,2025-03-31 00:00:00,2025-03-31 11:00:00,Closed,59.0,1,Can you check the status of my request?,3
TKT-01437,CUST-1194,Technical Support,Bug Report,Medium,Ava,Email,2025-05-25,2025-05-27 00:00:00,2025-05-29 10:00:00,Escalated,106.0,1,I appreciate the quick response.,5
TKT-01438,CUST-1742,Billing,Bug Report,Medium,Mia,Phone,2025-04-29,2025-05-01 00:00:00,,Open,,1,I have contacted support multiple times and nobody has helped me.,2
TKT-01439,CUST-1105,Product Support,Login Issue,Medium,Ava,Web Form,2025-11-21,2025-11-23 00:00:00,2025-11-22 18:00:00,Closed,42.0,0,I would like an update on my ticket.,3
TKT-01440,CUST-1645,Account Management,Subscription Cancellation,High,Mia,Email,2025-06-18,2025-06-19 00:00:00,2025-06-19 08:00:00,Closed,32.0,0,Can you check the status of my request?,4
TKT-01441,CUST-1153,Shipping,Refund Delay,Medium,Ava,Chat,2025-01-16,2025-01-18 00:00:00,,Open,,4,The support team has been helpful so far.,5
TKT-01442,CUST-1150,Product Support,Late Delivery,Medium,Sarah,Chat,2025-11-30,2025-12-02 00:00:00,2025-12-01 22:00:00,Closed,46.0,4,I need help with my account.,4
TKT-01443,CUST-1879,Product Support,Bug Report,Critical,Mia,Web Form,2025-11-20,2025-11-20 08:00:00,2025-11-22 05:00:00,Closed,53.0,4,I would like an update on my ticket.,4
TKT-01444,CUST-1944,Billing,Late Delivery,High,Sarah,Web Form,2025-03-09,2025-03-10 00:00:00,,Open,,0,Thanks for helping me with this issue.,4
TKT-01445,CUST-1921,Account Management,Account Verification,Medium,Priya,Phone,2025-05-18,2025-05-20 00:00:00,2025-05-21 05:00:00,Closed,77.0,1,I would like an update on my ticket.,4
TKT-01446,CUST-1372,Billing,Login Issue,Low,Priya,Chat,2025-06-02,2025-06-05 00:00:00,2025-06-04 07:00:00,Closed,55.0,0,This is very frustrating and I need this fixed immediately.,2
TKT-01447,CUST-1136,Technical Support,Refund Delay,Low,Priya,Web Form,2025-07-27,2025-07-30 00:00:00,2025-07-29 17:00:00,Closed,65.0,3,Please help me understand what happened.,4
TKT-01448,CUST-1894,Shipping,Refund Delay,Medium,Liam,Web Form,2025-05-11,2025-05-13 00:00:00,2025-05-13 04:00:00,Closed,52.0,0,I have contacted support multiple times and nobody has helped me.,1
TKT-01449,CUST-1202,Account Management,Subscription Cancellation,High,Mia,Email,2025-06-30,2025-07-01 00:00:00,2025-07-01 11:00:00,Closed,35.0,0,This issue is affecting my work and I am unhappy.,1
TKT-01450,CUST-1138,Technical Support,Account Verification,Medium,Sarah,Web Form,2025-08-26,2025-08-28 00:00:00,2025-08-30 11:00:00,Closed,107.0,1,Please help me understand what happened.,3
TKT-01451,CUST-1417,Billing,Subscription Cancellation,Low,Sarah,Chat,2025-03-26,2025-03-29 00:00:00,2025-03-28 20:00:00,Closed,68.0,0,I want to cancel if this is not resolved today.,3
TKT-01452,CUST-1727,Technical Support,Account Verification,High,Sarah,Chat,2025-10-29,2025-10-30 00:00:00,,Open,,3,I would like an update on my ticket.,4
TKT-01453,CUST-1832,Account Management,Product Question,Medium,David,Web Form,2025-01-07,2025-01-09 00:00:00,2025-01-07 23:00:00,Closed,23.0,0,I am tired of waiting for a response.,3
TKT-01454,CUST-1150,Technical Support,Login Issue,Medium,Liam,Email,2025-03-21,2025-03-23 00:00:00,,Open,,0,The issue was handled well.,5
TKT-01455,CUST-1329,Product Support,Login Issue,Critical,Priya,Chat,2025-01-18,2025-01-18 08:00:00,2025-01-18 15:00:00,Closed,15.0,0,I would like an update on my ticket.,4
TKT-01456,CUST-1531,Technical Support,Product Question,Low,Sarah,Phone,2025-12-10,2025-12-13 00:00:00,2025-12-13 02:00:00,Escalated,74.0,0,This is very frustrating and I need this fixed immediately.,1
TKT-01457,CUST-1664,Technical Support,Account Verification,Medium,Liam,Email,2025-10-19,2025-10-21 00:00:00,2025-10-23 05:00:00,Closed,101.0,1,Thank you for the update.,4
TKT-01458,CUST-1585,Shipping,Payment Failure,Medium,Ava,Email,2025-08-31,2025-09-02 00:00:00,2025-09-01 15:00:00,Closed,39.0,0,Thank you for the update.,5
TKT-01459,CUST-1493,Shipping,Product Question,Low,Priya,Email,2025-06-08,2025-06-11 00:00:00,2025-06-09 19:00:00,Closed,43.0,0,I need help with my account.,3
TKT-01460,CUST-1429,Product Support,Bug Report,High,Noah,Email,2025-01-27,2025-01-28 00:00:00,2025-01-29 15:00:00,Closed,63.0,1,I have contacted support multiple times and nobody has helped me.,1
TKT-01461,CUST-1829,Billing,Late Delivery,Critical,Mia,Phone,2025-11-15,2025-11-15 08:00:00,2025-11-16 10:00:00,Closed,34.0,0,I appreciate the quick response.,4
TKT-01462,CUST-1886,Shipping,Subscription Cancellation,Medium,Ethan,Phone,2025-10-09,2025-10-11 00:00:00,2025-10-09 08:00:00,Closed,8.0,0,I want to cancel if this is not resolved today.,2
TKT-01463,CUST-1091,Technical Support,Account Verification,Medium,Noah,Email,2025-12-21,2025-12-23 00:00:00,2025-12-25 19:00:00,Closed,115.0,1,Thank you for the update.,5
TKT-01464,CUST-1352,Account Management,Account Verification,Critical,Mia,Phone,2025-02-10,2025-02-10 08:00:00,2025-02-11 06:00:00,Closed,30.0,2,I am having an issue and need assistance.,3
TKT-01465,CUST-1662,Shipping,Login Issue,High,Noah,Phone,2025-08-20,2025-08-21 00:00:00,2025-08-22 01:00:00,Closed,49.0,0,Please help me understand what happened.,3
TKT-01466,CUST-1618,Account Management,Product Question,Low,Priya,Email,2025-10-28,2025-10-31 00:00:00,2025-10-29 19:00:00,Closed,43.0,0,I need help with my account.,3
TKT-01467,CUST-1937,Product Support,Late Delivery,Low,Ava,Chat,2025-10-29,2025-11-01 00:00:00,,Open,,2,Thank you for the update.,5
TKT-01468,CUST-1994,Product Support,Payment Failure,Medium,Priya,Email,2025-12-04,2025-12-06 00:00:00,2025-12-07 04:00:00,Closed,76.0,0,I am having an issue and need assistance.,3
TKT-01469,CUST-1870,Account Management,Subscription Cancellation,Medium,Liam,Chat,2025-05-02,2025-05-04 00:00:00,2025-05-04 13:00:00,Closed,61.0,0,I am tired of waiting for a response.,2
TKT-01470,CUST-1553,Billing,Refund Delay,High,Sarah,Web Form,2025-01-22,2025-01-23 00:00:00,2025-01-24 22:00:00,Closed,70.0,1,Thank you for the update.,4
TKT-01471,CUST-1246,Shipping,Account Verification,Low,Liam,Chat,2025-07-19,2025-07-22 00:00:00,2025-07-22 13:00:00,Closed,85.0,0,The support team has been helpful so far.,5
TKT-01472,CUST-1974,Technical Support,Login Issue,Low,Sarah,Email,2025-06-01,2025-06-04 00:00:00,2025-06-04 12:00:00,Closed,84.0,3,Please help me understand what happened.,4
TKT-01473,CUST-1763,Shipping,Bug Report,High,Priya,Web Form,2025-12-24,2025-12-25 00:00:00,,Open,,0,I am tired of waiting for a response.,2
TKT-01474,CUST-1237,Billing,Bug Report,High,Priya,Web Form,2025-09-06,2025-09-07 00:00:00,2025-09-07 12:00:00,Closed,36.0,2,I need help with my account.,4
TKT-01475,CUST-1402,Billing,Late Delivery,High,Noah,Phone,2025-01-09,2025-01-10 00:00:00,2025-01-10 15:00:00,Closed,39.0,0,I am having an issue and need assistance.,3
TKT-01476,CUST-1011,Technical Support,Refund Delay,Medium,Liam,Web Form,2025-01-05,2025-01-07 00:00:00,2025-01-08 01:00:00,Closed,73.0,1,I need help with my account.,3
TKT-01477,CUST-1582,Technical Support,Refund Delay,Medium,Mia,Email,2025-05-02,2025-05-04 00:00:00,2025-05-04 09:00:00,Closed,57.0,0,Please help me understand what happened.,4
TKT-01478,CUST-1677,Account Management,Bug Report,Low,Noah,Chat,2025-07-20,2025-07-23 00:00:00,2025-07-21 14:00:00,Closed,38.0,3,Please help me understand what happened.,4
TKT-01479,CUST-1570,Shipping,Subscription Cancellation,High,Mia,Email,2025-06-13,2025-06-14 00:00:00,2025-06-14 18:00:00,Closed,42.0,4,I need help with my account.,3
TKT-01480,CUST-1152,Billing,Login Issue,High,Sarah,Phone,2025-11-19,2025-11-20 00:00:00,,Open,,0,Can you check the status of my request?,4
TKT-01481,CUST-1031,Billing,Product Question,Medium,Ava,Phone,2025-12-25,2025-12-27 00:00:00,2025-12-28 01:00:00,Closed,73.0,0,Thank you for the update.,5
TKT-01482,CUST-1977,Account Management,Refund Delay,Medium,Mia,Web Form,2025-07-27,2025-07-29 00:00:00,2025-07-29 09:00:00,Escalated,57.0,0,I need help with my account.,4
TKT-01483,CUST-1309,Technical Support,Refund Delay,Low,Liam,Email,2025-08-05,2025-08-08 00:00:00,2025-08-09 03:00:00,Closed,99.0,1,Can you check the status of my request?,4
TKT-01484,CUST-1326,Billing,Account Verification,Low,David,Phone,2025-08-15,2025-08-18 00:00:00,2025-08-19 19:00:00,Closed,115.0,1,Please help me understand what happened.,3
TKT-01485,CUST-1902,Account Management,Login Issue,Medium,Noah,Web Form,2025-08-11,2025-08-13 00:00:00,2025-08-13 11:00:00,Closed,59.0,0,The support team has been helpful so far.,4
TKT-01486,CUST-1820,Shipping,Product Question,Medium,Ethan,Web Form,2025-10-08,2025-10-10 00:00:00,2025-10-10 07:00:00,Closed,55.0,0,Please help me understand what happened.,4
TKT-01487,CUST-1723,Billing,Subscription Cancellation,Low,Ava,Email,2025-10-16,2025-10-19 00:00:00,2025-10-18 04:00:00,Closed,52.0,0,This is very frustrating and I need this fixed immediately.,3
TKT-01488,CUST-1835,Product Support,Product Question,Low,Mia,Chat,2025-10-17,2025-10-20 00:00:00,2025-10-19 15:00:00,Closed,63.0,1,The support team has been helpful so far.,4
TKT-01489,CUST-1139,Account Management,Product Question,Medium,Mia,Phone,2025-03-26,2025-03-28 00:00:00,2025-03-28 20:00:00,Closed,68.0,1,Can you check the status of my request?,3
TKT-01490,CUST-1984,Technical Support,Late Delivery,Low,Noah,Phone,2025-12-19,2025-12-22 00:00:00,,Open,,0,Can you check the status of my request?,3
TKT-01491,CUST-1918,Shipping,Product Question,Medium,Mia,Email,2025-12-11,2025-12-13 00:00:00,,Open,,0,I am having an issue and need assistance.,3
TKT-01492,CUST-1218,Account Management,Refund Delay,High,Ethan,Phone,2025-08-12,2025-08-13 00:00:00,2025-08-13 03:00:00,Closed,27.0,2,I am having an issue and need assistance.,3
TKT-01493,CUST-1983,Technical Support,Late Delivery,High,Sarah,Chat,2025-03-07,2025-03-08 00:00:00,2025-03-08 19:00:00,Closed,43.0,0,I want to cancel if this is not resolved today.,3
TKT-01494,CUST-1638,Billing,Payment Failure,Medium,Priya,Web Form,2025-01-15,2025-01-17 00:00:00,2025-01-15 13:00:00,Closed,13.0,2,I am having an issue and need assistance.,3
TKT-01495,CUST-1800,Product Support,Subscription Cancellation,Low,Priya,Email,2025-01-20,2025-01-23 00:00:00,2025-01-23 00:00:00,Closed,72.0,1,The issue was handled well.,5
TKT-01496,CUST-1824,Shipping,Late Delivery,Medium,Sarah,Chat,2025-07-10,2025-07-12 00:00:00,,Open,,0,The issue was handled well.,4
TKT-01497,CUST-1601,Product Support,Bug Report,Medium,Sarah,Phone,2025-07-30,2025-08-01 00:00:00,2025-08-01 12:00:00,Closed,60.0,1,I need help with my account.,3
TKT-01498,CUST-1887,Product Support,Product Question,High,Priya,Email,2025-05-12,2025-05-13 00:00:00,2025-05-13 07:00:00,Closed,31.0,1,I am having an issue and need assistance.,3
TKT-01499,CUST-1676,Shipping,Account Verification,Low,Sarah,Web Form,2025-06-01,2025-06-04 00:00:00,2025-06-03 17:00:00,Closed,65.0,0,The support team has been helpful so far.,4
TKT-01500,CUST-1931,Billing,Bug Report,Medium,David,Chat,2025-05-09,2025-05-11 00:00:00,2025-05-10 15:00:00,Closed,39.0,1,This is very frustrating and I need this fixed immediately.,1
TKT-01501,CUST-1930,Technical Support,Subscription Cancellation,Critical,Priya,Chat,2025-11-23,2025-11-23 08:00:00,2025-11-25 03:00:00,Closed,51.0,0,I would like an update on my ticket.,3
TKT-01502,CUST-1657,Technical Support,Account Verification,Medium,Ethan,Email,2025-06-18,2025-06-20 00:00:00,2025-06-21 02:00:00,Closed,74.0,0,I am tired of waiting for a response.,3
TKT-01503,CUST-1554,Shipping,Payment Failure,Medium,Priya,Web Form,2025-01-13,2025-01-15 00:00:00,2025-01-16 01:00:00,Closed,73.0,1,This is very frustrating and I need this fixed immediately.,3
TKT-01504,CUST-1101,Technical Support,Refund Delay,High,Ethan,Chat,2025-04-14,2025-04-15 00:00:00,,Open,,0,Can you check the status of my request?,3
TKT-01505,CUST-1909,Account Management,Bug Report,Medium,David,Web Form,2025-12-17,2025-12-19 00:00:00,2025-12-20 11:00:00,Closed,83.0,1,I am having an issue and need assistance.,4
TKT-01506,CUST-1298,Account Management,Bug Report,Low,Mia,Phone,2025-08-29,2025-09-01 00:00:00,2025-09-01 04:00:00,Closed,76.0,0,Please help me understand what happened.,3
TKT-01507,CUST-1483,Billing,Bug Report,Low,Sarah,Phone,2025-05-11,2025-05-14 00:00:00,,Open,,0,I want to cancel if this is not resolved today.,3
TKT-01508,CUST-1065,Shipping,Refund Delay,Low,Liam,Chat,2025-09-28,2025-10-01 00:00:00,,Open,,2,I have contacted support multiple times and nobody has helped me.,3
TKT-01509,CUST-1553,Account Management,Refund Delay,Critical,Sarah,Chat,2025-01-24,2025-01-24 08:00:00,2025-01-25 15:00:00,Closed,39.0,0,I appreciate the quick response.,4
TKT-01510,CUST-1138,Product Support,Account Verification,Low,Priya,Email,2025-04-19,2025-04-22 00:00:00,2025-04-22 02:00:00,Closed,74.0,1,I would like an update on my ticket.,4
TKT-01511,CUST-1771,Shipping,Bug Report,Critical,Priya,Email,2025-04-18,2025-04-18 08:00:00,2025-04-19 19:00:00,Closed,43.0,0,The support team has been helpful so far.,5
TKT-01512,CUST-1143,Account Management,Product Question,Medium,Ava,Phone,2025-09-13,2025-09-15 00:00:00,,Open,,1,I would like an update on my ticket.,3
TKT-01513,CUST-1479,Account Management,Refund Delay,Low,Priya,Phone,2025-03-17,2025-03-20 00:00:00,2025-03-18 17:00:00,Closed,41.0,2,I am having an issue and need assistance.,3
TKT-01514,CUST-1068,Technical Support,Subscription Cancellation,Low,Liam,Email,2025-10-16,2025-10-19 00:00:00,2025-10-19 17:00:00,Closed,89.0,0,I need help with my account.,4
TKT-01515,CUST-1108,Product Support,Payment Failure,High,Mia,Chat,2025-01-02,2025-01-03 00:00:00,,Open,,0,Please help me understand what happened.,4
TKT-01516,CUST-1299,Product Support,Payment Failure,Low,Liam,Chat,2025-08-08,2025-08-11 00:00:00,2025-08-08 15:00:00,Closed,15.0,2,The issue was handled well.,5
TKT-01517,CUST-1094,Product Support,Account Verification,Low,Ethan,Chat,2025-12-25,2025-12-28 00:00:00,2025-12-26 22:00:00,Closed,46.0,1,I need help with my account.,4
TKT-01518,CUST-1950,Product Support,Login Issue,Medium,Mia,Phone,2025-03-17,2025-03-19 00:00:00,2025-03-19 06:00:00,Closed,54.0,0,I need help with my account.,4
TKT-01519,CUST-1036,Technical Support,Account Verification,Low,Mia,Chat,2025-12-01,2025-12-04 00:00:00,2025-12-05 06:00:00,Escalated,102.0,3,I would like an update on my ticket.,3
TKT-01520,CUST-1508,Account Management,Bug Report,High,Ethan,Email,2025-12-10,2025-12-11 00:00:00,2025-12-13 05:00:00,Closed,77.0,2,The issue was handled well.,5
TKT-01521,CUST-1378,Shipping,Bug Report,Low,Noah,Email,2025-08-20,2025-08-23 00:00:00,2025-08-22 09:00:00,Closed,57.0,0,I would like an update on my ticket.,4
TKT-01522,CUST-1081,Product Support,Payment Failure,Low,Liam,Phone,2025-10-09,2025-10-12 00:00:00,2025-10-12 05:00:00,Closed,77.0,3,This issue is affecting my work and I am unhappy.,2
TKT-01523,CUST-1867,Technical Support,Account Verification,Medium,Noah,Chat,2025-02-28,2025-03-02 00:00:00,2025-03-02 00:00:00,Closed,48.0,2,Thank you for the update.,5
TKT-01524,CUST-1396,Billing,Late Delivery,High,Ava,Web Form,2025-01-04,2025-01-05 00:00:00,2025-01-06 08:00:00,Closed,56.0,1,Can you check the status of my request?,3
TKT-01525,CUST-1997,Product Support,Account Verification,Low,Sarah,Phone,2025-11-08,2025-11-11 00:00:00,2025-11-11 07:00:00,Closed,79.0,0,Please help me understand what happened.,3
TKT-01526,CUST-1337,Technical Support,Bug Report,Medium,Ethan,Email,2025-09-07,2025-09-09 00:00:00,,Open,,1,I have contacted support multiple times and nobody has helped me.,2
TKT-01527,CUST-1280,Shipping,Refund Delay,Medium,David,Web Form,2025-12-13,2025-12-15 00:00:00,2025-12-16 05:00:00,Closed,77.0,1,This is very frustrating and I need this fixed immediately.,3
TKT-01528,CUST-1958,Shipping,Subscription Cancellation,Low,David,Chat,2025-02-23,2025-02-26 00:00:00,,Open,,4,I need help with my account.,3
TKT-01529,CUST-1632,Technical Support,Bug Report,High,Liam,Web Form,2025-10-02,2025-10-03 00:00:00,2025-10-05 07:00:00,Closed,79.0,2,Please help me understand what happened.,4
TKT-01530,CUST-1936,Account Management,Refund Delay,High,Mia,Chat,2025-11-24,2025-11-25 00:00:00,2025-11-26 02:00:00,Closed,50.0,0,I am having an issue and need assistance.,3
TKT-01531,CUST-1363,Technical Support,Payment Failure,High,Sarah,Phone,2025-01-12,2025-01-13 00:00:00,2025-01-13 16:00:00,Closed,40.0,0,Can you check the status of my request?,3
TKT-01532,CUST-1578,Product Support,Product Question,Medium,Mia,Chat,2025-12-06,2025-12-08 00:00:00,2025-12-07 13:00:00,Closed,37.0,1,I have contacted support multiple times and nobody has helped me.,1
TKT-01533,CUST-1597,Billing,Bug Report,Medium,Priya,Chat,2025-04-27,2025-04-29 00:00:00,2025-04-29 17:00:00,Closed,65.0,0,I want to cancel if this is not resolved today.,1
TKT-01534,CUST-1647,Account Management,Payment Failure,Low,Ethan,Chat,2025-06-03,2025-06-06 00:00:00,2025-06-05 01:00:00,Closed,49.0,0,I am tired of waiting for a response.,3
TKT-01535,CUST-1525,Product Support,Bug Report,Medium,Noah,Web Form,2025-05-18,2025-05-20 00:00:00,2025-05-19 20:00:00,Closed,44.0,0,The support team has been helpful so far.,4
TKT-01536,CUST-1208,Billing,Payment Failure,Medium,Noah,Phone,2025-02-20,2025-02-22 00:00:00,2025-02-22 17:00:00,Closed,65.0,3,I am tired of waiting for a response.,3
TKT-01537,CUST-1984,Account Management,Product Question,Medium,Mia,Chat,2025-10-02,2025-10-04 00:00:00,2025-10-03 20:00:00,Escalated,44.0,2,The support team has been helpful so far.,5
TKT-01538,CUST-1445,Shipping,Refund Delay,Medium,Sarah,Chat,2025-03-01,2025-03-03 00:00:00,2025-03-03 06:00:00,Closed,54.0,1,Please help me understand what happened.,4
TKT-01539,CUST-1074,Billing,Refund Delay,Low,David,Web Form,2025-05-04,2025-05-07 00:00:00,2025-05-06 19:00:00,Closed,67.0,1,I would like an update on my ticket.,3
TKT-01540,CUST-1123,Technical Support,Product Question,Critical,Liam,Web Form,2025-09-07,2025-09-07 08:00:00,2025-09-09 02:00:00,Closed,50.0,0,I am having an issue and need assistance.,4
TKT-01541,CUST-1889,Shipping,Subscription Cancellation,Low,Mia,Chat,2025-05-06,2025-05-09 00:00:00,,Open,,3,I am having an issue and need assistance.,3
TKT-01542,CUST-1648,Account Management,Refund Delay,Low,Sarah,Chat,2025-09-08,2025-09-11 00:00:00,2025-09-10 06:00:00,Closed,54.0,2,This issue is affecting my work and I am unhappy.,3
TKT-01543,CUST-1002,Shipping,Bug Report,Medium,Mia,Chat,2025-09-06,2025-09-08 00:00:00,2025-09-09 17:00:00,Closed,89.0,1,Thank you for the update.,5
TKT-01544,CUST-1773,Technical Support,Bug Report,Medium,Liam,Phone,2025-05-28,2025-05-30 00:00:00,2025-06-01 03:00:00,Closed,99.0,1,I am having an issue and need assistance.,4
TKT-01545,CUST-1538,Technical Support,Account Verification,Low,David,Phone,2025-07-13,2025-07-16 00:00:00,,Open,,0,I appreciate the quick response.,5
TKT-01546,CUST-1097,Product Support,Product Question,Medium,David,Chat,2025-02-02,2025-02-04 00:00:00,2025-02-02 09:00:00,Closed,9.0,0,Please help me understand what happened.,4
TKT-01547,CUST-1234,Product Support,Account Verification,Low,David,Email,2025-01-31,2025-02-03 00:00:00,2025-02-01 10:00:00,Closed,34.0,1,I need help with my account.,4
TKT-01548,CUST-1433,Account Management,Product Question,Medium,Mia,Email,2025-01-08,2025-01-10 00:00:00,2025-01-11 06:00:00,Closed,78.0,1,I would like an update on my ticket.,4
TKT-01549,CUST-1964,Shipping,Late Delivery,Medium,Ethan,Email,2025-07-28,2025-07-30 00:00:00,,Open,,1,I need help with my account.,4
TKT-01550,CUST-1931,Shipping,Late Delivery,High,Liam,Email,2025-07-26,2025-07-27 00:00:00,2025-07-26 15:00:00,Closed,15.0,4,I am having an issue and need assistance.,4
TKT-01551,CUST-1756,Billing,Bug Report,High,Mia,Chat,2025-05-28,2025-05-29 00:00:00,2025-05-29 22:00:00,Closed,46.0,0,I am having an issue and need assistance.,4
TKT-01552,CUST-1889,Product Support,Late Delivery,Low,Sarah,Web Form,2025-05-08,2025-05-11 00:00:00,2025-05-09 14:00:00,Closed,38.0,0,I appreciate the quick response.,4
TKT-01553,CUST-1116,Product Support,Late Delivery,Low,Mia,Email,2025-07-10,2025-07-13 00:00:00,2025-07-12 12:00:00,Closed,60.0,1,I need help with my account.,3
TKT-01554,CUST-1249,Technical Support,Subscription Cancellation,Medium,Liam,Chat,2025-10-22,2025-10-24 00:00:00,2025-10-23 23:00:00,Closed,47.0,0,This is very frustrating and I need this fixed immediately.,1
TKT-01555,CUST-1438,Product Support,Subscription Cancellation,Medium,Sarah,Phone,2025-06-20,2025-06-22 00:00:00,2025-06-21 11:00:00,Closed,35.0,0,I want to cancel if this is not resolved today.,2
TKT-01556,CUST-1926,Billing,Late Delivery,Medium,Sarah,Web Form,2025-04-09,2025-04-11 00:00:00,2025-04-11 04:00:00,Escalated,52.0,0,This issue is affecting my work and I am unhappy.,3
TKT-01557,CUST-1833,Technical Support,Subscription Cancellation,Medium,David,Chat,2025-11-15,2025-11-17 00:00:00,2025-11-16 19:00:00,Closed,43.0,0,Please help me understand what happened.,4
TKT-01558,CUST-1255,Shipping,Login Issue,Medium,Sarah,Chat,2025-07-09,2025-07-11 00:00:00,2025-07-12 01:00:00,Closed,73.0,0,I am having an issue and need assistance.,3
TKT-01559,CUST-1780,Account Management,Bug Report,Low,Ethan,Phone,2025-07-21,2025-07-24 00:00:00,2025-07-24 13:00:00,Closed,85.0,1,Please help me understand what happened.,3
TKT-01560,CUST-1973,Product Support,Bug Report,High,Mia,Phone,2025-04-14,2025-04-15 00:00:00,2025-04-16 10:00:00,Closed,58.0,1,The issue was handled well.,5
TKT-01561,CUST-1303,Technical Support,Account Verification,Medium,Liam,Phone,2025-07-30,2025-08-01 00:00:00,2025-08-02 15:00:00,Closed,87.0,2,I would like an update on my ticket.,3
TKT-01562,CUST-1711,Product Support,Product Question,Medium,Liam,Email,2025-08-01,2025-08-03 00:00:00,2025-08-03 05:00:00,Closed,53.0,1,Thank you for the update.,4
TKT-01563,CUST-1280,Account Management,Login Issue,Low,Ava,Web Form,2025-04-17,2025-04-20 00:00:00,2025-04-20 00:00:00,Closed,72.0,0,I have contacted support multiple times and nobody has helped me.,1
TKT-01564,CUST-1801,Product Support,Payment Failure,High,Ava,Chat,2025-07-17,2025-07-18 00:00:00,2025-07-17 11:00:00,Escalated,11.0,5,Can you check the status of my request?,4
TKT-01565,CUST-1111,Account Management,Payment Failure,Low,Priya,Chat,2025-10-24,2025-10-27 00:00:00,2025-10-25 09:00:00,Closed,33.0,0,This is very frustrating and I need this fixed immediately.,3
TKT-01566,CUST-1580,Account Management,Late Delivery,High,Priya,Email,2025-04-21,2025-04-22 00:00:00,2025-04-22 12:00:00,Escalated,36.0,0,Please help me understand what happened.,4
TKT-01567,CUST-1173,Account Management,Login Issue,Medium,Ethan,Email,2025-07-30,2025-08-01 00:00:00,2025-07-31 12:00:00,Closed,36.0,0,The issue was handled well.,4
TKT-01568,CUST-1672,Shipping,Refund Delay,Low,Liam,Phone,2025-10-27,2025-10-30 00:00:00,2025-10-28 07:00:00,Closed,31.0,0,Please help me understand what happened.,4
TKT-01569,CUST-1221,Technical Support,Subscription Cancellation,Medium,Noah,Phone,2025-01-24,2025-01-26 00:00:00,,Open,,4,This issue is affecting my work and I am unhappy.,3
TKT-01570,CUST-1154,Billing,Login Issue,Critical,Noah,Email,2025-07-25,2025-07-25 08:00:00,2025-07-25 11:00:00,Closed,11.0,0,This is very frustrating and I need this fixed immediately.,1
TKT-01571,CUST-1513,Product Support,Payment Failure,High,Noah,Web Form,2025-10-06,2025-10-07 00:00:00,2025-10-08 12:00:00,Closed,60.0,0,This is very frustrating and I need this fixed immediately.,2
TKT-01572,CUST-1857,Shipping,Subscription Cancellation,Medium,Mia,Email,2025-04-18,2025-04-20 00:00:00,2025-04-19 09:00:00,Closed,33.0,1,I have contacted support multiple times and nobody has helped me.,2
TKT-01573,CUST-1698,Product Support,Login Issue,Low,Sarah,Email,2025-02-10,2025-02-13 00:00:00,,Open,,0,I have contacted support multiple times and nobody has helped me.,3
TKT-01574,CUST-1139,Shipping,Refund Delay,Critical,Priya,Web Form,2025-12-09,2025-12-09 08:00:00,2025-12-10 00:00:00,Closed,24.0,0,I am having an issue and need assistance.,4
TKT-01575,CUST-1038,Account Management,Login Issue,High,Liam,Web Form,2025-09-01,2025-09-02 00:00:00,2025-09-02 11:00:00,Closed,35.0,0,Can you check the status of my request?,3
TKT-01576,CUST-1727,Account Management,Subscription Cancellation,Medium,Noah,Web Form,2025-03-04,2025-03-06 00:00:00,2025-03-05 20:00:00,Closed,44.0,0,I need help with my account.,3
TKT-01577,CUST-1330,Technical Support,Login Issue,High,Liam,Phone,2025-01-27,2025-01-28 00:00:00,2025-01-29 14:00:00,Closed,62.0,1,I am tired of waiting for a response.,1
TKT-01578,CUST-1436,Technical Support,Product Question,High,Noah,Email,2025-03-13,2025-03-14 00:00:00,2025-03-15 05:00:00,Closed,53.0,1,I would like an update on my ticket.,4
TKT-01579,CUST-1374,Account Management,Subscription Cancellation,Medium,Liam,Email,2025-01-16,2025-01-18 00:00:00,2025-01-16 21:00:00,Closed,21.0,0,Please help me understand what happened.,3
TKT-01580,CUST-1265,Shipping,Subscription Cancellation,High,Mia,Web Form,2025-11-23,2025-11-24 00:00:00,2025-11-23 13:00:00,Closed,13.0,2,I am having an issue and need assistance.,3
TKT-01581,CUST-1266,Account Management,Refund Delay,Medium,Ava,Email,2025-05-31,2025-06-02 00:00:00,2025-06-01 06:00:00,Escalated,30.0,0,Please help me understand what happened.,3
TKT-01582,CUST-1007,Billing,Product Question,High,Noah,Email,2025-01-02,2025-01-03 00:00:00,2025-01-04 02:00:00,Escalated,50.0,2,The support team has been helpful so far.,4
TKT-01583,CUST-1548,Account Management,Payment Failure,Low,Noah,Email,2025-06-29,2025-07-02 00:00:00,2025-06-30 08:00:00,Closed,32.0,0,I am having an issue and need assistance.,3
TKT-01584,CUST-1619,Shipping,Product Question,Medium,Mia,Chat,2025-07-03,2025-07-05 00:00:00,2025-07-04 22:00:00,Closed,46.0,0,I am tired of waiting for a response.,2
TKT-01585,CUST-1543,Billing,Account Verification,Medium,Noah,Email,2025-05-07,2025-05-09 00:00:00,2025-05-08 15:00:00,Escalated,39.0,4,This is very frustrating and I need this fixed immediately.,3
TKT-01586,CUST-1871,Product Support,Late Delivery,High,Ava,Web Form,2025-05-29,2025-05-30 00:00:00,2025-05-30 11:00:00,Closed,35.0,1,Can you check the status of my request?,3
TKT-01587,CUST-1268,Billing,Refund Delay,High,Noah,Phone,2025-12-31,2026-01-01 00:00:00,,Open,,0,I have contacted support multiple times and nobody has helped me.,3
TKT-01588,CUST-1023,Shipping,Product Question,Medium,Ethan,Phone,2025-11-18,2025-11-20 00:00:00,2025-11-21 06:00:00,Closed,78.0,1,I would like an update on my ticket.,3
TKT-01589,CUST-1953,Account Management,Account Verification,High,Ethan,Email,2025-12-11,2025-12-12 00:00:00,2025-12-13 20:00:00,Closed,68.0,0,Please help me understand what happened.,4
TKT-01590,CUST-1191,Technical Support,Payment Failure,Medium,Ava,Phone,2025-06-19,2025-06-21 00:00:00,2025-06-21 16:00:00,Closed,64.0,0,I want to cancel if this is not resolved today.,2
TKT-01591,CUST-1339,Product Support,Refund Delay,High,Sarah,Email,2025-12-20,2025-12-21 00:00:00,,Open,,0,I need help with my account.,4
TKT-01592,CUST-1679,Account Management,Product Question,Low,Ethan,Phone,2025-07-10,2025-07-13 00:00:00,2025-07-12 20:00:00,Closed,68.0,0,The support team has been helpful so far.,5
TKT-01593,CUST-1302,Product Support,Login Issue,Medium,Ava,Chat,2025-07-03,2025-07-05 00:00:00,2025-07-03 10:00:00,Closed,10.0,2,Can you check the status of my request?,4
TKT-01594,CUST-1524,Shipping,Subscription Cancellation,Medium,Ethan,Chat,2025-06-15,2025-06-17 00:00:00,2025-06-18 04:00:00,Closed,76.0,0,Can you check the status of my request?,4
TKT-01595,CUST-1866,Billing,Refund Delay,Medium,Ethan,Chat,2025-06-07,2025-06-09 00:00:00,2025-06-11 05:00:00,Closed,101.0,0,Please help me understand what happened.,4
TKT-01596,CUST-1691,Product Support,Refund Delay,Medium,Ethan,Web Form,2025-01-08,2025-01-10 00:00:00,2025-01-10 17:00:00,Closed,65.0,5,Can you check the status of my request?,4
TKT-01597,CUST-1445,Product Support,Subscription Cancellation,Medium,Liam,Email,2025-06-14,2025-06-16 00:00:00,2025-06-15 01:00:00,Closed,25.0,0,This is very frustrating and I need this fixed immediately.,3
TKT-01598,CUST-1475,Account Management,Late Delivery,High,Noah,Web Form,2025-03-22,2025-03-23 00:00:00,2025-03-22 22:00:00,Closed,22.0,2,Thanks for helping me with this issue.,5
TKT-01599,CUST-1839,Product Support,Late Delivery,High,David,Chat,2025-10-30,2025-10-31 00:00:00,2025-10-31 04:00:00,Closed,28.0,5,The support team has been helpful so far.,4
TKT-01600,CUST-1428,Shipping,Refund Delay,Critical,Noah,Chat,2025-10-28,2025-10-28 08:00:00,,Open,,2,The support team has been helpful so far.,4
TKT-01601,CUST-1440,Billing,Refund Delay,Low,Liam,Chat,2025-04-19,2025-04-22 00:00:00,2025-04-22 20:00:00,Closed,92.0,0,Thank you for the update.,5
TKT-01602,CUST-1232,Billing,Payment Failure,Low,David,Web Form,2025-12-13,2025-12-16 00:00:00,2025-12-15 14:00:00,Closed,62.0,1,The issue was handled well.,4
TKT-01603,CUST-1296,Billing,Subscription Cancellation,High,David,Chat,2025-03-11,2025-03-12 00:00:00,2025-03-12 22:00:00,Escalated,46.0,1,I appreciate the quick response.,5
TKT-01604,CUST-1462,Account Management,Subscription Cancellation,High,Ethan,Email,2025-03-02,2025-03-03 00:00:00,2025-03-04 04:00:00,Closed,52.0,1,I have contacted support multiple times and nobody has helped me.,3
TKT-01605,CUST-1567,Account Management,Payment Failure,Critical,Sarah,Phone,2025-01-30,2025-01-30 08:00:00,2025-01-31 08:00:00,Closed,32.0,2,Thanks for helping me with this issue.,4
TKT-01606,CUST-1395,Billing,Bug Report,Medium,Ava,Web Form,2025-12-06,2025-12-08 00:00:00,2025-12-07 12:00:00,Closed,36.0,0,Please help me understand what happened.,3
TKT-01607,CUST-1529,Account Management,Payment Failure,Low,Liam,Chat,2025-03-19,2025-03-22 00:00:00,2025-03-20 13:00:00,Closed,37.0,0,This issue is affecting my work and I am unhappy.,3
TKT-01608,CUST-1791,Shipping,Bug Report,Medium,Ethan,Email,2025-02-12,2025-02-14 00:00:00,2025-02-13 17:00:00,Closed,41.0,0,This issue is affecting my work and I am unhappy.,2
TKT-01609,CUST-1264,Technical Support,Late Delivery,High,Noah,Chat,2025-03-15,2025-03-16 00:00:00,2025-03-16 18:00:00,Closed,42.0,0,I want to cancel if this is not resolved today.,3
TKT-01610,CUST-1834,Billing,Product Question,Medium,Liam,Web Form,2025-07-31,2025-08-02 00:00:00,2025-08-03 18:00:00,Escalated,90.0,0,I appreciate the quick response.,4
TKT-01611,CUST-1323,Account Management,Bug Report,Low,Sarah,Web Form,2025-05-30,2025-06-02 00:00:00,,Open,,0,The support team has been helpful so far.,5
TKT-01612,CUST-1602,Shipping,Account Verification,Critical,Liam,Web Form,2025-07-07,2025-07-07 08:00:00,2025-07-09 05:00:00,Closed,53.0,0,I would like an update on my ticket.,4
TKT-01613,CUST-1334,Account Management,Late Delivery,Low,Priya,Phone,2025-03-03,2025-03-06 00:00:00,2025-03-03 14:00:00,Closed,14.0,4,I would like an update on my ticket.,4
TKT-01614,CUST-1628,Account Management,Bug Report,High,Mia,Email,2025-08-04,2025-08-05 00:00:00,2025-08-07 18:00:00,Closed,90.0,1,I am having an issue and need assistance.,3
TKT-01615,CUST-1299,Account Management,Account Verification,Medium,Priya,Chat,2025-02-07,2025-02-09 00:00:00,,Open,,0,The support team has been helpful so far.,4
TKT-01616,CUST-1024,Account Management,Product Question,Medium,Ava,Phone,2025-06-26,2025-06-28 00:00:00,2025-06-29 08:00:00,Closed,80.0,3,I need help with my account.,4
TKT-01617,CUST-1715,Technical Support,Account Verification,Medium,Mia,Email,2025-05-30,2025-06-01 00:00:00,2025-06-04 02:00:00,Closed,122.0,1,I have contacted support multiple times and nobody has helped me.,3
TKT-01618,CUST-1205,Shipping,Bug Report,Low,Sarah,Web Form,2025-07-24,2025-07-27 00:00:00,2025-07-27 17:00:00,Closed,89.0,1,I want to cancel if this is not resolved today.,2
TKT-01619,CUST-1209,Billing,Login Issue,Low,Mia,Chat,2025-01-14,2025-01-17 00:00:00,2025-01-15 06:00:00,Closed,30.0,2,I want to cancel if this is not resolved today.,1
TKT-01620,CUST-1872,Technical Support,Payment Failure,High,Sarah,Email,2025-09-18,2025-09-19 00:00:00,,Open,,1,Please help me understand what happened.,3
TKT-01621,CUST-1887,Shipping,Subscription Cancellation,Medium,Priya,Web Form,2025-11-03,2025-11-05 00:00:00,2025-11-03 11:00:00,Escalated,11.0,0,I have contacted support multiple times and nobody has helped me.,1
TKT-01622,CUST-1805,Technical Support,Late Delivery,Medium,David,Email,2025-10-16,2025-10-18 00:00:00,2025-10-18 13:00:00,Closed,61.0,0,Please help me understand what happened.,4
TKT-01623,CUST-1415,Product Support,Refund Delay,Medium,Ava,Chat,2025-09-26,2025-09-28 00:00:00,2025-09-27 16:00:00,Closed,40.0,0,I need help with my account.,4
TKT-01624,CUST-1201,Account Management,Bug Report,Low,Liam,Phone,2025-04-08,2025-04-11 00:00:00,2025-04-12 10:00:00,Closed,106.0,0,I would like an update on my ticket.,3
TKT-01625,CUST-1158,Billing,Refund Delay,Low,Sarah,Phone,2025-07-15,2025-07-18 00:00:00,2025-07-19 04:00:00,Closed,100.0,0,I want to cancel if this is not resolved today.,1
TKT-01626,CUST-1115,Account Management,Login Issue,Medium,Liam,Web Form,2025-12-26,2025-12-28 00:00:00,2025-12-28 15:00:00,Closed,63.0,4,I would like an update on my ticket.,4
TKT-01627,CUST-1340,Billing,Product Question,High,Sarah,Web Form,2025-07-02,2025-07-03 00:00:00,2025-07-03 01:00:00,Closed,25.0,1,I appreciate the quick response.,4
TKT-01628,CUST-1974,Product Support,Account Verification,Medium,Priya,Phone,2025-11-26,2025-11-28 00:00:00,2025-11-27 13:00:00,Closed,37.0,2,Can you check the status of my request?,4
TKT-01629,CUST-1697,Technical Support,Account Verification,Medium,Mia,Phone,2025-03-23,2025-03-25 00:00:00,2025-03-26 16:00:00,Escalated,88.0,2,I need help with my account.,3
TKT-01630,CUST-1183,Shipping,Subscription Cancellation,High,Sarah,Web Form,2025-11-06,2025-11-07 00:00:00,2025-11-08 08:00:00,Closed,56.0,2,Can you check the status of my request?,4
TKT-01631,CUST-1109,Account Management,Payment Failure,Medium,Liam,Phone,2025-06-12,2025-06-14 00:00:00,2025-06-14 07:00:00,Closed,55.0,0,I am having an issue and need assistance.,4
TKT-01632,CUST-1812,Technical Support,Refund Delay,High,Ethan,Chat,2025-01-04,2025-01-05 00:00:00,2025-01-07 02:00:00,Closed,74.0,2,Can you check the status of my request?,4
TKT-01633,CUST-1001,Account Management,Product Question,Medium,Noah,Email,2025-09-14,2025-09-16 00:00:00,2025-09-15 01:00:00,Closed,25.0,1,Please help me understand what happened.,3
TKT-01634,CUST-1756,Product Support,Refund Delay,Low,Noah,Chat,2025-02-07,2025-02-10 00:00:00,2025-02-08 06:00:00,Closed,30.0,1,I need help with my account.,4
TKT-01635,CUST-1788,Account Management,Product Question,Critical,Noah,Web Form,2025-03-03,2025-03-03 08:00:00,2025-03-04 02:00:00,Closed,26.0,1,Please help me understand what happened.,4
TKT-01636,CUST-1690,Account Management,Payment Failure,Medium,Sarah,Chat,2025-04-10,2025-04-12 00:00:00,2025-04-11 18:00:00,Closed,42.0,0,I appreciate the quick response.,4
TKT-01637,CUST-1021,Account Management,Bug Report,Low,Ethan,Chat,2025-12-22,2025-12-25 00:00:00,2025-12-24 13:00:00,Closed,61.0,0,I have contacted support multiple times and nobody has helped me.,2
TKT-01638,CUST-1070,Shipping,Subscription Cancellation,Medium,Liam,Web Form,2025-01-26,2025-01-28 00:00:00,2025-01-28 02:00:00,Closed,50.0,4,Thanks for helping me with this issue.,4
TKT-01639,CUST-1884,Account Management,Late Delivery,Medium,Ava,Email,2025-03-10,2025-03-12 00:00:00,2025-03-12 04:00:00,Closed,52.0,3,I want to cancel if this is not resolved today.,2
TKT-01640,CUST-1248,Product Support,Account Verification,Low,Priya,Chat,2025-07-03,2025-07-06 00:00:00,2025-07-06 13:00:00,Closed,85.0,0,I am having an issue and need assistance.,4
TKT-01641,CUST-1433,Product Support,Payment Failure,Critical,Sarah,Phone,2025-12-14,2025-12-14 08:00:00,2025-12-14 15:00:00,Closed,15.0,5,Can you check the status of my request?,4
TKT-01642,CUST-1830,Shipping,Late Delivery,High,Mia,Phone,2025-07-21,2025-07-22 00:00:00,2025-07-21 20:00:00,Escalated,20.0,1,Thanks for helping me with this issue.,4
TKT-01643,CUST-1843,Billing,Late Delivery,Low,Sarah,Email,2025-02-14,2025-02-17 00:00:00,2025-02-16 16:00:00,Closed,64.0,0,I am tired of waiting for a response.,1
TKT-01644,CUST-1091,Technical Support,Product Question,High,Sarah,Chat,2025-01-30,2025-01-31 00:00:00,2025-02-01 00:00:00,Escalated,48.0,0,This is very frustrating and I need this fixed immediately.,1
TKT-01645,CUST-1539,Billing,Refund Delay,High,Ava,Chat,2025-02-03,2025-02-04 00:00:00,,Open,,0,I have contacted support multiple times and nobody has helped me.,1
TKT-01646,CUST-1434,Technical Support,Bug Report,Medium,Priya,Email,2025-06-21,2025-06-23 00:00:00,2025-06-23 21:00:00,Closed,69.0,0,Please help me understand what happened.,4
TKT-01647,CUST-1798,Billing,Account Verification,High,Sarah,Chat,2025-10-01,2025-10-02 00:00:00,2025-10-04 02:00:00,Closed,74.0,0,Thank you for the update.,5
TKT-01648,CUST-1882,Account Management,Subscription Cancellation,High,Ava,Phone,2025-04-23,2025-04-24 00:00:00,2025-04-23 06:00:00,Closed,6.0,4,Can you check the status of my request?,3
TKT-01649,CUST-1432,Product Support,Payment Failure,Medium,Liam,Web Form,2025-11-13,2025-11-15 00:00:00,2025-11-14 21:00:00,Closed,45.0,5,This is very frustrating and I need this fixed immediately.,3
TKT-01650,CUST-1890,Product Support,Account Verification,Medium,Sarah,Phone,2025-11-28,2025-11-30 00:00:00,2025-11-29 18:00:00,Closed,42.0,3,Please help me understand what happened.,4
TKT-01651,CUST-1176,Technical Support,Account Verification,Medium,Liam,Web Form,2025-10-06,2025-10-08 00:00:00,2025-10-10 12:00:00,Closed,108.0,2,Please help me understand what happened.,4
TKT-01652,CUST-1191,Product Support,Late Delivery,Low,Sarah,Web Form,2025-08-16,2025-08-19 00:00:00,2025-08-19 05:00:00,Closed,77.0,0,I am tired of waiting for a response.,1
TKT-01653,CUST-1389,Product Support,Refund Delay,Medium,Liam,Phone,2025-10-17,2025-10-19 00:00:00,2025-10-18 15:00:00,Closed,39.0,1,I appreciate the quick response.,5
TKT-01654,CUST-1337,Shipping,Refund Delay,Medium,Liam,Phone,2025-09-30,2025-10-02 00:00:00,2025-10-03 06:00:00,Escalated,78.0,0,I have contacted support multiple times and nobody has helped me.,2
TKT-01655,CUST-1040,Account Management,Account Verification,Medium,Mia,Phone,2025-07-22,2025-07-24 00:00:00,2025-07-23 17:00:00,Closed,41.0,0,I want to cancel if this is not resolved today.,2
TKT-01656,CUST-1792,Billing,Bug Report,High,Ava,Chat,2025-05-15,2025-05-16 00:00:00,2025-05-18 09:00:00,Closed,81.0,1,The support team has been helpful so far.,4
TKT-01657,CUST-1677,Technical Support,Account Verification,Low,Noah,Chat,2025-06-24,2025-06-27 00:00:00,2025-06-26 09:00:00,Closed,57.0,0,I need help with my account.,4
TKT-01658,CUST-1801,Product Support,Bug Report,Low,Mia,Chat,2025-04-27,2025-04-30 00:00:00,2025-04-29 22:00:00,Closed,70.0,1,I need help with my account.,3
TKT-01659,CUST-1714,Account Management,Account Verification,Low,Mia,Phone,2025-03-30,2025-04-02 00:00:00,,Open,,1,I am having an issue and need assistance.,3
TKT-01660,CUST-1370,Shipping,Product Question,High,Noah,Phone,2025-06-06,2025-06-07 00:00:00,2025-06-07 06:00:00,Closed,30.0,2,Please help me understand what happened.,3
TKT-01661,CUST-1949,Shipping,Subscription Cancellation,Critical,Liam,Phone,2025-06-19,2025-06-19 08:00:00,,Open,,5,Please help me understand what happened.,4
TKT-01662,CUST-1221,Product Support,Account Verification,Medium,Priya,Chat,2025-06-01,2025-06-03 00:00:00,2025-06-03 17:00:00,Closed,65.0,0,The issue was handled well.,5
TKT-01663,CUST-1249,Account Management,Payment Failure,High,David,Chat,2025-03-20,2025-03-21 00:00:00,2025-03-21 10:00:00,Closed,34.0,0,I would like an update on my ticket.,4
TKT-01664,CUST-1818,Technical Support,Payment Failure,High,Liam,Phone,2025-06-03,2025-06-04 00:00:00,2025-06-05 15:00:00,Closed,63.0,0,I am tired of waiting for a response.,2
TKT-01665,CUST-1580,Billing,Bug Report,Critical,Ava,Chat,2025-09-30,2025-09-30 08:00:00,2025-10-01 23:00:00,Closed,47.0,0,Thank you for the update.,4
TKT-01666,CUST-1431,Billing,Product Question,Medium,Ethan,Chat,2025-10-30,2025-11-01 00:00:00,2025-11-01 18:00:00,Escalated,66.0,0,I need help with my account.,3
TKT-01667,CUST-1351,Technical Support,Bug Report,Medium,David,Email,2025-07-01,2025-07-03 00:00:00,2025-07-03 07:00:00,Closed,55.0,0,I am having an issue and need assistance.,3
TKT-01668,CUST-1145,Technical Support,Login Issue,Low,Ethan,Phone,2025-12-17,2025-12-20 00:00:00,,Open,,2,I need help with my account.,3
TKT-01669,CUST-1113,Technical Support,Bug Report,Medium,Priya,Chat,2025-07-25,2025-07-27 00:00:00,2025-07-28 05:00:00,Closed,77.0,0,Can you check the status of my request?,4
TKT-01670,CUST-1237,Billing,Bug Report,Medium,Liam,Phone,2025-06-28,2025-06-30 00:00:00,2025-07-02 00:00:00,Escalated,96.0,2,I have contacted support multiple times and nobody has helped me.,3
TKT-01671,CUST-1556,Shipping,Login Issue,Low,Priya,Phone,2025-07-03,2025-07-06 00:00:00,2025-07-05 04:00:00,Closed,52.0,4,Please help me understand what happened.,3
TKT-01672,CUST-1779,Billing,Payment Failure,Medium,Liam,Web Form,2025-05-09,2025-05-11 00:00:00,2025-05-10 02:00:00,Closed,26.0,2,Please help me understand what happened.,3
TKT-01673,CUST-1603,Account Management,Subscription Cancellation,High,Mia,Web Form,2025-01-15,2025-01-16 00:00:00,2025-01-16 13:00:00,Closed,37.0,2,Can you check the status of my request?,3
TKT-01674,CUST-1318,Product Support,Refund Delay,Medium,Liam,Email,2025-11-05,2025-11-07 00:00:00,2025-11-07 17:00:00,Closed,65.0,4,Please help me understand what happened.,3
TKT-01675,CUST-1543,Shipping,Refund Delay,High,Mia,Chat,2025-12-13,2025-12-14 00:00:00,2025-12-14 07:00:00,Escalated,31.0,0,I want to cancel if this is not resolved today.,3
TKT-01676,CUST-1804,Billing,Subscription Cancellation,Medium,Noah,Phone,2025-11-29,2025-12-01 00:00:00,,Open,,0,Can you check the status of my request?,3
TKT-01677,CUST-1024,Technical Support,Login Issue,Low,Mia,Web Form,2025-07-05,2025-07-08 00:00:00,2025-07-07 20:00:00,Closed,68.0,0,I am tired of waiting for a response.,3
TKT-01678,CUST-1599,Shipping,Subscription Cancellation,Low,Noah,Chat,2025-11-28,2025-12-01 00:00:00,2025-11-30 02:00:00,Closed,50.0,2,This is very frustrating and I need this fixed immediately.,3
TKT-01679,CUST-1828,Account Management,Product Question,Low,Noah,Phone,2025-01-09,2025-01-12 00:00:00,2025-01-11 16:00:00,Escalated,64.0,4,Please help me understand what happened.,4
TKT-01680,CUST-1406,Billing,Product Question,Low,Mia,Email,2025-08-07,2025-08-10 00:00:00,2025-08-09 02:00:00,Closed,50.0,2,Thanks for helping me with this issue.,4
TKT-01681,CUST-1499,Product Support,Login Issue,High,Ethan,Chat,2025-12-14,2025-12-15 00:00:00,2025-12-16 05:00:00,Closed,53.0,0,Thank you for the update.,5
TKT-01682,CUST-1760,Billing,Product Question,Medium,David,Email,2025-07-11,2025-07-13 00:00:00,2025-07-12 05:00:00,Closed,29.0,2,The support team has been helpful so far.,5
TKT-01683,CUST-1008,Product Support,Account Verification,Medium,Ava,Chat,2025-06-08,2025-06-10 00:00:00,2025-06-09 15:00:00,Closed,39.0,2,Thanks for helping me with this issue.,5
TKT-01684,CUST-1850,Product Support,Account Verification,Medium,Ethan,Phone,2025-06-02,2025-06-04 00:00:00,,Open,,1,Thanks for helping me with this issue.,4
TKT-01685,CUST-1100,Product Support,Late Delivery,Medium,Noah,Email,2025-06-10,2025-06-12 00:00:00,2025-06-11 15:00:00,Closed,39.0,0,Can you check the status of my request?,3
TKT-01686,CUST-1861,Technical Support,Late Delivery,Medium,Liam,Chat,2025-01-17,2025-01-19 00:00:00,2025-01-19 01:00:00,Closed,49.0,2,Can you check the status of my request?,4
TKT-01687,CUST-1362,Billing,Account Verification,Medium,Noah,Web Form,2025-05-06,2025-05-08 00:00:00,2025-05-08 00:00:00,Closed,48.0,0,I need help with my account.,3
TKT-01688,CUST-1328,Technical Support,Login Issue,Medium,Noah,Email,2025-08-31,2025-09-02 00:00:00,2025-09-03 05:00:00,Closed,77.0,0,I want to cancel if this is not resolved today.,3
TKT-01689,CUST-1145,Billing,Late Delivery,Low,Ava,Phone,2025-02-11,2025-02-14 00:00:00,2025-02-13 02:00:00,Closed,50.0,0,I would like an update on my ticket.,4
TKT-01690,CUST-1773,Product Support,Payment Failure,Medium,Sarah,Email,2025-11-04,2025-11-06 00:00:00,2025-11-06 18:00:00,Closed,66.0,0,I have contacted support multiple times and nobody has helped me.,3
TKT-01691,CUST-1962,Product Support,Payment Failure,High,Sarah,Chat,2025-10-27,2025-10-28 00:00:00,,Open,,2,Please help me understand what happened.,3
TKT-01692,CUST-1671,Billing,Bug Report,Medium,Liam,Web Form,2025-02-20,2025-02-22 00:00:00,,Open,,0,This is very frustrating and I need this fixed immediately.,3
TKT-01693,CUST-1824,Shipping,Payment Failure,Critical,Priya,Phone,2025-07-20,2025-07-20 08:00:00,2025-07-21 05:00:00,Closed,29.0,0,I need help with my account.,3
TKT-01694,CUST-1212,Account Management,Payment Failure,High,Priya,Chat,2025-11-17,2025-11-18 00:00:00,2025-11-17 15:00:00,Closed,15.0,0,I would like an update on my ticket.,4
TKT-01695,CUST-1564,Account Management,Subscription Cancellation,Medium,Priya,Web Form,2025-06-10,2025-06-12 00:00:00,2025-06-13 04:00:00,Closed,76.0,3,This is very frustrating and I need this fixed immediately.,2
TKT-01696,CUST-1798,Product Support,Account Verification,Low,Priya,Chat,2025-09-07,2025-09-10 00:00:00,,Open,,2,Can you check the status of my request?,3
TKT-01697,CUST-1592,Product Support,Login Issue,Medium,Mia,Web Form,2025-01-30,2025-02-01 00:00:00,2025-02-01 02:00:00,Closed,50.0,0,Please help me understand what happened.,3
TKT-01698,CUST-1667,Billing,Login Issue,Medium,Mia,Chat,2025-09-20,2025-09-22 00:00:00,2025-09-22 15:00:00,Closed,63.0,0,Thank you for the update.,5
TKT-01699,CUST-1502,Billing,Product Question,Medium,Ethan,Phone,2025-10-23,2025-10-25 00:00:00,2025-10-25 19:00:00,Closed,67.0,0,This is very frustrating and I need this fixed immediately.,1
TKT-01700,CUST-1078,Billing,Login Issue,Medium,Sarah,Phone,2025-08-02,2025-08-04 00:00:00,2025-08-05 23:00:00,Closed,95.0,1,I have contacted support multiple times and nobody has helped me.,2
TKT-01701,CUST-1837,Account Management,Account Verification,Medium,David,Web Form,2025-05-05,2025-05-07 00:00:00,2025-05-08 01:00:00,Closed,73.0,5,I am having an issue and need assistance.,4
TKT-01702,CUST-1401,Technical Support,Payment Failure,Low,Priya,Web Form,2025-04-22,2025-04-25 00:00:00,2025-04-25 08:00:00,Closed,80.0,3,I would like an update on my ticket.,3
TKT-01703,CUST-1398,Product Support,Late Delivery,Medium,Noah,Chat,2025-11-26,2025-11-28 00:00:00,2025-11-28 23:00:00,Escalated,71.0,0,This is very frustrating and I need this fixed immediately.,1
TKT-01704,CUST-1487,Technical Support,Account Verification,Medium,Noah,Chat,2025-02-09,2025-02-11 00:00:00,,Open,,0,I need help with my account.,3
TKT-01705,CUST-1493,Technical Support,Bug Report,High,David,Phone,2025-09-15,2025-09-16 00:00:00,2025-09-18 23:00:00,Closed,95.0,3,I need help with my account.,3
TKT-01706,CUST-1644,Shipping,Account Verification,Medium,Mia,Chat,2025-06-14,2025-06-16 00:00:00,,Open,,2,I would like an update on my ticket.,3
TKT-01707,CUST-1366,Shipping,Product Question,High,Mia,Email,2025-12-27,2025-12-28 00:00:00,2025-12-28 05:00:00,Closed,29.0,1,I would like an update on my ticket.,4
TKT-01708,CUST-1533,Shipping,Login Issue,High,Priya,Phone,2025-04-30,2025-05-01 00:00:00,,Open,,1,The issue was handled well.,5
TKT-01709,CUST-1719,Shipping,Refund Delay,Medium,Sarah,Phone,2025-07-05,2025-07-07 00:00:00,2025-07-09 08:00:00,Closed,104.0,2,I would like an update on my ticket.,3
TKT-01710,CUST-1956,Billing,Product Question,Medium,Liam,Phone,2025-11-30,2025-12-02 00:00:00,2025-12-02 19:00:00,Closed,67.0,0,This issue is affecting my work and I am unhappy.,1
TKT-01711,CUST-1704,Account Management,Product Question,Low,Mia,Email,2025-09-03,2025-09-06 00:00:00,2025-09-04 16:00:00,Closed,40.0,1,I am having an issue and need assistance.,3
TKT-01712,CUST-1664,Product Support,Account Verification,High,Ava,Web Form,2025-12-11,2025-12-12 00:00:00,2025-12-13 23:00:00,Closed,71.0,3,Thank you for the update.,4
TKT-01713,CUST-1449,Shipping,Subscription Cancellation,Medium,Priya,Phone,2025-03-21,2025-03-23 00:00:00,2025-03-22 04:00:00,Closed,28.0,2,I would like an update on my ticket.,4
TKT-01714,CUST-1105,Account Management,Bug Report,High,Noah,Email,2025-12-09,2025-12-10 00:00:00,2025-12-11 16:00:00,Closed,64.0,0,I would like an update on my ticket.,4
TKT-01715,CUST-1520,Shipping,Product Question,Medium,Noah,Chat,2025-08-28,2025-08-30 00:00:00,2025-08-30 00:00:00,Closed,48.0,0,Thank you for the update.,4
TKT-01716,CUST-1649,Technical Support,Payment Failure,High,Noah,Email,2025-11-26,2025-11-27 00:00:00,2025-11-28 03:00:00,Closed,51.0,2,Can you check the status of my request?,3
TKT-01717,CUST-1854,Technical Support,Account Verification,Medium,Sarah,Web Form,2025-10-26,2025-10-28 00:00:00,2025-10-28 23:00:00,Closed,71.0,1,I appreciate the quick response.,4
TKT-01718,CUST-1419,Billing,Account Verification,Medium,Ava,Chat,2025-06-06,2025-06-08 00:00:00,2025-06-08 16:00:00,Closed,64.0,1,Can you check the status of my request?,4
TKT-01719,CUST-1794,Technical Support,Account Verification,High,Liam,Chat,2025-05-12,2025-05-13 00:00:00,2025-05-15 06:00:00,Closed,78.0,3,I need help with my account.,4
TKT-01720,CUST-1167,Shipping,Subscription Cancellation,Low,Liam,Chat,2025-07-16,2025-07-19 00:00:00,2025-07-17 05:00:00,Closed,29.0,0,I need help with my account.,4
TKT-01721,CUST-1336,Product Support,Bug Report,Medium,Ethan,Email,2025-05-08,2025-05-10 00:00:00,2025-05-11 07:00:00,Closed,79.0,0,The issue was handled well.,5
TKT-01722,CUST-1747,Billing,Subscription Cancellation,Medium,Liam,Email,2025-01-20,2025-01-22 00:00:00,2025-01-23 00:00:00,Closed,72.0,1,I am tired of waiting for a response.,3
TKT-01723,CUST-1598,Product Support,Payment Failure,Medium,Sarah,Web Form,2025-08-19,2025-08-21 00:00:00,2025-08-22 04:00:00,Closed,76.0,0,Thanks for helping me with this issue.,5
TKT-01724,CUST-1344,Billing,Login Issue,High,Ethan,Email,2025-02-11,2025-02-12 00:00:00,,Open,,4,This issue is affecting my work and I am unhappy.,1
TKT-01725,CUST-1503,Account Management,Product Question,High,Sarah,Web Form,2025-06-16,2025-06-17 00:00:00,,Open,,0,Thanks for helping me with this issue.,5
TKT-01726,CUST-1777,Shipping,Subscription Cancellation,Medium,Mia,Chat,2025-05-26,2025-05-28 00:00:00,2025-05-28 07:00:00,Closed,55.0,0,I am tired of waiting for a response.,2
TKT-01727,CUST-1921,Billing,Bug Report,High,Sarah,Chat,2025-09-06,2025-09-07 00:00:00,2025-09-08 04:00:00,Escalated,52.0,2,Please help me understand what happened.,3
TKT-01728,CUST-1895,Shipping,Product Question,Low,Ava,Chat,2025-06-19,2025-06-22 00:00:00,,Open,,5,Can you check the status of my request?,4
TKT-01729,CUST-1737,Shipping,Login Issue,Medium,Liam,Phone,2025-10-21,2025-10-23 00:00:00,2025-10-23 12:00:00,Closed,60.0,0,Can you check the status of my request?,3
TKT-01730,CUST-1150,Billing,Refund Delay,High,Mia,Web Form,2025-10-09,2025-10-10 00:00:00,2025-10-12 03:00:00,Closed,75.0,0,I would like an update on my ticket.,4
TKT-01731,CUST-1311,Account Management,Product Question,Medium,Sarah,Web Form,2025-01-25,2025-01-27 00:00:00,2025-01-27 09:00:00,Closed,57.0,4,This is very frustrating and I need this fixed immediately.,2
TKT-01732,CUST-1379,Shipping,Account Verification,Medium,Priya,Web Form,2025-09-18,2025-09-20 00:00:00,2025-09-20 23:00:00,Closed,71.0,0,This is very frustrating and I need this fixed immediately.,1
TKT-01733,CUST-1423,Account Management,Payment Failure,Low,Ava,Web Form,2025-04-23,2025-04-26 00:00:00,,Open,,1,This is very frustrating and I need this fixed immediately.,3
TKT-01734,CUST-1279,Technical Support,Payment Failure,Low,Sarah,Web Form,2025-10-03,2025-10-06 00:00:00,2025-10-05 23:00:00,Closed,71.0,1,I am tired of waiting for a response.,3
TKT-01735,CUST-1398,Shipping,Account Verification,Critical,David,Chat,2025-10-28,2025-10-28 08:00:00,2025-10-30 16:00:00,Closed,64.0,2,The support team has been helpful so far.,5
TKT-01736,CUST-1204,Account Management,Payment Failure,Medium,Priya,Email,2025-05-16,2025-05-18 00:00:00,2025-05-16 10:00:00,Closed,10.0,0,Please help me understand what happened.,4
TKT-01737,CUST-1815,Shipping,Login Issue,Low,Ethan,Chat,2025-11-30,2025-12-03 00:00:00,,Open,,1,I appreciate the quick response.,4
TKT-01738,CUST-1935,Account Management,Bug Report,Medium,Mia,Chat,2025-05-29,2025-05-31 00:00:00,2025-06-01 12:00:00,Closed,84.0,1,I am having an issue and need assistance.,3
TKT-01739,CUST-1834,Technical Support,Late Delivery,Critical,Sarah,Email,2025-11-20,2025-11-20 08:00:00,,Open,,1,Thanks for helping me with this issue.,4
TKT-01740,CUST-1766,Shipping,Bug Report,High,Noah,Email,2025-11-04,2025-11-05 00:00:00,2025-11-07 02:00:00,Closed,74.0,0,I am having an issue and need assistance.,3
TKT-01741,CUST-1287,Account Management,Subscription Cancellation,Medium,Noah,Phone,2025-06-06,2025-06-08 00:00:00,2025-06-08 17:00:00,Closed,65.0,2,Please help me understand what happened.,3
TKT-01742,CUST-1017,Account Management,Payment Failure,Medium,Sarah,Chat,2025-12-29,2025-12-31 00:00:00,2025-12-29 10:00:00,Closed,10.0,0,I would like an update on my ticket.,4
TKT-01743,CUST-1323,Product Support,Login Issue,Medium,Mia,Chat,2025-12-21,2025-12-23 00:00:00,2025-12-21 08:00:00,Closed,8.0,0,I am having an issue and need assistance.,3
TKT-01744,CUST-1315,Shipping,Product Question,Medium,Sarah,Chat,2025-03-21,2025-03-23 00:00:00,2025-03-22 16:00:00,Closed,40.0,3,Please help me understand what happened.,3
TKT-01745,CUST-1885,Account Management,Subscription Cancellation,Medium,Liam,Chat,2025-10-10,2025-10-12 00:00:00,,Open,,1,The issue was handled well.,5
TKT-01746,CUST-1084,Shipping,Late Delivery,Low,David,Phone,2025-05-25,2025-05-28 00:00:00,2025-05-26 01:00:00,Escalated,25.0,0,Can you check the status of my request?,4
TKT-01747,CUST-1363,Product Support,Payment Failure,Medium,Ethan,Web Form,2025-06-04,2025-06-06 00:00:00,2025-06-05 10:00:00,Escalated,34.0,0,I need help with my account.,3
TKT-01748,CUST-1351,Product Support,Bug Report,Low,Sarah,Phone,2025-10-01,2025-10-04 00:00:00,2025-10-03 06:00:00,Closed,54.0,1,Please help me understand what happened.,4
TKT-01749,CUST-1353,Product Support,Refund Delay,High,Priya,Email,2025-03-29,2025-03-30 00:00:00,2025-03-31 10:00:00,Closed,58.0,3,This issue is affecting my work and I am unhappy.,2
TKT-01750,CUST-1983,Product Support,Late Delivery,Low,Liam,Email,2025-10-28,2025-10-31 00:00:00,2025-10-29 16:00:00,Closed,40.0,2,Thanks for helping me with this issue.,4
TKT-01751,CUST-1781,Product Support,Login Issue,High,Sarah,Chat,2025-05-13,2025-05-14 00:00:00,2025-05-13 23:00:00,Closed,23.0,1,Please help me understand what happened.,3
TKT-01752,CUST-1371,Billing,Login Issue,Low,David,Chat,2025-08-30,2025-09-02 00:00:00,,Open,,0,I am having an issue and need assistance.,4
TKT-01753,CUST-1631,Technical Support,Refund Delay,Critical,David,Chat,2025-01-20,2025-01-20 08:00:00,2025-01-21 18:00:00,Closed,42.0,1,I need help with my account.,3
TKT-01754,CUST-1801,Account Management,Bug Report,Medium,Priya,Phone,2025-06-13,2025-06-15 00:00:00,,Open,,0,I am tired of waiting for a response.,1
TKT-01755,CUST-1023,Product Support,Late Delivery,Medium,Noah,Chat,2025-07-28,2025-07-30 00:00:00,2025-07-29 18:00:00,Closed,42.0,0,Thank you for the update.,4
TKT-01756,CUST-1135,Account Management,Login Issue,High,Sarah,Web Form,2025-12-20,2025-12-21 00:00:00,,Open,,3,I want to cancel if this is not resolved today.,3
TKT-01757,CUST-1411,Technical Support,Subscription Cancellation,Low,Noah,Web Form,2025-10-02,2025-10-05 00:00:00,2025-10-03 14:00:00,Closed,38.0,0,I am tired of waiting for a response.,3
TKT-01758,CUST-1353,Technical Support,Payment Failure,High,Sarah,Chat,2025-01-16,2025-01-17 00:00:00,2025-01-18 15:00:00,Closed,63.0,4,Thanks for helping me with this issue.,4
TKT-01759,CUST-1572,Product Support,Account Verification,Low,David,Web Form,2025-03-08,2025-03-11 00:00:00,2025-03-09 13:00:00,Closed,37.0,0,The issue was handled well.,5
TKT-01760,CUST-1693,Shipping,Product Question,High,Priya,Chat,2025-10-12,2025-10-13 00:00:00,2025-10-12 13:00:00,Closed,13.0,0,I have contacted support multiple times and nobody has helped me.,2
TKT-01761,CUST-1867,Product Support,Refund Delay,High,Mia,Web Form,2025-01-09,2025-01-10 00:00:00,,Open,,2,Please help me understand what happened.,4
TKT-01762,CUST-1401,Shipping,Product Question,Medium,Sarah,Phone,2025-01-22,2025-01-24 00:00:00,2025-01-22 10:00:00,Closed,10.0,5,I am having an issue and need assistance.,4
TKT-01763,CUST-1745,Shipping,Account Verification,Low,Sarah,Phone,2025-11-18,2025-11-21 00:00:00,2025-11-21 00:00:00,Closed,72.0,1,I would like an update on my ticket.,4
TKT-01764,CUST-1818,Account Management,Bug Report,Medium,Liam,Email,2025-04-16,2025-04-18 00:00:00,2025-04-18 02:00:00,Escalated,50.0,3,Thanks for helping me with this issue.,4
TKT-01765,CUST-1778,Technical Support,Payment Failure,Low,Priya,Web Form,2025-10-29,2025-11-01 00:00:00,2025-10-31 21:00:00,Closed,69.0,0,I appreciate the quick response.,4
TKT-01766,CUST-1131,Shipping,Bug Report,High,Mia,Phone,2025-06-07,2025-06-08 00:00:00,2025-06-09 05:00:00,Closed,53.0,0,I am having an issue and need assistance.,4
TKT-01767,CUST-1885,Product Support,Account Verification,Medium,Noah,Web Form,2025-08-31,2025-09-02 00:00:00,2025-09-01 22:00:00,Closed,46.0,1,I need help with my account.,4
TKT-01768,CUST-1778,Product Support,Payment Failure,High,Sarah,Phone,2025-07-14,2025-07-15 00:00:00,2025-07-15 03:00:00,Closed,27.0,3,The support team has been helpful so far.,4
TKT-01769,CUST-1654,Billing,Account Verification,Low,David,Chat,2025-01-22,2025-01-25 00:00:00,,Open,,1,This issue is affecting my work and I am unhappy.,2
TKT-01770,CUST-1081,Account Management,Refund Delay,Medium,Sarah,Phone,2025-06-15,2025-06-17 00:00:00,2025-06-17 19:00:00,Closed,67.0,0,I am having an issue and need assistance.,3
TKT-01771,CUST-1990,Technical Support,Bug Report,Medium,Noah,Web Form,2025-06-15,2025-06-17 00:00:00,2025-06-19 01:00:00,Closed,97.0,1,I am having an issue and need assistance.,3
TKT-01772,CUST-1229,Billing,Subscription Cancellation,Critical,Sarah,Chat,2025-08-08,2025-08-08 08:00:00,2025-08-09 09:00:00,Closed,33.0,1,I am having an issue and need assistance.,4
TKT-01773,CUST-1935,Shipping,Payment Failure,Medium,David,Email,2025-07-03,2025-07-05 00:00:00,2025-07-04 23:00:00,Closed,47.0,0,Can you check the status of my request?,3
TKT-01774,CUST-1129,Billing,Account Verification,Medium,Mia,Email,2025-02-26,2025-02-28 00:00:00,2025-02-28 08:00:00,Closed,56.0,1,I appreciate the quick response.,4
TKT-01775,CUST-1670,Product Support,Subscription Cancellation,High,Liam,Phone,2025-12-06,2025-12-07 00:00:00,2025-12-07 10:00:00,Closed,34.0,0,I am having an issue and need assistance.,4
TKT-01776,CUST-1813,Billing,Login Issue,High,Ava,Phone,2025-01-05,2025-01-06 00:00:00,,Open,,0,Can you check the status of my request?,4
TKT-01777,CUST-1629,Product Support,Payment Failure,Medium,Ethan,Email,2025-06-27,2025-06-29 00:00:00,,Open,,0,Please help me understand what happened.,3
TKT-01778,CUST-1109,Account Management,Product Question,High,Sarah,Chat,2025-09-11,2025-09-12 00:00:00,,Open,,0,I am having an issue and need assistance.,3
TKT-01779,CUST-1739,Product Support,Late Delivery,High,David,Web Form,2025-08-16,2025-08-17 00:00:00,2025-08-17 03:00:00,Closed,27.0,0,I am tired of waiting for a response.,2
TKT-01780,CUST-1489,Technical Support,Account Verification,High,Ethan,Web Form,2025-06-24,2025-06-25 00:00:00,2025-06-25 17:00:00,Closed,41.0,0,I am tired of waiting for a response.,2
TKT-01781,CUST-1583,Product Support,Subscription Cancellation,Medium,Sarah,Email,2025-08-17,2025-08-19 00:00:00,,Open,,0,I want to cancel if this is not resolved today.,3
TKT-01782,CUST-1939,Billing,Login Issue,Medium,David,Phone,2025-02-05,2025-02-07 00:00:00,2025-02-07 08:00:00,Closed,56.0,0,I need help with my account.,4
TKT-01783,CUST-1492,Shipping,Late Delivery,Medium,Liam,Phone,2025-12-06,2025-12-08 00:00:00,2025-12-08 20:00:00,Closed,68.0,0,I want to cancel if this is not resolved today.,1
TKT-01784,CUST-1973,Billing,Bug Report,Medium,Priya,Chat,2025-11-23,2025-11-25 00:00:00,2025-11-26 08:00:00,Closed,80.0,0,I want to cancel if this is not resolved today.,1
TKT-01785,CUST-1112,Technical Support,Refund Delay,High,Priya,Email,2025-09-07,2025-09-08 00:00:00,2025-09-09 04:00:00,Closed,52.0,1,Thanks for helping me with this issue.,4
TKT-01786,CUST-1985,Billing,Bug Report,Medium,Ethan,Web Form,2025-04-28,2025-04-30 00:00:00,2025-05-01 15:00:00,Closed,87.0,1,I appreciate the quick response.,5
TKT-01787,CUST-1155,Product Support,Bug Report,Medium,Noah,Chat,2025-06-25,2025-06-27 00:00:00,2025-06-28 18:00:00,Closed,90.0,3,Can you check the status of my request?,4
TKT-01788,CUST-1159,Technical Support,Late Delivery,Medium,David,Phone,2025-10-10,2025-10-12 00:00:00,2025-10-12 23:00:00,Closed,71.0,1,Please help me understand what happened.,3
TKT-01789,CUST-1826,Product Support,Subscription Cancellation,Medium,Noah,Chat,2025-07-30,2025-08-01 00:00:00,2025-07-31 14:00:00,Closed,38.0,0,I am having an issue and need assistance.,4
TKT-01790,CUST-1042,Product Support,Product Question,Medium,Noah,Phone,2025-09-10,2025-09-12 00:00:00,2025-09-12 22:00:00,Escalated,70.0,0,I am having an issue and need assistance.,4
TKT-01791,CUST-1630,Product Support,Account Verification,Medium,Priya,Phone,2025-07-26,2025-07-28 00:00:00,2025-07-27 13:00:00,Closed,37.0,0,The issue was handled well.,5
TKT-01792,CUST-1696,Billing,Refund Delay,High,Ethan,Email,2025-07-16,2025-07-17 00:00:00,2025-07-19 12:00:00,Closed,84.0,1,I am tired of waiting for a response.,2
TKT-01793,CUST-1245,Billing,Payment Failure,High,Mia,Email,2025-07-06,2025-07-07 00:00:00,2025-07-08 16:00:00,Closed,64.0,0,This issue is affecting my work and I am unhappy.,2
TKT-01794,CUST-1820,Shipping,Bug Report,High,Sarah,Email,2025-09-08,2025-09-09 00:00:00,2025-09-09 13:00:00,Closed,37.0,0,The support team has been helpful so far.,4
TKT-01795,CUST-1442,Shipping,Login Issue,High,Ava,Email,2025-05-20,2025-05-21 00:00:00,2025-05-21 18:00:00,Escalated,42.0,0,I am having an issue and need assistance.,3
TKT-01796,CUST-1689,Account Management,Account Verification,Medium,Sarah,Web Form,2025-02-02,2025-02-04 00:00:00,,Open,,5,I need help with my account.,4
TKT-01797,CUST-1918,Technical Support,Bug Report,High,Sarah,Phone,2025-10-15,2025-10-16 00:00:00,2025-10-18 17:00:00,Escalated,89.0,0,This issue is affecting my work and I am unhappy.,1
TKT-01798,CUST-1077,Account Management,Subscription Cancellation,High,Noah,Chat,2025-09-17,2025-09-18 00:00:00,2025-09-18 07:00:00,Closed,31.0,0,The support team has been helpful so far.,4
TKT-01799,CUST-1403,Shipping,Late Delivery,Medium,Mia,Web Form,2025-02-12,2025-02-14 00:00:00,2025-02-14 22:00:00,Closed,70.0,5,I want to cancel if this is not resolved today.,2
TKT-01800,CUST-1087,Shipping,Product Question,Critical,Priya,Web Form,2025-07-10,2025-07-10 08:00:00,2025-07-10 22:00:00,Closed,22.0,4,Thanks for helping me with this issue.,5
TKT-01801,CUST-1455,Technical Support,Payment Failure,High,Liam,Email,2025-12-18,2025-12-19 00:00:00,,Open,,1,Thank you for the update.,4
TKT-01802,CUST-1203,Account Management,Subscription Cancellation,High,Priya,Web Form,2025-02-11,2025-02-12 00:00:00,2025-02-12 22:00:00,Closed,46.0,4,I would like an update on my ticket.,3
TKT-01803,CUST-1479,Technical Support,Bug Report,Medium,Ava,Email,2025-02-26,2025-02-28 00:00:00,2025-03-01 22:00:00,Closed,94.0,0,Please help me understand what happened.,4
TKT-01804,CUST-1494,Account Management,Refund Delay,High,Ava,Web Form,2025-12-05,2025-12-06 00:00:00,,Open,,0,I am tired of waiting for a response.,1
TKT-01805,CUST-1672,Account Management,Product Question,Medium,Noah,Web Form,2025-04-05,2025-04-07 00:00:00,2025-04-07 23:00:00,Closed,71.0,1,I would like an update on my ticket.,3
TKT-01806,CUST-1305,Shipping,Login Issue,Medium,Liam,Email,2025-04-26,2025-04-28 00:00:00,2025-04-28 09:00:00,Closed,57.0,2,Please help me understand what happened.,4
TKT-01807,CUST-1015,Billing,Login Issue,Medium,David,Chat,2025-11-08,2025-11-10 00:00:00,2025-11-11 07:00:00,Closed,79.0,1,This issue is affecting my work and I am unhappy.,3
TKT-01808,CUST-1593,Technical Support,Subscription Cancellation,Low,Noah,Web Form,2025-12-16,2025-12-19 00:00:00,2025-12-17 09:00:00,Closed,33.0,0,I would like an update on my ticket.,3
TKT-01809,CUST-1975,Account Management,Product Question,Critical,Ethan,Phone,2025-03-31,2025-03-31 08:00:00,2025-03-31 06:00:00,Closed,6.0,1,Can you check the status of my request?,4
TKT-01810,CUST-1203,Technical Support,Payment Failure,High,Mia,Chat,2025-02-27,2025-02-28 00:00:00,2025-03-01 09:00:00,Closed,57.0,0,Thank you for the update.,4
TKT-01811,CUST-1346,Shipping,Account Verification,High,Priya,Chat,2025-12-16,2025-12-17 00:00:00,2025-12-18 04:00:00,Closed,52.0,2,This issue is affecting my work and I am unhappy.,2
TKT-01812,CUST-1193,Shipping,Payment Failure,Medium,David,Email,2025-01-14,2025-01-16 00:00:00,2025-01-14 18:00:00,Escalated,18.0,2,Thank you for the update.,4
TKT-01813,CUST-1512,Billing,Bug Report,Medium,Ethan,Email,2025-04-23,2025-04-25 00:00:00,,Open,,1,I am having an issue and need assistance.,4
TKT-01814,CUST-1328,Account Management,Refund Delay,High,Priya,Email,2025-03-08,2025-03-09 00:00:00,2025-03-08 14:00:00,Escalated,14.0,0,I want to cancel if this is not resolved today.,3
TKT-01815,CUST-1964,Technical Support,Account Verification,Medium,Priya,Email,2025-10-13,2025-10-15 00:00:00,,Open,,0,I am having an issue and need assistance.,4
TKT-01816,CUST-1934,Product Support,Product Question,Medium,Liam,Email,2025-11-24,2025-11-26 00:00:00,2025-11-25 14:00:00,Closed,38.0,0,This issue is affecting my work and I am unhappy.,2
TKT-01817,CUST-1821,Account Management,Subscription Cancellation,Critical,David,Email,2025-01-01,2025-01-01 08:00:00,,Open,,1,This issue is affecting my work and I am unhappy.,3
TKT-01818,CUST-1822,Technical Support,Login Issue,Medium,David,Web Form,2025-01-11,2025-01-13 00:00:00,2025-01-13 02:00:00,Closed,50.0,2,I am having an issue and need assistance.,4
TKT-01819,CUST-1349,Account Management,Payment Failure,High,Noah,Email,2025-01-27,2025-01-28 00:00:00,,Open,,0,I am having an issue and need assistance.,4
TKT-01820,CUST-1623,Account Management,Late Delivery,Medium,Ethan,Chat,2025-03-27,2025-03-29 00:00:00,2025-03-28 10:00:00,Closed,34.0,4,Can you check the status of my request?,3
TKT-01821,CUST-1223,Product Support,Subscription Cancellation,Critical,Sarah,Phone,2025-08-02,2025-08-02 08:00:00,2025-08-02 13:00:00,Escalated,13.0,4,This issue is affecting my work and I am unhappy.,1
TKT-01822,CUST-1147,Product Support,Late Delivery,Critical,Ethan,Email,2025-11-16,2025-11-16 08:00:00,2025-11-17 07:00:00,Closed,31.0,0,The support team has been helpful so far.,5
TKT-01823,CUST-1416,Account Management,Account Verification,Medium,Mia,Web Form,2025-02-05,2025-02-07 00:00:00,2025-02-06 10:00:00,Closed,34.0,1,Can you check the status of my request?,3
TKT-01824,CUST-1023,Product Support,Late Delivery,Medium,Mia,Chat,2025-04-09,2025-04-11 00:00:00,2025-04-09 14:00:00,Closed,14.0,1,I am having an issue and need assistance.,4
TKT-01825,CUST-1797,Account Management,Refund Delay,High,Sarah,Phone,2025-12-29,2025-12-30 00:00:00,2025-12-31 09:00:00,Closed,57.0,0,Please help me understand what happened.,4
TKT-01826,CUST-1798,Technical Support,Subscription Cancellation,Low,David,Chat,2025-09-04,2025-09-07 00:00:00,2025-09-05 06:00:00,Closed,30.0,3,I am having an issue and need assistance.,4
TKT-01827,CUST-1993,Shipping,Account Verification,Low,Ava,Phone,2025-03-27,2025-03-30 00:00:00,,Open,,0,This issue is affecting my work and I am unhappy.,2
TKT-01828,CUST-1172,Technical Support,Bug Report,Medium,Ava,Web Form,2025-10-13,2025-10-15 00:00:00,2025-10-17 23:00:00,Closed,119.0,0,I would like an update on my ticket.,3
TKT-01829,CUST-1163,Billing,Account Verification,High,Ethan,Email,2025-02-17,2025-02-18 00:00:00,,Open,,1,Please help me understand what happened.,4
TKT-01830,CUST-1317,Product Support,Product Question,Low,Noah,Phone,2025-03-22,2025-03-25 00:00:00,2025-03-24 03:00:00,Closed,51.0,2,I would like an update on my ticket.,4
TKT-01831,CUST-1539,Shipping,Login Issue,Medium,Liam,Chat,2025-04-04,2025-04-06 00:00:00,2025-04-07 07:00:00,Closed,79.0,0,Thanks for helping me with this issue.,4
TKT-01832,CUST-1068,Account Management,Subscription Cancellation,Medium,Noah,Chat,2025-01-11,2025-01-13 00:00:00,2025-01-12 04:00:00,Closed,28.0,3,I am having an issue and need assistance.,4
TKT-01833,CUST-1175,Account Management,Subscription Cancellation,Medium,Mia,Email,2025-01-29,2025-01-31 00:00:00,,Open,,0,I have contacted support multiple times and nobody has helped me.,2
TKT-01834,CUST-1013,Account Management,Product Question,Medium,Mia,Email,2025-04-28,2025-04-30 00:00:00,2025-04-28 15:00:00,Escalated,15.0,0,This is very frustrating and I need this fixed immediately.,1
TKT-01835,CUST-1456,Product Support,Bug Report,Medium,Ethan,Chat,2025-05-02,2025-05-04 00:00:00,2025-05-04 17:00:00,Closed,65.0,0,I am tired of waiting for a response.,2
TKT-01836,CUST-1045,Product Support,Late Delivery,Low,Sarah,Web Form,2025-02-08,2025-02-11 00:00:00,2025-02-09 22:00:00,Closed,46.0,1,I need help with my account.,4
TKT-01837,CUST-1243,Billing,Payment Failure,Medium,Ethan,Chat,2025-01-15,2025-01-17 00:00:00,2025-01-17 09:00:00,Closed,57.0,1,I am having an issue and need assistance.,3
TKT-01838,CUST-1987,Technical Support,Late Delivery,Critical,Ethan,Email,2025-05-18,2025-05-18 08:00:00,2025-05-20 06:00:00,Closed,54.0,0,I am tired of waiting for a response.,3
TKT-01839,CUST-1309,Shipping,Bug Report,High,Noah,Web Form,2025-04-19,2025-04-20 00:00:00,2025-04-20 12:00:00,Closed,36.0,0,I am tired of waiting for a response.,2
TKT-01840,CUST-1071,Billing,Subscription Cancellation,High,Priya,Web Form,2025-05-02,2025-05-03 00:00:00,2025-05-02 22:00:00,Closed,22.0,0,This is very frustrating and I need this fixed immediately.,3
TKT-01841,CUST-1637,Technical Support,Subscription Cancellation,Medium,Ethan,Web Form,2025-05-01,2025-05-03 00:00:00,2025-05-04 07:00:00,Closed,79.0,1,I am having an issue and need assistance.,4
TKT-01842,CUST-1628,Account Management,Product Question,Low,Sarah,Phone,2025-09-01,2025-09-04 00:00:00,2025-09-02 02:00:00,Closed,26.0,1,I need help with my account.,3
TKT-01843,CUST-1581,Product Support,Refund Delay,High,Liam,Phone,2025-10-01,2025-10-02 00:00:00,2025-10-02 11:00:00,Closed,35.0,0,Thanks for helping me with this issue.,4
TKT-01844,CUST-1374,Shipping,Refund Delay,Medium,Sarah,Phone,2025-09-05,2025-09-07 00:00:00,,Open,,0,Can you check the status of my request?,3
TKT-01845,CUST-1695,Shipping,Late Delivery,High,Liam,Web Form,2025-11-03,2025-11-04 00:00:00,2025-11-04 18:00:00,Closed,42.0,0,I have contacted support multiple times and nobody has helped me.,1
TKT-01846,CUST-1585,Shipping,Late Delivery,Medium,Noah,Email,2025-08-24,2025-08-26 00:00:00,2025-08-25 07:00:00,Escalated,31.0,0,I am tired of waiting for a response.,2
TKT-01847,CUST-1854,Billing,Refund Delay,Medium,Priya,Chat,2025-11-09,2025-11-11 00:00:00,2025-11-12 06:00:00,Closed,78.0,0,Thank you for the update.,4
TKT-01848,CUST-1308,Shipping,Payment Failure,Medium,Ethan,Web Form,2025-02-12,2025-02-14 00:00:00,,Open,,0,This is very frustrating and I need this fixed immediately.,3
TKT-01849,CUST-1069,Account Management,Account Verification,Medium,Ava,Email,2025-04-14,2025-04-16 00:00:00,2025-04-18 14:00:00,Escalated,110.0,0,Please help me understand what happened.,4
TKT-01850,CUST-1634,Shipping,Subscription Cancellation,Low,Ethan,Chat,2025-12-28,2025-12-31 00:00:00,2025-12-30 05:00:00,Closed,53.0,0,I need help with my account.,4
TKT-01851,CUST-1601,Account Management,Late Delivery,High,Ava,Web Form,2025-08-15,2025-08-16 00:00:00,2025-08-16 16:00:00,Closed,40.0,0,I would like an update on my ticket.,4
TKT-01852,CUST-1913,Billing,Subscription Cancellation,Medium,Liam,Chat,2025-12-19,2025-12-21 00:00:00,2025-12-21 03:00:00,Closed,51.0,0,I would like an update on my ticket.,3
TKT-01853,CUST-1300,Technical Support,Account Verification,Low,Ethan,Chat,2025-05-22,2025-05-25 00:00:00,2025-05-25 01:00:00,Escalated,73.0,0,The support team has been helpful so far.,4
TKT-01854,CUST-1254,Account Management,Subscription Cancellation,Low,David,Chat,2025-08-23,2025-08-26 00:00:00,2025-08-24 08:00:00,Closed,32.0,0,Thanks for helping me with this issue.,4
TKT-01855,CUST-1155,Technical Support,Bug Report,Low,Ava,Web Form,2025-12-29,2026-01-01 00:00:00,2025-12-31 19:00:00,Closed,67.0,1,I have contacted support multiple times and nobody has helped me.,2
TKT-01856,CUST-1789,Technical Support,Subscription Cancellation,Critical,Sarah,Phone,2025-02-06,2025-02-06 08:00:00,2025-02-07 07:00:00,Closed,31.0,0,I have contacted support multiple times and nobody has helped me.,2
TKT-01857,CUST-1730,Product Support,Login Issue,Medium,Liam,Phone,2025-01-11,2025-01-13 00:00:00,2025-01-12 12:00:00,Closed,36.0,0,I have contacted support multiple times and nobody has helped me.,3
TKT-01858,CUST-1419,Account Management,Login Issue,Medium,Ethan,Phone,2025-07-03,2025-07-05 00:00:00,,Open,,0,Can you check the status of my request?,4
TKT-01859,CUST-1894,Technical Support,Refund Delay,High,Sarah,Email,2025-07-30,2025-07-31 00:00:00,,Open,,2,Can you check the status of my request?,3
TKT-01860,CUST-1456,Billing,Product Question,Medium,Noah,Phone,2025-01-22,2025-01-24 00:00:00,2025-01-24 02:00:00,Closed,50.0,0,This issue is affecting my work and I am unhappy.,3
TKT-01861,CUST-1869,Account Management,Login Issue,Medium,Liam,Web Form,2025-01-13,2025-01-15 00:00:00,2025-01-13 13:00:00,Closed,13.0,0,Please help me understand what happened.,3
TKT-01862,CUST-1417,Billing,Account Verification,Medium,Ethan,Email,2025-10-03,2025-10-05 00:00:00,2025-10-06 11:00:00,Closed,83.0,0,I would like an update on my ticket.,3
TKT-01863,CUST-1409,Product Support,Product Question,High,David,Email,2025-09-28,2025-09-29 00:00:00,2025-09-29 18:00:00,Escalated,42.0,1,Please help me understand what happened.,4
TKT-01864,CUST-1689,Product Support,Late Delivery,Medium,Mia,Email,2025-01-07,2025-01-09 00:00:00,2025-01-08 03:00:00,Closed,27.0,0,I would like an update on my ticket.,3
TKT-01865,CUST-1227,Shipping,Product Question,Low,Liam,Web Form,2025-04-18,2025-04-21 00:00:00,2025-04-20 09:00:00,Closed,57.0,0,I have contacted support multiple times and nobody has helped me.,3
TKT-01866,CUST-1966,Billing,Payment Failure,Medium,David,Email,2025-11-25,2025-11-27 00:00:00,2025-11-27 21:00:00,Closed,69.0,0,I am having an issue and need assistance.,3
TKT-01867,CUST-1359,Account Management,Payment Failure,Medium,Sarah,Web Form,2025-07-10,2025-07-12 00:00:00,,Open,,0,Please help me understand what happened.,3
TKT-01868,CUST-1541,Product Support,Bug Report,High,Liam,Phone,2025-05-08,2025-05-09 00:00:00,2025-05-08 21:00:00,Closed,21.0,0,This is very frustrating and I need this fixed immediately.,2
TKT-01869,CUST-1110,Shipping,Payment Failure,Medium,Liam,Chat,2025-08-29,2025-08-31 00:00:00,2025-08-31 21:00:00,Closed,69.0,0,I would like an update on my ticket.,4
TKT-01870,CUST-1976,Product Support,Late Delivery,High,Noah,Phone,2025-05-25,2025-05-26 00:00:00,2025-05-26 23:00:00,Closed,47.0,0,I need help with my account.,3
TKT-01871,CUST-1411,Shipping,Subscription Cancellation,Medium,Ava,Email,2025-06-25,2025-06-27 00:00:00,2025-06-25 12:00:00,Closed,12.0,1,Can you check the status of my request?,4
TKT-01872,CUST-1790,Account Management,Account Verification,Medium,Ethan,Chat,2025-06-08,2025-06-10 00:00:00,2025-06-09 04:00:00,Closed,28.0,2,I would like an update on my ticket.,3
TKT-01873,CUST-1448,Billing,Refund Delay,Low,Noah,Phone,2025-04-25,2025-04-28 00:00:00,2025-04-28 18:00:00,Escalated,90.0,1,I am tired of waiting for a response.,1
TKT-01874,CUST-1148,Product Support,Payment Failure,Medium,Priya,Web Form,2025-07-18,2025-07-20 00:00:00,2025-07-21 01:00:00,Closed,73.0,0,Please help me understand what happened.,3
TKT-01875,CUST-1391,Shipping,Late Delivery,Medium,David,Web Form,2025-01-29,2025-01-31 00:00:00,2025-01-30 05:00:00,Closed,29.0,0,I have contacted support multiple times and nobody has helped me.,2
TKT-01876,CUST-1344,Account Management,Product Question,High,Noah,Chat,2025-07-04,2025-07-05 00:00:00,,Open,,0,Can you check the status of my request?,3
TKT-01877,CUST-1818,Billing,Payment Failure,Medium,Ava,Email,2025-04-03,2025-04-05 00:00:00,2025-04-04 21:00:00,Closed,45.0,0,I need help with my account.,4
TKT-01878,CUST-1257,Technical Support,Payment Failure,Low,Mia,Web Form,2025-07-20,2025-07-23 00:00:00,2025-07-24 07:00:00,Closed,103.0,0,I appreciate the quick response.,4
TKT-01879,CUST-1712,Product Support,Payment Failure,Low,Noah,Chat,2025-08-25,2025-08-28 00:00:00,2025-08-26 18:00:00,Closed,42.0,0,Thanks for helping me with this issue.,4
TKT-01880,CUST-1850,Technical Support,Payment Failure,Medium,Noah,Phone,2025-03-04,2025-03-06 00:00:00,2025-03-05 19:00:00,Closed,43.0,0,I need help with my account.,3
TKT-01881,CUST-1202,Billing,Late Delivery,High,Sarah,Chat,2025-06-05,2025-06-06 00:00:00,2025-06-07 04:00:00,Closed,52.0,0,I am having an issue and need assistance.,3
TKT-01882,CUST-1319,Billing,Login Issue,Low,Noah,Phone,2025-01-05,2025-01-08 00:00:00,2025-01-07 16:00:00,Closed,64.0,0,I have contacted support multiple times and nobody has helped me.,2
TKT-01883,CUST-1070,Account Management,Refund Delay,Medium,Sarah,Email,2025-10-21,2025-10-23 00:00:00,2025-10-22 12:00:00,Closed,36.0,1,I would like an update on my ticket.,3
TKT-01884,CUST-1743,Billing,Account Verification,Low,David,Web Form,2025-05-20,2025-05-23 00:00:00,2025-05-23 16:00:00,Closed,88.0,1,I need help with my account.,4
TKT-01885,CUST-1765,Shipping,Refund Delay,Low,Ethan,Phone,2025-05-13,2025-05-16 00:00:00,2025-05-17 17:00:00,Escalated,113.0,0,The support team has been helpful so far.,5
TKT-01886,CUST-1719,Product Support,Subscription Cancellation,Low,Sarah,Phone,2025-02-06,2025-02-09 00:00:00,2025-02-06 12:00:00,Closed,12.0,2,Can you check the status of my request?,3
TKT-01887,CUST-1329,Product Support,Refund Delay,Medium,Sarah,Chat,2025-02-14,2025-02-16 00:00:00,2025-02-15 21:00:00,Closed,45.0,0,I need help with my account.,3
TKT-01888,CUST-1520,Technical Support,Payment Failure,Low,Priya,Email,2025-02-01,2025-02-04 00:00:00,2025-02-03 15:00:00,Closed,63.0,0,I would like an update on my ticket.,4
TKT-01889,CUST-1320,Shipping,Login Issue,Medium,Liam,Web Form,2025-02-24,2025-02-26 00:00:00,2025-02-24 14:00:00,Closed,14.0,0,Can you check the status of my request?,4
TKT-01890,CUST-1284,Product Support,Subscription Cancellation,Medium,Liam,Email,2025-08-16,2025-08-18 00:00:00,2025-08-16 21:00:00,Closed,21.0,1,I have contacted support multiple times and nobody has helped me.,1
TKT-01891,CUST-1681,Product Support,Refund Delay,Low,Noah,Phone,2025-05-27,2025-05-30 00:00:00,,Open,,0,Can you check the status of my request?,3
TKT-01892,CUST-1249,Product Support,Subscription Cancellation,Medium,Sarah,Phone,2025-07-11,2025-07-13 00:00:00,2025-07-12 13:00:00,Closed,37.0,1,This is very frustrating and I need this fixed immediately.,2
TKT-01893,CUST-1106,Billing,Refund Delay,Medium,Mia,Web Form,2025-11-17,2025-11-19 00:00:00,2025-11-20 17:00:00,Escalated,89.0,1,Please help me understand what happened.,3
TKT-01894,CUST-1866,Account Management,Account Verification,Critical,Priya,Web Form,2025-12-22,2025-12-22 08:00:00,,Open,,4,I would like an update on my ticket.,4
TKT-01895,CUST-1590,Product Support,Payment Failure,High,Liam,Chat,2025-09-03,2025-09-04 00:00:00,2025-09-04 09:00:00,Closed,33.0,0,This is very frustrating and I need this fixed immediately.,2
TKT-01896,CUST-1622,Technical Support,Login Issue,High,Ethan,Web Form,2025-08-14,2025-08-15 00:00:00,2025-08-14 19:00:00,Closed,19.0,0,I am tired of waiting for a response.,2
TKT-01897,CUST-1015,Technical Support,Login Issue,High,Noah,Web Form,2025-03-11,2025-03-12 00:00:00,,Open,,0,I would like an update on my ticket.,4
TKT-01898,CUST-1553,Billing,Subscription Cancellation,Medium,David,Phone,2025-09-06,2025-09-08 00:00:00,2025-09-08 01:00:00,Closed,49.0,1,I have contacted support multiple times and nobody has helped me.,3
TKT-01899,CUST-1682,Account Management,Payment Failure,Critical,Mia,Phone,2025-06-14,2025-06-14 08:00:00,2025-06-14 03:00:00,Closed,3.0,0,I have contacted support multiple times and nobody has helped me.,1
TKT-01900,CUST-1526,Billing,Login Issue,Medium,Ava,Email,2025-06-17,2025-06-19 00:00:00,2025-06-18 15:00:00,Closed,39.0,1,I want to cancel if this is not resolved today.,3
TKT-01901,CUST-1782,Billing,Late Delivery,Critical,Liam,Email,2025-01-25,2025-01-25 08:00:00,,Open,,1,I would like an update on my ticket.,3
TKT-01902,CUST-1250,Product Support,Payment Failure,Medium,Liam,Chat,2025-02-07,2025-02-09 00:00:00,2025-02-08 17:00:00,Closed,41.0,1,This issue is affecting my work and I am unhappy.,3
TKT-01903,CUST-1841,Account Management,Bug Report,Critical,Sarah,Email,2025-11-07,2025-11-07 08:00:00,2025-11-09 12:00:00,Closed,60.0,0,I need help with my account.,4
TKT-01904,CUST-1518,Shipping,Login Issue,Medium,Noah,Chat,2025-01-15,2025-01-17 00:00:00,,Open,,1,Can you check the status of my request?,4
TKT-01905,CUST-1183,Technical Support,Bug Report,High,Noah,Web Form,2025-08-25,2025-08-26 00:00:00,,Open,,1,This is very frustrating and I need this fixed immediately.,3
TKT-01906,CUST-1865,Shipping,Late Delivery,High,Mia,Web Form,2025-08-21,2025-08-22 00:00:00,2025-08-22 04:00:00,Closed,28.0,0,I want to cancel if this is not resolved today.,2
TKT-01907,CUST-1893,Technical Support,Late Delivery,Medium,Sarah,Phone,2025-05-13,2025-05-15 00:00:00,2025-05-17 02:00:00,Closed,98.0,2,I would like an update on my ticket.,3
TKT-01908,CUST-1719,Billing,Login Issue,Medium,Liam,Chat,2025-01-24,2025-01-26 00:00:00,2025-01-25 20:00:00,Closed,44.0,1,I appreciate the quick response.,5
TKT-01909,CUST-1977,Shipping,Refund Delay,High,Sarah,Chat,2025-09-04,2025-09-05 00:00:00,2025-09-06 08:00:00,Escalated,56.0,1,I need help with my account.,4
TKT-01910,CUST-1179,Account Management,Account Verification,Medium,Noah,Web Form,2025-04-02,2025-04-04 00:00:00,2025-04-05 00:00:00,Closed,72.0,0,I would like an update on my ticket.,3
TKT-01911,CUST-1260,Product Support,Bug Report,Medium,Ethan,Web Form,2025-04-27,2025-04-29 00:00:00,,Open,,0,I would like an update on my ticket.,3
TKT-01912,CUST-1980,Account Management,Subscription Cancellation,Medium,Noah,Email,2025-09-03,2025-09-05 00:00:00,2025-09-05 10:00:00,Closed,58.0,1,I appreciate the quick response.,5
TKT-01913,CUST-1032,Account Management,Payment Failure,Low,Mia,Phone,2025-10-12,2025-10-15 00:00:00,2025-10-14 01:00:00,Closed,49.0,0,The issue was handled well.,4
TKT-01914,CUST-1909,Product Support,Late Delivery,Medium,Mia,Phone,2025-11-23,2025-11-25 00:00:00,2025-11-24 01:00:00,Closed,25.0,3,I have contacted support multiple times and nobody has helped me.,1
TKT-01915,CUST-1865,Account Management,Account Verification,Low,Ethan,Chat,2025-08-07,2025-08-10 00:00:00,2025-08-09 21:00:00,Closed,69.0,1,Thank you for the update.,5
TKT-01916,CUST-1067,Billing,Subscription Cancellation,Low,Ethan,Phone,2025-12-11,2025-12-14 00:00:00,2025-12-12 15:00:00,Closed,39.0,0,This issue is affecting my work and I am unhappy.,2
TKT-01917,CUST-1439,Technical Support,Bug Report,Medium,Noah,Email,2025-01-10,2025-01-12 00:00:00,2025-01-12 04:00:00,Closed,52.0,1,Can you check the status of my request?,3
TKT-01918,CUST-1685,Technical Support,Account Verification,Medium,Ava,Chat,2025-08-03,2025-08-05 00:00:00,2025-08-06 22:00:00,Closed,94.0,2,I need help with my account.,3
TKT-01919,CUST-1885,Shipping,Late Delivery,High,Priya,Chat,2025-08-22,2025-08-23 00:00:00,2025-08-23 16:00:00,Escalated,40.0,2,Thank you for the update.,4
TKT-01920,CUST-1211,Product Support,Login Issue,High,Sarah,Chat,2025-03-05,2025-03-06 00:00:00,,Open,,1,I need help with my account.,3
TKT-01921,CUST-1807,Billing,Subscription Cancellation,Medium,Priya,Email,2025-01-10,2025-01-12 00:00:00,2025-01-11 08:00:00,Closed,32.0,0,I am having an issue and need assistance.,4
TKT-01922,CUST-1121,Shipping,Refund Delay,Low,Noah,Web Form,2025-07-28,2025-07-31 00:00:00,2025-07-31 12:00:00,Closed,84.0,1,I am having an issue and need assistance.,3
TKT-01923,CUST-1713,Shipping,Refund Delay,Medium,Ava,Web Form,2025-11-12,2025-11-14 00:00:00,2025-11-15 00:00:00,Closed,72.0,0,Can you check the status of my request?,3
TKT-01924,CUST-1508,Technical Support,Late Delivery,Medium,Ava,Phone,2025-09-15,2025-09-17 00:00:00,2025-09-17 08:00:00,Closed,56.0,0,I need help with my account.,4
TKT-01925,CUST-1474,Account Management,Late Delivery,Critical,Liam,Phone,2025-01-24,2025-01-24 08:00:00,,Open,,2,Please help me understand what happened.,3
TKT-01926,CUST-1912,Account Management,Late Delivery,Medium,Liam,Email,2025-08-16,2025-08-18 00:00:00,2025-08-19 04:00:00,Escalated,76.0,0,I am tired of waiting for a response.,3
TKT-01927,CUST-1980,Product Support,Refund Delay,High,Ethan,Email,2025-10-06,2025-10-07 00:00:00,2025-10-09 17:00:00,Escalated,89.0,0,This is very frustrating and I need this fixed immediately.,2
TKT-01928,CUST-1696,Shipping,Subscription Cancellation,Medium,David,Chat,2025-01-24,2025-01-26 00:00:00,2025-01-26 05:00:00,Closed,53.0,0,I need help with my account.,3
TKT-01929,CUST-1398,Technical Support,Product Question,Critical,Liam,Email,2025-12-29,2025-12-29 08:00:00,2025-12-30 12:00:00,Closed,36.0,0,I have contacted support multiple times and nobody has helped me.,1
TKT-01930,CUST-1007,Billing,Bug Report,Critical,Ethan,Email,2025-02-25,2025-02-25 08:00:00,2025-02-27 03:00:00,Closed,51.0,2,Please help me understand what happened.,3
TKT-01931,CUST-1765,Product Support,Account Verification,Medium,Sarah,Email,2025-03-08,2025-03-10 00:00:00,2025-03-11 10:00:00,Closed,82.0,4,I need help with my account.,3
TKT-01932,CUST-1903,Technical Support,Product Question,Medium,Mia,Web Form,2025-02-23,2025-02-25 00:00:00,2025-02-25 20:00:00,Closed,68.0,1,I would like an update on my ticket.,4
TKT-01933,CUST-1242,Technical Support,Bug Report,High,Sarah,Email,2025-10-07,2025-10-08 00:00:00,2025-10-09 23:00:00,Closed,71.0,3,I need help with my account.,4
TKT-01934,CUST-1761,Account Management,Subscription Cancellation,Medium,Priya,Phone,2025-06-10,2025-06-12 00:00:00,2025-06-11 16:00:00,Closed,40.0,3,The issue was handled well.,4
TKT-01935,CUST-1959,Account Management,Late Delivery,Medium,David,Phone,2025-12-01,2025-12-03 00:00:00,,Open,,5,The issue was handled well.,4
TKT-01936,CUST-1337,Shipping,Account Verification,Medium,Liam,Phone,2025-11-17,2025-11-19 00:00:00,2025-11-18 09:00:00,Closed,33.0,0,Can you check the status of my request?,4
TKT-01937,CUST-1980,Account Management,Login Issue,Medium,Priya,Chat,2025-06-06,2025-06-08 00:00:00,2025-06-08 22:00:00,Closed,70.0,0,Please help me understand what happened.,4
TKT-01938,CUST-1732,Account Management,Login Issue,High,Liam,Phone,2025-12-03,2025-12-04 00:00:00,2025-12-04 11:00:00,Closed,35.0,0,The support team has been helpful so far.,4
TKT-01939,CUST-1322,Product Support,Bug Report,Medium,Liam,Chat,2025-07-29,2025-07-31 00:00:00,,Open,,2,Can you check the status of my request?,4
TKT-01940,CUST-1493,Technical Support,Late Delivery,Medium,David,Phone,2025-03-02,2025-03-04 00:00:00,2025-03-05 16:00:00,Closed,88.0,0,This is very frustrating and I need this fixed immediately.,2
TKT-01941,CUST-1041,Account Management,Login Issue,Medium,David,Email,2025-10-27,2025-10-29 00:00:00,2025-10-29 05:00:00,Closed,53.0,1,This is very frustrating and I need this fixed immediately.,1
TKT-01942,CUST-1110,Account Management,Login Issue,Medium,Noah,Chat,2025-08-03,2025-08-05 00:00:00,2025-08-04 17:00:00,Closed,41.0,2,I have contacted support multiple times and nobody has helped me.,1
TKT-01943,CUST-1671,Product Support,Account Verification,High,Noah,Chat,2025-09-02,2025-09-03 00:00:00,,Open,,0,The support team has been helpful so far.,4
TKT-01944,CUST-1129,Billing,Bug Report,Medium,Priya,Web Form,2025-10-13,2025-10-15 00:00:00,2025-10-15 22:00:00,Closed,70.0,2,I am having an issue and need assistance.,3
TKT-01945,CUST-1140,Account Management,Account Verification,High,Sarah,Email,2025-09-13,2025-09-14 00:00:00,,Open,,0,This is very frustrating and I need this fixed immediately.,3
TKT-01946,CUST-1738,Account Management,Payment Failure,High,Liam,Email,2025-05-15,2025-05-16 00:00:00,2025-05-15 05:00:00,Closed,5.0,2,I would like an update on my ticket.,4
TKT-01947,CUST-1442,Technical Support,Payment Failure,High,Ava,Chat,2025-12-18,2025-12-19 00:00:00,2025-12-18 22:00:00,Escalated,22.0,1,Please help me understand what happened.,3
TKT-01948,CUST-1446,Account Management,Refund Delay,High,Noah,Phone,2025-12-14,2025-12-15 00:00:00,2025-12-14 20:00:00,Closed,20.0,0,I need help with my account.,4
TKT-01949,CUST-1650,Product Support,Product Question,High,Noah,Web Form,2025-04-04,2025-04-05 00:00:00,2025-04-05 21:00:00,Closed,45.0,2,I want to cancel if this is not resolved today.,3
TKT-01950,CUST-1905,Billing,Late Delivery,Medium,Sarah,Chat,2025-02-27,2025-03-01 00:00:00,2025-03-01 22:00:00,Closed,70.0,0,I need help with my account.,3
TKT-01951,CUST-1912,Technical Support,Account Verification,Medium,Ethan,Phone,2025-04-04,2025-04-06 00:00:00,2025-04-06 14:00:00,Closed,62.0,2,Please help me understand what happened.,3
TKT-01952,CUST-1425,Product Support,Late Delivery,Low,Liam,Chat,2025-03-23,2025-03-26 00:00:00,2025-03-26 06:00:00,Closed,78.0,1,I appreciate the quick response.,5
TKT-01953,CUST-1159,Account Management,Bug Report,Medium,David,Chat,2025-05-19,2025-05-21 00:00:00,2025-05-22 22:00:00,Closed,94.0,0,I am having an issue and need assistance.,4
TKT-01954,CUST-1829,Shipping,Bug Report,Low,Ethan,Chat,2025-08-20,2025-08-23 00:00:00,2025-08-24 09:00:00,Closed,105.0,3,Please help me understand what happened.,3
TKT-01955,CUST-1158,Product Support,Subscription Cancellation,Medium,Ethan,Web Form,2025-08-23,2025-08-25 00:00:00,2025-08-25 15:00:00,Escalated,63.0,1,Can you check the status of my request?,4
TKT-01956,CUST-1528,Account Management,Refund Delay,High,Mia,Chat,2025-07-25,2025-07-26 00:00:00,2025-07-26 18:00:00,Closed,42.0,0,I have contacted support multiple times and nobody has helped me.,3
TKT-01957,CUST-1477,Account Management,Refund Delay,Medium,Sarah,Email,2025-04-14,2025-04-16 00:00:00,2025-04-17 10:00:00,Escalated,82.0,1,I need help with my account.,3
TKT-01958,CUST-1590,Product Support,Account Verification,High,Mia,Phone,2025-03-10,2025-03-11 00:00:00,2025-03-12 00:00:00,Closed,48.0,0,I need help with my account.,3
TKT-01959,CUST-1893,Product Support,Login Issue,Critical,Priya,Email,2025-09-25,2025-09-25 08:00:00,2025-09-25 09:00:00,Closed,9.0,1,This issue is affecting my work and I am unhappy.,2
TKT-01960,CUST-1611,Billing,Bug Report,Low,Ethan,Web Form,2025-11-29,2025-12-02 00:00:00,2025-11-30 23:00:00,Closed,47.0,0,I am having an issue and need assistance.,4
TKT-01961,CUST-1480,Account Management,Product Question,Medium,Priya,Web Form,2025-02-12,2025-02-14 00:00:00,2025-02-14 01:00:00,Closed,49.0,2,I have contacted support multiple times and nobody has helped me.,3
TKT-01962,CUST-1033,Billing,Login Issue,Medium,David,Email,2025-04-01,2025-04-03 00:00:00,2025-04-03 22:00:00,Closed,70.0,1,The support team has been helpful so far.,4
TKT-01963,CUST-1329,Billing,Refund Delay,Critical,Mia,Web Form,2025-07-06,2025-07-06 08:00:00,2025-07-09 12:00:00,Closed,84.0,4,I would like an update on my ticket.,4
TKT-01964,CUST-1115,Product Support,Product Question,High,Priya,Chat,2025-06-27,2025-06-28 00:00:00,2025-06-28 22:00:00,Closed,46.0,0,Please help me understand what happened.,4
TKT-01965,CUST-1622,Shipping,Account Verification,Medium,Ava,Phone,2025-02-17,2025-02-19 00:00:00,2025-02-20 01:00:00,Closed,73.0,0,I want to cancel if this is not resolved today.,3
TKT-01966,CUST-1533,Account Management,Payment Failure,Medium,Sarah,Email,2025-09-29,2025-10-01 00:00:00,,Open,,1,I need help with my account.,4
TKT-01967,CUST-1290,Shipping,Payment Failure,Medium,Noah,Phone,2025-05-20,2025-05-22 00:00:00,2025-05-20 12:00:00,Closed,12.0,2,Please help me understand what happened.,3
TKT-01968,CUST-1099,Billing,Bug Report,Medium,Priya,Phone,2025-01-14,2025-01-16 00:00:00,2025-01-18 08:00:00,Closed,104.0,0,The issue was handled well.,4
TKT-01969,CUST-1838,Billing,Login Issue,Medium,Ava,Phone,2025-12-21,2025-12-23 00:00:00,,Open,,1,I am having an issue and need assistance.,3
TKT-01970,CUST-1905,Technical Support,Login Issue,Low,Sarah,Email,2025-09-14,2025-09-17 00:00:00,2025-09-16 00:00:00,Closed,48.0,1,I have contacted support multiple times and nobody has helped me.,1
TKT-01971,CUST-1943,Technical Support,Late Delivery,Medium,Sarah,Phone,2025-03-21,2025-03-23 00:00:00,2025-03-24 03:00:00,Closed,75.0,0,Can you check the status of my request?,4
TKT-01972,CUST-1957,Product Support,Login Issue,High,Mia,Email,2025-05-25,2025-05-26 00:00:00,2025-05-26 18:00:00,Closed,42.0,0,The support team has been helpful so far.,4
TKT-01973,CUST-1819,Account Management,Login Issue,Medium,Priya,Web Form,2025-04-03,2025-04-05 00:00:00,2025-04-04 17:00:00,Closed,41.0,1,I am having an issue and need assistance.,4
TKT-01974,CUST-1989,Technical Support,Late Delivery,Medium,Sarah,Web Form,2025-10-29,2025-10-31 00:00:00,2025-11-01 17:00:00,Closed,89.0,0,Please help me understand what happened.,4
TKT-01975,CUST-1715,Billing,Account Verification,Medium,Noah,Chat,2025-10-25,2025-10-27 00:00:00,2025-10-29 09:00:00,Escalated,105.0,0,I am having an issue and need assistance.,3
TKT-01976,CUST-1121,Product Support,Account Verification,Medium,Liam,Email,2025-02-26,2025-02-28 00:00:00,,Open,,1,I am having an issue and need assistance.,4
TKT-01977,CUST-1887,Billing,Bug Report,Medium,Sarah,Chat,2025-12-28,2025-12-30 00:00:00,2025-12-31 17:00:00,Closed,89.0,0,I would like an update on my ticket.,3
TKT-01978,CUST-1069,Shipping,Account Verification,Low,Ava,Chat,2025-12-28,2025-12-31 00:00:00,2025-12-29 19:00:00,Closed,43.0,0,Can you check the status of my request?,4
TKT-01979,CUST-1556,Product Support,Payment Failure,Medium,Mia,Phone,2025-06-02,2025-06-04 00:00:00,,Open,,2,Thanks for helping me with this issue.,4
TKT-01980,CUST-1525,Billing,Product Question,Medium,Mia,Web Form,2025-10-04,2025-10-06 00:00:00,2025-10-07 00:00:00,Closed,72.0,0,I would like an update on my ticket.,4
TKT-01981,CUST-1142,Account Management,Payment Failure,Low,Sarah,Phone,2025-12-29,2026-01-01 00:00:00,2025-12-31 01:00:00,Closed,49.0,3,Can you check the status of my request?,4
TKT-01982,CUST-1549,Billing,Late Delivery,High,Sarah,Web Form,2025-10-27,2025-10-28 00:00:00,2025-10-30 01:00:00,Closed,73.0,2,I am having an issue and need assistance.,3
TKT-01983,CUST-1093,Product Support,Late Delivery,Critical,Priya,Web Form,2025-01-19,2025-01-19 08:00:00,2025-01-19 17:00:00,Closed,17.0,0,I would like an update on my ticket.,4
TKT-01984,CUST-1967,Technical Support,Account Verification,High,Ava,Chat,2025-08-10,2025-08-11 00:00:00,2025-08-12 13:00:00,Escalated,61.0,2,Can you check the status of my request?,4
TKT-01985,CUST-1993,Product Support,Bug Report,Low,Mia,Web Form,2025-07-13,2025-07-16 00:00:00,2025-07-14 15:00:00,Escalated,39.0,1,I am having an issue and need assistance.,4
TKT-01986,CUST-1659,Billing,Refund Delay,Medium,Liam,Chat,2025-05-17,2025-05-19 00:00:00,2025-05-20 18:00:00,Closed,90.0,4,The issue was handled well.,5
TKT-01987,CUST-1352,Billing,Refund Delay,Medium,Liam,Phone,2025-09-29,2025-10-01 00:00:00,2025-10-03 02:00:00,Closed,98.0,1,This is very frustrating and I need this fixed immediately.,3
TKT-01988,CUST-1814,Account Management,Refund Delay,Medium,Mia,Phone,2025-01-22,2025-01-24 00:00:00,2025-01-24 19:00:00,Escalated,67.0,1,This is very frustrating and I need this fixed immediately.,3
TKT-01989,CUST-1803,Account Management,Product Question,Medium,Priya,Email,2025-02-23,2025-02-25 00:00:00,,Open,,0,This issue is affecting my work and I am unhappy.,3
TKT-01990,CUST-1511,Shipping,Payment Failure,High,Ethan,Chat,2025-09-28,2025-09-29 00:00:00,2025-09-29 04:00:00,Closed,28.0,4,I am having an issue and need assistance.,4
TKT-01991,CUST-1244,Technical Support,Account Verification,Low,Mia,Email,2025-12-20,2025-12-23 00:00:00,2025-12-23 00:00:00,Closed,72.0,1,The issue was handled well.,4
TKT-01992,CUST-1131,Product Support,Subscription Cancellation,Critical,Priya,Chat,2025-08-04,2025-08-04 08:00:00,2025-08-05 04:00:00,Closed,28.0,1,I need help with my account.,3
TKT-01993,CUST-1434,Billing,Account Verification,High,Liam,Email,2025-12-22,2025-12-23 00:00:00,,Open,,0,Can you check the status of my request?,4
TKT-01994,CUST-1021,Product Support,Refund Delay,Medium,Noah,Email,2025-10-04,2025-10-06 00:00:00,2025-10-05 12:00:00,Closed,36.0,2,Please help me understand what happened.,4
TKT-01995,CUST-1983,Technical Support,Product Question,Medium,Ethan,Email,2025-06-13,2025-06-15 00:00:00,2025-06-16 05:00:00,Closed,77.0,1,I am having an issue and need assistance.,4
TKT-01996,CUST-1117,Account Management,Bug Report,Medium,David,Phone,2025-01-14,2025-01-16 00:00:00,2025-01-17 07:00:00,Closed,79.0,0,I have contacted support multiple times and nobody has helped me.,2
TKT-01997,CUST-1915,Shipping,Bug Report,High,Priya,Email,2025-10-14,2025-10-15 00:00:00,,Open,,1,I need help with my account.,4
TKT-01998,CUST-1302,Product Support,Late Delivery,High,Noah,Web Form,2025-11-29,2025-11-30 00:00:00,2025-12-01 11:00:00,Closed,59.0,2,I appreciate the quick response.,5
TKT-01999,CUST-1307,Shipping,Bug Report,Low,Liam,Email,2025-12-07,2025-12-10 00:00:00,2025-12-09 13:00:00,Closed,61.0,0,I would like an update on my ticket.,3
TKT-02000,CUST-1296,Billing,Account Verification,High,David,Chat,2025-03-30,2025-03-31 00:00:00,2025-04-03 04:00:00,Closed,100.0,2,Please help me understand what happened.,3
TKT-02001,CUST-1090,Billing,Subscription Cancellation,Low,Noah,Email,2025-07-05,2025-07-08 00:00:00,2025-07-07 07:00:00,Closed,55.0,2,Please help me understand what happened.,4
TKT-02002,CUST-1820,Technical Support,Account Verification,High,David,Phone,2025-07-28,2025-07-29 00:00:00,2025-07-31 07:00:00,Closed,79.0,0,This is very frustrating and I need this fixed immediately.,2
TKT-02003,CUST-1786,Product Support,Bug Report,Medium,Liam,Chat,2025-11-04,2025-11-06 00:00:00,2025-11-06 07:00:00,Closed,55.0,0,Can you check the status of my request?,3
TKT-02004,CUST-1632,Billing,Late Delivery,Low,Mia,Email,2025-12-23,2025-12-26 00:00:00,2025-12-24 19:00:00,Closed,43.0,1,I need help with my account.,3
TKT-02005,CUST-1525,Product Support,Refund Delay,Medium,Noah,Web Form,2025-12-13,2025-12-15 00:00:00,2025-12-15 11:00:00,Closed,59.0,2,Thank you for the update.,4
TKT-02006,CUST-1055,Technical Support,Login Issue,Medium,Liam,Phone,2025-07-20,2025-07-22 00:00:00,2025-07-21 18:00:00,Closed,42.0,0,This issue is affecting my work and I am unhappy.,2
TKT-02007,CUST-1036,Shipping,Login Issue,High,Noah,Email,2025-12-02,2025-12-03 00:00:00,2025-12-03 16:00:00,Closed,40.0,3,This issue is affecting my work and I am unhappy.,2
TKT-02008,CUST-1788,Shipping,Refund Delay,Low,Liam,Chat,2025-01-12,2025-01-15 00:00:00,2025-01-14 21:00:00,Closed,69.0,0,I am having an issue and need assistance.,4
TKT-02009,CUST-1403,Account Management,Bug Report,Low,Ethan,Web Form,2025-06-27,2025-06-30 00:00:00,2025-06-28 19:00:00,Closed,43.0,2,This is very frustrating and I need this fixed immediately.,1
TKT-02010,CUST-1061,Billing,Account Verification,Medium,Noah,Email,2025-11-30,2025-12-02 00:00:00,2025-12-03 15:00:00,Escalated,87.0,2,Please help me understand what happened.,3
TKT-02011,CUST-1223,Account Management,Payment Failure,High,Ava,Email,2025-06-26,2025-06-27 00:00:00,2025-06-27 05:00:00,Closed,29.0,1,This is very frustrating and I need this fixed immediately.,1
TKT-02012,CUST-1255,Account Management,Refund Delay,Low,Noah,Phone,2025-09-25,2025-09-28 00:00:00,2025-09-27 00:00:00,Escalated,48.0,0,The issue was handled well.,4
TKT-02013,CUST-1479,Technical Support,Account Verification,Medium,Ava,Web Form,2025-06-22,2025-06-24 00:00:00,2025-06-27 07:00:00,Closed,127.0,1,Can you check the status of my request?,3
TKT-02014,CUST-1891,Shipping,Refund Delay,High,Ethan,Chat,2025-03-14,2025-03-15 00:00:00,2025-03-16 19:00:00,Closed,67.0,4,I am tired of waiting for a response.,2
TKT-02015,CUST-1500,Billing,Account Verification,Medium,Noah,Web Form,2025-01-13,2025-01-15 00:00:00,2025-01-16 18:00:00,Closed,90.0,1,I want to cancel if this is not resolved today.,3
TKT-02016,CUST-1920,Technical Support,Payment Failure,High,Liam,Chat,2025-05-04,2025-05-05 00:00:00,2025-05-04 17:00:00,Closed,17.0,0,Please help me understand what happened.,4
TKT-02017,CUST-1911,Shipping,Payment Failure,High,Priya,Email,2025-07-21,2025-07-22 00:00:00,2025-07-23 05:00:00,Closed,53.0,0,I appreciate the quick response.,5
TKT-02018,CUST-1449,Technical Support,Product Question,Medium,Ava,Email,2025-05-14,2025-05-16 00:00:00,2025-05-17 21:00:00,Closed,93.0,2,I need help with my account.,4
TKT-02019,CUST-1077,Technical Support,Login Issue,High,Liam,Web Form,2025-02-05,2025-02-06 00:00:00,2025-02-06 21:00:00,Closed,45.0,0,The support team has been helpful so far.,5
TKT-02020,CUST-1771,Billing,Late Delivery,Medium,Ava,Phone,2025-06-24,2025-06-26 00:00:00,2025-06-26 06:00:00,Closed,54.0,0,This issue is affecting my work and I am unhappy.,3
TKT-02021,CUST-1690,Shipping,Account Verification,Medium,Noah,Phone,2025-01-14,2025-01-16 00:00:00,2025-01-17 01:00:00,Closed,73.0,0,I would like an update on my ticket.,4
TKT-02022,CUST-1819,Account Management,Payment Failure,Low,Liam,Email,2025-02-14,2025-02-17 00:00:00,2025-02-14 23:00:00,Closed,23.0,2,I want to cancel if this is not resolved today.,2
TKT-02023,CUST-1332,Product Support,Product Question,High,Mia,Email,2025-11-30,2025-12-01 00:00:00,2025-12-01 04:00:00,Closed,28.0,0,I have contacted support multiple times and nobody has helped me.,3
TKT-02024,CUST-1246,Account Management,Refund Delay,Critical,Liam,Phone,2025-01-16,2025-01-16 08:00:00,2025-01-17 10:00:00,Closed,34.0,0,I am having an issue and need assistance.,3
TKT-02025,CUST-1897,Shipping,Subscription Cancellation,Medium,Liam,Web Form,2025-08-26,2025-08-28 00:00:00,2025-08-26 09:00:00,Closed,9.0,1,I would like an update on my ticket.,4
TKT-02026,CUST-1714,Billing,Subscription Cancellation,High,David,Phone,2025-05-26,2025-05-27 00:00:00,2025-05-27 20:00:00,Closed,44.0,0,This issue is affecting my work and I am unhappy.,3
TKT-02027,CUST-1457,Shipping,Payment Failure,Low,David,Chat,2025-09-14,2025-09-17 00:00:00,2025-09-14 12:00:00,Escalated,12.0,2,I have contacted support multiple times and nobody has helped me.,3
TKT-02028,CUST-1931,Technical Support,Subscription Cancellation,Medium,Priya,Phone,2025-10-27,2025-10-29 00:00:00,2025-10-29 06:00:00,Closed,54.0,1,This issue is affecting my work and I am unhappy.,2
TKT-02029,CUST-1414,Product Support,Product Question,High,Ava,Email,2025-02-16,2025-02-17 00:00:00,2025-02-17 09:00:00,Closed,33.0,2,I am having an issue and need assistance.,4
TKT-02030,CUST-1730,Billing,Account Verification,Low,Priya,Phone,2025-10-14,2025-10-17 00:00:00,2025-10-17 13:00:00,Closed,85.0,1,This is very frustrating and I need this fixed immediately.,2
TKT-02031,CUST-1675,Shipping,Late Delivery,High,Liam,Chat,2025-09-05,2025-09-06 00:00:00,2025-09-07 07:00:00,Closed,55.0,3,I would like an update on my ticket.,3
TKT-02032,CUST-1886,Technical Support,Refund Delay,High,Sarah,Phone,2025-07-13,2025-07-14 00:00:00,2025-07-15 18:00:00,Closed,66.0,1,I have contacted support multiple times and nobody has helped me.,3
TKT-02033,CUST-1991,Account Management,Refund Delay,Medium,Priya,Email,2025-01-02,2025-01-04 00:00:00,2025-01-03 10:00:00,Closed,34.0,4,Please help me understand what happened.,3
TKT-02034,CUST-1508,Billing,Account Verification,Low,Ethan,Phone,2025-06-05,2025-06-08 00:00:00,2025-06-07 20:00:00,Escalated,68.0,3,This is very frustrating and I need this fixed immediately.,1
TKT-02035,CUST-1088,Account Management,Subscription Cancellation,Medium,Ethan,Web Form,2025-01-03,2025-01-05 00:00:00,2025-01-05 20:00:00,Closed,68.0,0,Thanks for helping me with this issue.,4
TKT-02036,CUST-1932,Product Support,Refund Delay,Medium,Mia,Chat,2025-07-27,2025-07-29 00:00:00,2025-07-28 20:00:00,Closed,44.0,2,The issue was handled well.,5
TKT-02037,CUST-1851,Technical Support,Account Verification,High,David,Web Form,2025-02-02,2025-02-03 00:00:00,,Open,,0,The issue was handled well.,4
TKT-02038,CUST-1230,Product Support,Refund Delay,Medium,Liam,Web Form,2025-09-24,2025-09-26 00:00:00,,Open,,3,This issue is affecting my work and I am unhappy.,3
TKT-02039,CUST-1630,Technical Support,Refund Delay,Medium,Ava,Chat,2025-05-20,2025-05-22 00:00:00,2025-05-23 16:00:00,Closed,88.0,0,Please help me understand what happened.,3
TKT-02040,CUST-1791,Account Management,Bug Report,Low,Ethan,Phone,2025-12-11,2025-12-14 00:00:00,2025-12-13 20:00:00,Closed,68.0,1,I am having an issue and need assistance.,3
TKT-02041,CUST-1190,Product Support,Late Delivery,Medium,Ethan,Phone,2025-09-13,2025-09-15 00:00:00,2025-09-15 04:00:00,Closed,52.0,0,The support team has been helpful so far.,4
TKT-02042,CUST-1247,Account Management,Late Delivery,Medium,Liam,Email,2025-04-21,2025-04-23 00:00:00,2025-04-23 09:00:00,Closed,57.0,4,Please help me understand what happened.,3
TKT-02043,CUST-1376,Billing,Refund Delay,Critical,Ethan,Phone,2025-01-21,2025-01-21 08:00:00,2025-01-23 00:00:00,Closed,48.0,1,Please help me understand what happened.,4
TKT-02044,CUST-1139,Billing,Late Delivery,Medium,Liam,Web Form,2025-11-21,2025-11-23 00:00:00,2025-11-21 21:00:00,Closed,21.0,4,Can you check the status of my request?,3
TKT-02045,CUST-1916,Account Management,Payment Failure,Low,Priya,Chat,2025-03-18,2025-03-21 00:00:00,2025-03-21 08:00:00,Closed,80.0,4,Please help me understand what happened.,3
TKT-02046,CUST-1556,Technical Support,Product Question,Medium,Mia,Phone,2025-10-24,2025-10-26 00:00:00,2025-10-25 08:00:00,Closed,32.0,2,I have contacted support multiple times and nobody has helped me.,1
TKT-02047,CUST-1641,Product Support,Subscription Cancellation,Low,Liam,Phone,2025-01-18,2025-01-21 00:00:00,2025-01-19 14:00:00,Closed,38.0,0,I have contacted support multiple times and nobody has helped me.,3
TKT-02048,CUST-1103,Product Support,Account Verification,Medium,David,Web Form,2025-11-21,2025-11-23 00:00:00,2025-11-23 12:00:00,Closed,60.0,4,Can you check the status of my request?,4
TKT-02049,CUST-1309,Product Support,Bug Report,High,Noah,Web Form,2025-08-04,2025-08-05 00:00:00,2025-08-07 02:00:00,Escalated,74.0,1,I am having an issue and need assistance.,4
TKT-02050,CUST-1992,Technical Support,Login Issue,Medium,Liam,Web Form,2025-11-14,2025-11-16 00:00:00,2025-11-17 05:00:00,Closed,77.0,0,This is very frustrating and I need this fixed immediately.,3
TKT-02051,CUST-1935,Product Support,Payment Failure,Medium,David,Chat,2025-05-15,2025-05-17 00:00:00,2025-05-18 03:00:00,Closed,75.0,1,Please help me understand what happened.,4
TKT-02052,CUST-1798,Product Support,Account Verification,Medium,Noah,Phone,2025-01-12,2025-01-14 00:00:00,,Open,,2,I am having an issue and need assistance.,4
TKT-02053,CUST-1891,Billing,Refund Delay,Low,Ava,Web Form,2025-08-12,2025-08-15 00:00:00,2025-08-16 15:00:00,Closed,111.0,5,Please help me understand what happened.,3
TKT-02054,CUST-1333,Shipping,Payment Failure,Low,David,Email,2025-01-01,2025-01-04 00:00:00,2025-01-02 17:00:00,Closed,41.0,3,Can you check the status of my request?,3
TKT-02055,CUST-1328,Shipping,Payment Failure,Low,Ethan,Phone,2025-04-16,2025-04-19 00:00:00,2025-04-19 13:00:00,Closed,85.0,3,Can you check the status of my request?,4
TKT-02056,CUST-1678,Shipping,Payment Failure,Medium,David,Chat,2025-02-08,2025-02-10 00:00:00,2025-02-08 15:00:00,Closed,15.0,0,I have contacted support multiple times and nobody has helped me.,1
TKT-02057,CUST-1940,Technical Support,Product Question,Critical,Sarah,Web Form,2025-04-24,2025-04-24 08:00:00,2025-04-25 20:00:00,Closed,44.0,2,Can you check the status of my request?,4
TKT-02058,CUST-1405,Product Support,Product Question,Medium,Liam,Email,2025-08-07,2025-08-09 00:00:00,2025-08-07 08:00:00,Closed,8.0,0,Thank you for the update.,5
TKT-02059,CUST-1495,Billing,Product Question,Low,Mia,Web Form,2025-06-08,2025-06-11 00:00:00,2025-06-10 21:00:00,Closed,69.0,1,I am having an issue and need assistance.,3
TKT-02060,CUST-1732,Account Management,Refund Delay,High,Ava,Chat,2025-09-11,2025-09-12 00:00:00,2025-09-13 02:00:00,Escalated,50.0,0,Please help me understand what happened.,3
TKT-02061,CUST-1513,Shipping,Payment Failure,Medium,Priya,Phone,2025-09-10,2025-09-12 00:00:00,,Open,,3,I am tired of waiting for a response.,1
TKT-02062,CUST-1455,Product Support,Refund Delay,Medium,Sarah,Web Form,2025-06-26,2025-06-28 00:00:00,,Open,,0,I need help with my account.,3
TKT-02063,CUST-1046,Shipping,Account Verification,High,David,Email,2025-11-07,2025-11-08 00:00:00,2025-11-09 00:00:00,Closed,48.0,0,Can you check the status of my request?,3
TKT-02064,CUST-1839,Product Support,Payment Failure,Medium,Mia,Phone,2025-04-24,2025-04-26 00:00:00,2025-04-25 13:00:00,Closed,37.0,1,Thanks for helping me with this issue.,4
TKT-02065,CUST-1926,Billing,Bug Report,Medium,Liam,Web Form,2025-02-02,2025-02-04 00:00:00,,Open,,0,Please help me understand what happened.,3
TKT-02066,CUST-1831,Shipping,Refund Delay,Low,Sarah,Phone,2025-08-14,2025-08-17 00:00:00,,Open,,0,The support team has been helpful so far.,4
TKT-02067,CUST-1043,Shipping,Refund Delay,Critical,Liam,Web Form,2025-12-24,2025-12-24 08:00:00,2025-12-26 10:00:00,Closed,58.0,4,Thank you for the update.,4
TKT-02068,CUST-1527,Shipping,Login Issue,Medium,Liam,Chat,2025-04-21,2025-04-23 00:00:00,2025-04-22 00:00:00,Closed,24.0,2,I need help with my account.,3
TKT-02069,CUST-1830,Shipping,Bug Report,High,Ava,Chat,2025-10-28,2025-10-29 00:00:00,2025-10-29 00:00:00,Closed,24.0,3,The support team has been helpful so far.,5
TKT-02070,CUST-1935,Shipping,Product Question,Low,Noah,Phone,2025-10-14,2025-10-17 00:00:00,2025-10-14 19:00:00,Closed,19.0,1,I have contacted support multiple times and nobody has helped me.,1
TKT-02071,CUST-1814,Account Management,Bug Report,Low,David,Phone,2025-03-03,2025-03-06 00:00:00,2025-03-07 23:00:00,Escalated,119.0,0,I would like an update on my ticket.,4
TKT-02072,CUST-1502,Account Management,Login Issue,Medium,Ava,Phone,2025-11-09,2025-11-11 00:00:00,,Open,,4,I am tired of waiting for a response.,1
TKT-02073,CUST-1681,Billing,Payment Failure,Low,Liam,Chat,2025-03-13,2025-03-16 00:00:00,2025-03-14 06:00:00,Escalated,30.0,0,I am tired of waiting for a response.,1
TKT-02074,CUST-1069,Billing,Account Verification,Medium,Noah,Web Form,2025-09-11,2025-09-13 00:00:00,2025-09-15 06:00:00,Closed,102.0,0,The issue was handled well.,4
TKT-02075,CUST-1567,Technical Support,Payment Failure,High,Mia,Email,2025-11-29,2025-11-30 00:00:00,2025-11-30 10:00:00,Closed,34.0,1,Thanks for helping me with this issue.,4
TKT-02076,CUST-1594,Account Management,Refund Delay,High,Noah,Email,2025-03-04,2025-03-05 00:00:00,2025-03-07 01:00:00,Closed,73.0,0,I would like an update on my ticket.,4
TKT-02077,CUST-1720,Technical Support,Refund Delay,Medium,Mia,Chat,2025-02-28,2025-03-02 00:00:00,2025-03-04 00:00:00,Closed,96.0,5,I have contacted support multiple times and nobody has helped me.,3
TKT-02078,CUST-1006,Account Management,Login Issue,Medium,Sarah,Email,2025-05-28,2025-05-30 00:00:00,2025-05-28 11:00:00,Closed,11.0,0,The support team has been helpful so far.,5
TKT-02079,CUST-1077,Product Support,Login Issue,Medium,Priya,Email,2025-12-19,2025-12-21 00:00:00,,Open,,2,I want to cancel if this is not resolved today.,3
TKT-02080,CUST-1604,Product Support,Product Question,High,Priya,Email,2025-10-10,2025-10-11 00:00:00,2025-10-11 07:00:00,Closed,31.0,1,Please help me understand what happened.,3
TKT-02081,CUST-1041,Shipping,Refund Delay,Medium,Mia,Web Form,2025-05-15,2025-05-17 00:00:00,2025-05-18 15:00:00,Closed,87.0,1,I want to cancel if this is not resolved today.,3
TKT-02082,CUST-1323,Account Management,Subscription Cancellation,Low,Priya,Email,2025-06-06,2025-06-09 00:00:00,2025-06-07 06:00:00,Closed,30.0,3,Please help me understand what happened.,3
TKT-02083,CUST-1126,Technical Support,Subscription Cancellation,Medium,Sarah,Email,2025-11-04,2025-11-06 00:00:00,2025-11-06 00:00:00,Escalated,48.0,4,I would like an update on my ticket.,4
TKT-02084,CUST-1776,Account Management,Subscription Cancellation,Medium,Sarah,Phone,2025-10-26,2025-10-28 00:00:00,2025-10-27 01:00:00,Closed,25.0,2,I have contacted support multiple times and nobody has helped me.,1
TKT-02085,CUST-1494,Account Management,Payment Failure,Low,Sarah,Web Form,2025-01-05,2025-01-08 00:00:00,2025-01-06 12:00:00,Closed,36.0,2,I would like an update on my ticket.,4
TKT-02086,CUST-1088,Billing,Login Issue,Medium,Sarah,Chat,2025-09-12,2025-09-14 00:00:00,,Open,,2,Can you check the status of my request?,3
TKT-02087,CUST-1614,Technical Support,Bug Report,Low,Mia,Chat,2025-06-24,2025-06-27 00:00:00,2025-06-26 22:00:00,Closed,70.0,0,I want to cancel if this is not resolved today.,2
TKT-02088,CUST-1736,Account Management,Login Issue,Medium,Noah,Phone,2025-01-29,2025-01-31 00:00:00,2025-01-30 03:00:00,Escalated,27.0,3,I need help with my account.,3
TKT-02089,CUST-1087,Billing,Subscription Cancellation,Medium,Sarah,Email,2025-06-18,2025-06-20 00:00:00,2025-06-20 00:00:00,Closed,48.0,2,I have contacted support multiple times and nobody has helped me.,3
TKT-02090,CUST-1896,Technical Support,Subscription Cancellation,High,Liam,Email,2025-05-22,2025-05-23 00:00:00,2025-05-25 08:00:00,Escalated,80.0,1,Can you check the status of my request?,4
TKT-02091,CUST-1514,Account Management,Late Delivery,Medium,Priya,Email,2025-03-18,2025-03-20 00:00:00,2025-03-18 22:00:00,Closed,22.0,0,I would like an update on my ticket.,3
TKT-02092,CUST-1516,Billing,Refund Delay,Critical,Sarah,Chat,2025-06-09,2025-06-09 08:00:00,,Open,,0,I am having an issue and need assistance.,4
TKT-02093,CUST-1152,Account Management,Product Question,Critical,David,Chat,2025-08-02,2025-08-02 08:00:00,2025-08-03 11:00:00,Escalated,35.0,0,This issue is affecting my work and I am unhappy.,3
TKT-02094,CUST-1566,Shipping,Subscription Cancellation,Medium,Mia,Chat,2025-11-24,2025-11-26 00:00:00,2025-11-25 09:00:00,Closed,33.0,1,I would like an update on my ticket.,3
TKT-02095,CUST-1484,Billing,Bug Report,Low,Liam,Phone,2025-06-22,2025-06-25 00:00:00,2025-06-25 19:00:00,Escalated,91.0,0,This issue is affecting my work and I am unhappy.,2
TKT-02096,CUST-1640,Account Management,Payment Failure,High,Ava,Chat,2025-10-04,2025-10-05 00:00:00,2025-10-04 23:00:00,Closed,23.0,2,Can you check the status of my request?,3
TKT-02097,CUST-1861,Account Management,Bug Report,Low,Liam,Web Form,2025-10-12,2025-10-15 00:00:00,,Open,,0,Thanks for helping me with this issue.,5
TKT-02098,CUST-1953,Shipping,Login Issue,Medium,Priya,Chat,2025-01-02,2025-01-04 00:00:00,2025-01-02 09:00:00,Closed,9.0,4,I would like an update on my ticket.,4
TKT-02099,CUST-1908,Shipping,Bug Report,High,Priya,Phone,2025-04-15,2025-04-16 00:00:00,,Open,,1,Can you check the status of my request?,3
TKT-02100,CUST-1614,Shipping,Product Question,Low,Sarah,Web Form,2025-01-15,2025-01-18 00:00:00,,Open,,2,I am having an issue and need assistance.,4
TKT-02101,CUST-1118,Product Support,Product Question,Medium,David,Web Form,2025-11-17,2025-11-19 00:00:00,2025-11-20 03:00:00,Closed,75.0,4,I need help with my account.,3
TKT-02102,CUST-1120,Shipping,Late Delivery,Medium,Priya,Chat,2025-08-22,2025-08-24 00:00:00,2025-08-23 12:00:00,Closed,36.0,0,This is very frustrating and I need this fixed immediately.,1
TKT-02103,CUST-1816,Technical Support,Late Delivery,Low,David,Phone,2025-10-13,2025-10-16 00:00:00,2025-10-14 11:00:00,Closed,35.0,0,I would like an update on my ticket.,3
TKT-02104,CUST-1012,Account Management,Product Question,Medium,Ethan,Web Form,2025-05-11,2025-05-13 00:00:00,2025-05-13 18:00:00,Closed,66.0,0,I am tired of waiting for a response.,2
TKT-02105,CUST-1425,Billing,Product Question,Medium,Mia,Chat,2025-10-09,2025-10-11 00:00:00,2025-10-10 23:00:00,Closed,47.0,0,This is very frustrating and I need this fixed immediately.,3
TKT-02106,CUST-1659,Product Support,Late Delivery,Medium,Priya,Web Form,2025-03-10,2025-03-12 00:00:00,2025-03-11 17:00:00,Closed,41.0,0,I appreciate the quick response.,5
TKT-02107,CUST-1669,Product Support,Payment Failure,Medium,Ava,Web Form,2025-07-25,2025-07-27 00:00:00,2025-07-25 12:00:00,Closed,12.0,5,The support team has been helpful so far.,5
TKT-02108,CUST-1767,Shipping,Account Verification,Critical,Priya,Email,2025-02-27,2025-02-27 08:00:00,2025-03-01 00:00:00,Closed,48.0,4,I need help with my account.,4
TKT-02109,CUST-1593,Technical Support,Product Question,Medium,Noah,Web Form,2025-12-29,2025-12-31 00:00:00,2025-12-31 15:00:00,Closed,63.0,4,The issue was handled well.,5
TKT-02110,CUST-1590,Shipping,Bug Report,High,David,Phone,2025-03-27,2025-03-28 00:00:00,2025-03-28 22:00:00,Closed,46.0,3,Please help me understand what happened.,4
TKT-02111,CUST-1853,Account Management,Late Delivery,Medium,Ethan,Web Form,2025-09-24,2025-09-26 00:00:00,2025-09-26 20:00:00,Closed,68.0,0,I need help with my account.,3
TKT-02112,CUST-1205,Shipping,Login Issue,Medium,Noah,Phone,2025-04-23,2025-04-25 00:00:00,,Open,,0,This is very frustrating and I need this fixed immediately.,1
TKT-02113,CUST-1315,Product Support,Refund Delay,Medium,Ethan,Web Form,2025-02-28,2025-03-02 00:00:00,2025-02-28 21:00:00,Closed,21.0,1,I would like an update on my ticket.,3
TKT-02114,CUST-1819,Shipping,Late Delivery,High,Sarah,Phone,2025-09-13,2025-09-14 00:00:00,2025-09-13 20:00:00,Closed,20.0,3,Please help me understand what happened.,3
TKT-02115,CUST-1472,Account Management,Subscription Cancellation,High,Ava,Phone,2025-11-18,2025-11-19 00:00:00,2025-11-19 01:00:00,Closed,25.0,1,The issue was handled well.,5
TKT-02116,CUST-1521,Technical Support,Payment Failure,Medium,Ava,Web Form,2025-03-02,2025-03-04 00:00:00,2025-03-04 01:00:00,Closed,49.0,0,I need help with my account.,4
TKT-02117,CUST-1478,Account Management,Product Question,Critical,Priya,Phone,2025-11-14,2025-11-14 08:00:00,2025-11-15 01:00:00,Closed,25.0,1,Can you check the status of my request?,4
TKT-02118,CUST-1836,Billing,Login Issue,Low,David,Phone,2025-12-14,2025-12-17 00:00:00,2025-12-15 10:00:00,Closed,34.0,0,This issue is affecting my work and I am unhappy.,1
TKT-02119,CUST-1849,Product Support,Payment Failure,Medium,Sarah,Web Form,2025-02-02,2025-02-04 00:00:00,2025-02-05 03:00:00,Closed,75.0,0,Please help me understand what happened.,4
TKT-02120,CUST-1827,Technical Support,Account Verification,Critical,Sarah,Phone,2025-05-20,2025-05-20 08:00:00,2025-05-22 00:00:00,Closed,48.0,2,I am having an issue and need assistance.,4
TKT-02121,CUST-1928,Shipping,Bug Report,Medium,Sarah,Web Form,2025-11-13,2025-11-15 00:00:00,2025-11-15 12:00:00,Closed,60.0,1,I am tired of waiting for a response.,2
TKT-02122,CUST-1407,Shipping,Bug Report,Medium,Mia,Phone,2025-01-13,2025-01-15 00:00:00,2025-01-15 03:00:00,Closed,51.0,0,I want to cancel if this is not resolved today.,3
TKT-02123,CUST-1007,Shipping,Account Verification,Medium,Priya,Phone,2025-01-14,2025-01-16 00:00:00,2025-01-17 08:00:00,Closed,80.0,4,This issue is affecting my work and I am unhappy.,3
TKT-02124,CUST-1713,Shipping,Account Verification,Medium,Liam,Phone,2025-07-26,2025-07-28 00:00:00,2025-07-27 23:00:00,Closed,47.0,0,I want to cancel if this is not resolved today.,1
TKT-02125,CUST-1321,Shipping,Refund Delay,Medium,Ethan,Chat,2025-01-29,2025-01-31 00:00:00,,Open,,0,I am tired of waiting for a response.,1
TKT-02126,CUST-1287,Billing,Refund Delay,High,Mia,Web Form,2025-07-04,2025-07-05 00:00:00,2025-07-08 09:00:00,Closed,105.0,0,This issue is affecting my work and I am unhappy.,2
TKT-02127,CUST-1270,Account Management,Subscription Cancellation,Medium,Sarah,Web Form,2025-01-20,2025-01-22 00:00:00,2025-01-21 11:00:00,Escalated,35.0,0,I want to cancel if this is not resolved today.,2
TKT-02128,CUST-1117,Billing,Bug Report,Medium,Ava,Phone,2025-02-05,2025-02-07 00:00:00,2025-02-07 18:00:00,Closed,66.0,1,I would like an update on my ticket.,4
TKT-02129,CUST-1269,Account Management,Subscription Cancellation,Critical,Priya,Web Form,2025-09-01,2025-09-01 08:00:00,2025-09-02 11:00:00,Closed,35.0,0,This issue is affecting my work and I am unhappy.,1
TKT-02130,CUST-1032,Shipping,Account Verification,High,Ethan,Phone,2025-05-19,2025-05-20 00:00:00,2025-05-22 04:00:00,Closed,76.0,4,This is very frustrating and I need this fixed immediately.,2
TKT-02131,CUST-1614,Technical Support,Product Question,Low,Sarah,Web Form,2025-06-21,2025-06-24 00:00:00,2025-06-24 01:00:00,Closed,73.0,3,I need help with my account.,3
TKT-02132,CUST-1716,Technical Support,Account Verification,High,Sarah,Email,2025-04-22,2025-04-23 00:00:00,2025-04-24 05:00:00,Closed,53.0,1,I am having an issue and need assistance.,3
TKT-02133,CUST-1907,Technical Support,Account Verification,Medium,Ethan,Email,2025-06-21,2025-06-23 00:00:00,2025-06-22 22:00:00,Closed,46.0,2,I am tired of waiting for a response.,1
TKT-02134,CUST-1233,Billing,Payment Failure,Medium,Ethan,Email,2025-08-21,2025-08-23 00:00:00,2025-08-23 10:00:00,Closed,58.0,1,Can you check the status of my request?,3
TKT-02135,CUST-1193,Shipping,Bug Report,Medium,Sarah,Phone,2025-12-04,2025-12-06 00:00:00,2025-12-05 20:00:00,Closed,44.0,0,I need help with my account.,3
TKT-02136,CUST-1910,Billing,Product Question,Medium,Liam,Web Form,2025-05-12,2025-05-14 00:00:00,2025-05-13 14:00:00,Closed,38.0,1,I am tired of waiting for a response.,2
TKT-02137,CUST-1127,Billing,Bug Report,Critical,Liam,Email,2025-04-13,2025-04-13 08:00:00,,Open,,2,Thank you for the update.,4
TKT-02138,CUST-1366,Shipping,Late Delivery,Low,Ava,Chat,2025-11-07,2025-11-10 00:00:00,2025-11-10 16:00:00,Closed,88.0,4,This is very frustrating and I need this fixed immediately.,1
TKT-02139,CUST-1946,Account Management,Bug Report,Medium,Ava,Chat,2025-01-16,2025-01-18 00:00:00,,Open,,3,This issue is affecting my work and I am unhappy.,1
TKT-02140,CUST-1955,Technical Support,Refund Delay,Low,David,Chat,2025-02-17,2025-02-20 00:00:00,2025-02-21 12:00:00,Closed,108.0,1,I need help with my account.,4
TKT-02141,CUST-1294,Product Support,Late Delivery,High,Ava,Phone,2025-09-28,2025-09-29 00:00:00,2025-09-29 16:00:00,Escalated,40.0,0,I am tired of waiting for a response.,3
TKT-02142,CUST-1242,Account Management,Account Verification,High,David,Web Form,2025-09-06,2025-09-07 00:00:00,,Open,,4,I appreciate the quick response.,5
TKT-02143,CUST-1888,Product Support,Login Issue,Medium,Noah,Chat,2025-09-06,2025-09-08 00:00:00,,Open,,0,Can you check the status of my request?,4
TKT-02144,CUST-1249,Billing,Bug Report,Low,David,Phone,2025-11-28,2025-12-01 00:00:00,2025-12-03 04:00:00,Closed,124.0,0,I want to cancel if this is not resolved today.,1
TKT-02145,CUST-1599,Billing,Login Issue,Medium,David,Phone,2025-05-15,2025-05-17 00:00:00,2025-05-18 08:00:00,Closed,80.0,2,I would like an update on my ticket.,4
TKT-02146,CUST-1802,Billing,Bug Report,High,Mia,Phone,2025-05-28,2025-05-29 00:00:00,2025-05-29 04:00:00,Closed,28.0,3,I am having an issue and need assistance.,4
TKT-02147,CUST-1956,Shipping,Account Verification,Medium,David,Email,2025-02-01,2025-02-03 00:00:00,2025-02-02 23:00:00,Closed,47.0,0,Please help me understand what happened.,4
TKT-02148,CUST-1610,Account Management,Subscription Cancellation,Medium,Mia,Phone,2025-05-26,2025-05-28 00:00:00,2025-05-27 00:00:00,Closed,24.0,3,This is very frustrating and I need this fixed immediately.,2
TKT-02149,CUST-1436,Account Management,Refund Delay,Low,Ava,Phone,2025-06-19,2025-06-22 00:00:00,2025-06-22 12:00:00,Closed,84.0,0,I have contacted support multiple times and nobody has helped me.,2
TKT-02150,CUST-1457,Technical Support,Account Verification,Medium,David,Web Form,2025-12-04,2025-12-06 00:00:00,2025-12-06 16:00:00,Closed,64.0,3,This issue is affecting my work and I am unhappy.,2
TKT-02151,CUST-1710,Shipping,Refund Delay,Medium,Noah,Chat,2025-03-20,2025-03-22 00:00:00,2025-03-21 22:00:00,Closed,46.0,2,I am tired of waiting for a response.,1
TKT-02152,CUST-1820,Technical Support,Subscription Cancellation,Low,Ava,Email,2025-06-23,2025-06-26 00:00:00,2025-06-25 13:00:00,Closed,61.0,1,I am having an issue and need assistance.,4
TKT-02153,CUST-1822,Technical Support,Login Issue,Medium,Liam,Chat,2025-07-10,2025-07-12 00:00:00,2025-07-12 18:00:00,Closed,66.0,2,I need help with my account.,4
TKT-02154,CUST-1095,Product Support,Login Issue,Low,Sarah,Email,2025-05-31,2025-06-03 00:00:00,2025-06-01 13:00:00,Closed,37.0,0,I am having an issue and need assistance.,3
TKT-02155,CUST-1661,Product Support,Product Question,Medium,Liam,Web Form,2025-10-12,2025-10-14 00:00:00,,Open,,1,I would like an update on my ticket.,4
TKT-02156,CUST-1702,Billing,Login Issue,Low,David,Chat,2025-11-02,2025-11-05 00:00:00,2025-11-03 08:00:00,Closed,32.0,0,I need help with my account.,3
TKT-02157,CUST-1540,Technical Support,Account Verification,Critical,Sarah,Chat,2025-09-13,2025-09-13 08:00:00,2025-09-14 18:00:00,Closed,42.0,1,I need help with my account.,3
TKT-02158,CUST-1008,Shipping,Subscription Cancellation,Critical,Ethan,Email,2025-07-31,2025-07-31 08:00:00,,Open,,0,This is very frustrating and I need this fixed immediately.,3
TKT-02159,CUST-1263,Product Support,Account Verification,Medium,Noah,Chat,2025-05-31,2025-06-02 00:00:00,2025-06-03 10:00:00,Closed,82.0,2,I am having an issue and need assistance.,3
TKT-02160,CUST-1454,Account Management,Account Verification,High,Mia,Web Form,2025-11-03,2025-11-04 00:00:00,,Open,,0,Thank you for the update.,5
TKT-02161,CUST-1812,Shipping,Subscription Cancellation,Medium,Mia,Phone,2025-07-18,2025-07-20 00:00:00,2025-07-20 17:00:00,Closed,65.0,4,I would like an update on my ticket.,3
TKT-02162,CUST-1867,Product Support,Bug Report,Low,David,Phone,2025-08-12,2025-08-15 00:00:00,2025-08-15 05:00:00,Closed,77.0,0,The issue was handled well.,4
TKT-02163,CUST-1680,Product Support,Payment Failure,Medium,Sarah,Web Form,2025-08-03,2025-08-05 00:00:00,2025-08-03 16:00:00,Closed,16.0,0,This is very frustrating and I need this fixed immediately.,1
TKT-02164,CUST-1208,Technical Support,Subscription Cancellation,Medium,Ethan,Chat,2025-04-06,2025-04-08 00:00:00,2025-04-07 23:00:00,Closed,47.0,1,Please help me understand what happened.,3
TKT-02165,CUST-1678,Product Support,Payment Failure,Medium,Priya,Phone,2025-09-11,2025-09-13 00:00:00,,Open,,0,I am having an issue and need assistance.,4
TKT-02166,CUST-1434,Account Management,Bug Report,High,Ethan,Web Form,2025-10-15,2025-10-16 00:00:00,2025-10-18 06:00:00,Closed,78.0,2,This issue is affecting my work and I am unhappy.,3
TKT-02167,CUST-1903,Shipping,Subscription Cancellation,Critical,Priya,Chat,2025-08-01,2025-08-01 08:00:00,2025-08-01 04:00:00,Closed,4.0,0,I am tired of waiting for a response.,1
TKT-02168,CUST-1255,Shipping,Subscription Cancellation,Low,Ava,Phone,2025-03-19,2025-03-22 00:00:00,2025-03-19 23:00:00,Closed,23.0,2,This is very frustrating and I need this fixed immediately.,1
TKT-02169,CUST-1050,Shipping,Login Issue,Medium,Noah,Phone,2025-12-10,2025-12-12 00:00:00,2025-12-12 03:00:00,Closed,51.0,0,I would like an update on my ticket.,4
TKT-02170,CUST-1687,Product Support,Login Issue,Medium,Liam,Chat,2025-04-06,2025-04-08 00:00:00,,Open,,0,This is very frustrating and I need this fixed immediately.,2
TKT-02171,CUST-1044,Product Support,Refund Delay,High,Mia,Chat,2025-04-15,2025-04-16 00:00:00,2025-04-15 13:00:00,Escalated,13.0,2,I need help with my account.,4
TKT-02172,CUST-1359,Billing,Bug Report,Low,Noah,Phone,2025-06-28,2025-07-01 00:00:00,2025-07-02 16:00:00,Closed,112.0,0,Thanks for helping me with this issue.,4
TKT-02173,CUST-1749,Product Support,Payment Failure,Low,Noah,Phone,2025-04-21,2025-04-24 00:00:00,2025-04-23 04:00:00,Closed,52.0,4,The issue was handled well.,5
TKT-02174,CUST-1842,Shipping,Login Issue,Low,Sarah,Email,2025-01-06,2025-01-09 00:00:00,2025-01-09 16:00:00,Closed,88.0,1,I am having an issue and need assistance.,3
TKT-02175,CUST-1423,Account Management,Login Issue,Medium,Ethan,Chat,2025-03-21,2025-03-23 00:00:00,2025-03-22 20:00:00,Closed,44.0,0,I need help with my account.,3
TKT-02176,CUST-1464,Account Management,Payment Failure,Medium,Ava,Chat,2025-04-24,2025-04-26 00:00:00,2025-04-26 11:00:00,Escalated,59.0,0,The support team has been helpful so far.,5
TKT-02177,CUST-1910,Shipping,Bug Report,Medium,Sarah,Web Form,2025-03-13,2025-03-15 00:00:00,2025-03-15 21:00:00,Closed,69.0,1,I need help with my account.,3
TKT-02178,CUST-1869,Shipping,Payment Failure,Medium,Ava,Web Form,2025-10-24,2025-10-26 00:00:00,,Open,,5,Thank you for the update.,4
TKT-02179,CUST-1542,Account Management,Product Question,High,Liam,Chat,2025-05-04,2025-05-05 00:00:00,,Open,,3,I appreciate the quick response.,5
TKT-02180,CUST-1277,Shipping,Bug Report,Critical,Sarah,Phone,2025-08-31,2025-08-31 08:00:00,2025-09-01 10:00:00,Closed,34.0,0,I need help with my account.,3
TKT-02181,CUST-1727,Technical Support,Payment Failure,Medium,Sarah,Phone,2025-11-18,2025-11-20 00:00:00,,Open,,0,I have contacted support multiple times and nobody has helped me.,2
TKT-02182,CUST-1006,Shipping,Refund Delay,High,Noah,Email,2025-11-07,2025-11-08 00:00:00,2025-11-09 06:00:00,Closed,54.0,0,This is very frustrating and I need this fixed immediately.,1
TKT-02183,CUST-1461,Shipping,Product Question,High,David,Phone,2025-04-10,2025-04-11 00:00:00,,Open,,0,I am tired of waiting for a response.,1
TKT-02184,CUST-1565,Account Management,Refund Delay,Medium,Mia,Email,2025-08-25,2025-08-27 00:00:00,,Open,,0,I want to cancel if this is not resolved today.,1
TKT-02185,CUST-1505,Technical Support,Account Verification,High,Ethan,Email,2025-08-18,2025-08-19 00:00:00,2025-08-20 09:00:00,Closed,57.0,0,Thank you for the update.,4
TKT-02186,CUST-1602,Technical Support,Account Verification,Low,Noah,Email,2025-12-18,2025-12-21 00:00:00,2025-12-22 08:00:00,Closed,104.0,1,I need help with my account.,4
TKT-02187,CUST-1847,Technical Support,Payment Failure,Medium,Ethan,Email,2025-09-23,2025-09-25 00:00:00,2025-09-24 21:00:00,Closed,45.0,2,I am tired of waiting for a response.,2
TKT-02188,CUST-1435,Technical Support,Bug Report,Medium,David,Web Form,2025-01-11,2025-01-13 00:00:00,2025-01-14 14:00:00,Closed,86.0,0,Thank you for the update.,5
TKT-02189,CUST-1620,Technical Support,Late Delivery,Medium,Mia,Web Form,2025-01-14,2025-01-16 00:00:00,2025-01-16 16:00:00,Closed,64.0,1,I have contacted support multiple times and nobody has helped me.,1
TKT-02190,CUST-1540,Technical Support,Payment Failure,High,Noah,Phone,2025-10-20,2025-10-21 00:00:00,2025-10-20 13:00:00,Closed,13.0,0,The issue was handled well.,4
TKT-02191,CUST-1576,Billing,Bug Report,High,Ethan,Web Form,2025-09-09,2025-09-10 00:00:00,2025-09-11 12:00:00,Closed,60.0,1,I need help with my account.,3
TKT-02192,CUST-1607,Shipping,Payment Failure,Medium,Sarah,Phone,2025-08-11,2025-08-13 00:00:00,2025-08-13 22:00:00,Closed,70.0,4,I would like an update on my ticket.,3
TKT-02193,CUST-1049,Technical Support,Late Delivery,Low,Noah,Chat,2025-07-08,2025-07-11 00:00:00,,Open,,2,I am having an issue and need assistance.,3
TKT-02194,CUST-1521,Account Management,Bug Report,Low,Ethan,Phone,2025-09-26,2025-09-29 00:00:00,2025-09-29 18:00:00,Closed,90.0,0,The issue was handled well.,5
TKT-02195,CUST-1769,Account Management,Subscription Cancellation,Medium,Liam,Phone,2025-11-11,2025-11-13 00:00:00,2025-11-14 06:00:00,Closed,78.0,0,I would like an update on my ticket.,4
TKT-02196,CUST-1591,Billing,Late Delivery,Medium,Ava,Email,2025-11-10,2025-11-12 00:00:00,2025-11-11 03:00:00,Closed,27.0,1,The issue was handled well.,4
TKT-02197,CUST-1543,Billing,Payment Failure,Critical,Liam,Chat,2025-07-09,2025-07-09 08:00:00,,Open,,1,I am having an issue and need assistance.,4
TKT-02198,CUST-1491,Technical Support,Product Question,Medium,Liam,Phone,2025-06-19,2025-06-21 00:00:00,2025-06-21 19:00:00,Closed,67.0,1,This issue is affecting my work and I am unhappy.,2
TKT-02199,CUST-1592,Product Support,Login Issue,Low,Mia,Web Form,2025-10-30,2025-11-02 00:00:00,2025-11-02 15:00:00,Closed,87.0,0,This is very frustrating and I need this fixed immediately.,1
TKT-02200,CUST-1988,Technical Support,Login Issue,Medium,Ethan,Web Form,2025-06-21,2025-06-23 00:00:00,2025-06-23 09:00:00,Closed,57.0,2,I am having an issue and need assistance.,4
TKT-02201,CUST-1070,Account Management,Product Question,High,Noah,Web Form,2025-06-03,2025-06-04 00:00:00,2025-06-03 12:00:00,Closed,12.0,1,Can you check the status of my request?,3
TKT-02202,CUST-1659,Shipping,Product Question,Medium,Mia,Web Form,2025-03-22,2025-03-24 00:00:00,,Open,,0,I am having an issue and need assistance.,4
TKT-02203,CUST-1332,Shipping,Payment Failure,Low,Priya,Chat,2025-04-13,2025-04-16 00:00:00,2025-04-16 13:00:00,Closed,85.0,2,I need help with my account.,4
TKT-02204,CUST-1266,Billing,Payment Failure,Medium,Priya,Chat,2025-10-24,2025-10-26 00:00:00,,Open,,0,Please help me understand what happened.,4
TKT-02205,CUST-1219,Product Support,Account Verification,Medium,Mia,Email,2025-01-01,2025-01-03 00:00:00,2025-01-05 03:00:00,Closed,99.0,1,I would like an update on my ticket.,3
TKT-02206,CUST-1378,Technical Support,Account Verification,Medium,David,Chat,2025-09-28,2025-09-30 00:00:00,2025-10-01 17:00:00,Closed,89.0,1,I am tired of waiting for a response.,2
TKT-02207,CUST-1933,Account Management,Refund Delay,Medium,Sarah,Phone,2025-12-18,2025-12-20 00:00:00,2025-12-21 19:00:00,Escalated,91.0,3,Can you check the status of my request?,3
TKT-02208,CUST-1682,Technical Support,Login Issue,High,David,Phone,2025-07-19,2025-07-20 00:00:00,2025-07-21 20:00:00,Closed,68.0,1,This issue is affecting my work and I am unhappy.,1
TKT-02209,CUST-1538,Shipping,Account Verification,Medium,Sarah,Email,2025-11-16,2025-11-18 00:00:00,2025-11-19 00:00:00,Closed,72.0,0,This is very frustrating and I need this fixed immediately.,3
TKT-02210,CUST-1298,Billing,Refund Delay,Medium,David,Email,2025-07-20,2025-07-22 00:00:00,,Open,,0,The support team has been helpful so far.,4
TKT-02211,CUST-1223,Billing,Product Question,Medium,Noah,Web Form,2025-09-21,2025-09-23 00:00:00,2025-09-23 09:00:00,Closed,57.0,4,I need help with my account.,3
TKT-02212,CUST-1561,Technical Support,Payment Failure,Medium,Ava,Chat,2025-09-23,2025-09-25 00:00:00,2025-09-24 06:00:00,Closed,30.0,0,I am having an issue and need assistance.,4
TKT-02213,CUST-1515,Technical Support,Refund Delay,High,Mia,Phone,2025-10-31,2025-11-01 00:00:00,2025-11-01 20:00:00,Closed,44.0,0,I would like an update on my ticket.,4
TKT-02214,CUST-1329,Billing,Subscription Cancellation,Low,Ava,Email,2025-04-21,2025-04-24 00:00:00,2025-04-25 03:00:00,Closed,99.0,1,Can you check the status of my request?,4
TKT-02215,CUST-1633,Technical Support,Refund Delay,High,Mia,Email,2025-02-25,2025-02-26 00:00:00,2025-02-28 05:00:00,Closed,77.0,1,I am having an issue and need assistance.,4
TKT-02216,CUST-1908,Product Support,Payment Failure,Medium,Priya,Email,2025-12-20,2025-12-22 00:00:00,2025-12-21 02:00:00,Escalated,26.0,1,Please help me understand what happened.,4
TKT-02217,CUST-1100,Shipping,Login Issue,High,Priya,Phone,2025-12-22,2025-12-23 00:00:00,,Open,,2,I need help with my account.,3
TKT-02218,CUST-1744,Technical Support,Refund Delay,Medium,Mia,Chat,2025-02-22,2025-02-24 00:00:00,,Open,,0,I am having an issue and need assistance.,3
TKT-02219,CUST-1252,Technical Support,Late Delivery,High,Priya,Web Form,2025-03-31,2025-04-01 00:00:00,2025-04-03 09:00:00,Closed,81.0,2,The support team has been helpful so far.,5
TKT-02220,CUST-1649,Shipping,Late Delivery,Low,Sarah,Web Form,2025-01-21,2025-01-24 00:00:00,2025-01-23 21:00:00,Closed,69.0,0,This is very frustrating and I need this fixed immediately.,3
TKT-02221,CUST-1812,Product Support,Product Question,Medium,Sarah,Web Form,2025-08-29,2025-08-31 00:00:00,2025-08-29 14:00:00,Closed,14.0,0,I appreciate the quick response.,4
TKT-02222,CUST-1187,Shipping,Refund Delay,Low,Liam,Email,2025-07-09,2025-07-12 00:00:00,2025-07-10 09:00:00,Closed,33.0,1,I am tired of waiting for a response.,2
TKT-02223,CUST-1564,Account Management,Bug Report,Medium,Noah,Web Form,2025-12-08,2025-12-10 00:00:00,2025-12-10 09:00:00,Escalated,57.0,0,This is very frustrating and I need this fixed immediately.,3
TKT-02224,CUST-1666,Shipping,Late Delivery,Low,Noah,Chat,2025-09-19,2025-09-22 00:00:00,2025-09-22 13:00:00,Escalated,85.0,1,This issue is affecting my work and I am unhappy.,3
TKT-02225,CUST-1742,Account Management,Refund Delay,Medium,Ava,Phone,2025-04-03,2025-04-05 00:00:00,2025-04-05 15:00:00,Closed,63.0,1,I need help with my account.,3
TKT-02226,CUST-1490,Account Management,Late Delivery,Medium,Liam,Phone,2025-05-08,2025-05-10 00:00:00,2025-05-10 19:00:00,Closed,67.0,2,I have contacted support multiple times and nobody has helped me.,2
TKT-02227,CUST-1243,Shipping,Refund Delay,High,Priya,Phone,2025-12-04,2025-12-05 00:00:00,2025-12-05 14:00:00,Closed,38.0,0,This is very frustrating and I need this fixed immediately.,1
TKT-02228,CUST-1103,Product Support,Refund Delay,High,David,Email,2025-11-09,2025-11-10 00:00:00,,Open,,0,I am having an issue and need assistance.,4
TKT-02229,CUST-1610,Technical Support,Account Verification,High,David,Email,2025-06-29,2025-06-30 00:00:00,2025-07-01 22:00:00,Closed,70.0,2,I have contacted support multiple times and nobody has helped me.,1
TKT-02230,CUST-1066,Account Management,Product Question,Medium,Noah,Chat,2025-08-08,2025-08-10 00:00:00,,Open,,0,I have contacted support multiple times and nobody has helped me.,2
TKT-02231,CUST-1203,Account Management,Account Verification,Medium,Mia,Chat,2025-05-02,2025-05-04 00:00:00,2025-05-04 11:00:00,Closed,59.0,2,I have contacted support multiple times and nobody has helped me.,3
TKT-02232,CUST-1759,Technical Support,Account Verification,Medium,Noah,Chat,2025-09-22,2025-09-24 00:00:00,2025-09-27 01:00:00,Closed,121.0,1,I am having an issue and need assistance.,4
TKT-02233,CUST-1089,Shipping,Late Delivery,Critical,Noah,Email,2025-03-24,2025-03-24 08:00:00,2025-03-25 05:00:00,Closed,29.0,3,This is very frustrating and I need this fixed immediately.,1
TKT-02234,CUST-1689,Shipping,Account Verification,Low,Noah,Email,2025-10-01,2025-10-04 00:00:00,,Open,,2,I would like an update on my ticket.,4
TKT-02235,CUST-1311,Billing,Refund Delay,Low,Noah,Email,2025-05-05,2025-05-08 00:00:00,2025-05-09 05:00:00,Closed,101.0,3,Thank you for the update.,4
TKT-02236,CUST-1777,Billing,Subscription Cancellation,Low,Noah,Web Form,2025-01-24,2025-01-27 00:00:00,2025-01-25 11:00:00,Closed,35.0,1,Can you check the status of my request?,3
TKT-02237,CUST-1312,Billing,Subscription Cancellation,Medium,Ethan,Email,2025-04-18,2025-04-20 00:00:00,2025-04-19 10:00:00,Closed,34.0,1,Can you check the status of my request?,4
TKT-02238,CUST-1344,Technical Support,Login Issue,Low,David,Email,2025-01-24,2025-01-27 00:00:00,2025-01-24 18:00:00,Closed,18.0,1,Thanks for helping me with this issue.,4
TKT-02239,CUST-1773,Shipping,Bug Report,Critical,Ethan,Phone,2025-03-10,2025-03-10 08:00:00,2025-03-11 16:00:00,Closed,40.0,1,I am having an issue and need assistance.,4
TKT-02240,CUST-1487,Account Management,Late Delivery,Medium,Ethan,Web Form,2025-02-09,2025-02-11 00:00:00,2025-02-12 07:00:00,Closed,79.0,3,This issue is affecting my work and I am unhappy.,2
TKT-02241,CUST-1658,Account Management,Bug Report,High,Liam,Web Form,2025-08-26,2025-08-27 00:00:00,2025-08-29 09:00:00,Closed,81.0,1,I would like an update on my ticket.,4
TKT-02242,CUST-1848,Technical Support,Refund Delay,Medium,Ethan,Chat,2025-01-20,2025-01-22 00:00:00,,Open,,0,I need help with my account.,4
TKT-02243,CUST-1522,Technical Support,Subscription Cancellation,Low,Ava,Web Form,2025-10-24,2025-10-27 00:00:00,2025-10-27 02:00:00,Closed,74.0,2,Please help me understand what happened.,4
TKT-02244,CUST-1458,Shipping,Account Verification,High,Noah,Phone,2025-05-03,2025-05-04 00:00:00,2025-05-04 18:00:00,Closed,42.0,0,Can you check the status of my request?,3
TKT-02245,CUST-1469,Billing,Bug Report,Medium,Sarah,Chat,2025-09-22,2025-09-24 00:00:00,,Open,,4,I appreciate the quick response.,4
TKT-02246,CUST-1777,Product Support,Subscription Cancellation,Low,David,Phone,2025-12-16,2025-12-19 00:00:00,2025-12-18 08:00:00,Closed,56.0,0,I have contacted support multiple times and nobody has helped me.,2
TKT-02247,CUST-1506,Product Support,Payment Failure,Medium,Mia,Chat,2025-02-24,2025-02-26 00:00:00,2025-02-24 12:00:00,Closed,12.0,0,I would like an update on my ticket.,4
TKT-02248,CUST-1565,Billing,Login Issue,High,Priya,Web Form,2025-02-24,2025-02-25 00:00:00,2025-02-26 19:00:00,Closed,67.0,3,I need help with my account.,4
TKT-02249,CUST-1481,Account Management,Payment Failure,Medium,Sarah,Phone,2025-05-20,2025-05-22 00:00:00,2025-05-22 15:00:00,Closed,63.0,4,I am having an issue and need assistance.,4
TKT-02250,CUST-1804,Billing,Login Issue,High,Noah,Web Form,2025-08-27,2025-08-28 00:00:00,2025-08-28 09:00:00,Closed,33.0,0,I am having an issue and need assistance.,3
TKT-02251,CUST-1267,Billing,Product Question,Low,Priya,Web Form,2025-12-04,2025-12-07 00:00:00,2025-12-07 06:00:00,Closed,78.0,2,The support team has been helpful so far.,4
TKT-02252,CUST-1095,Technical Support,Login Issue,High,Ethan,Chat,2025-05-14,2025-05-15 00:00:00,2025-05-15 02:00:00,Closed,26.0,1,The support team has been helpful so far.,4
TKT-02253,CUST-1806,Product Support,Payment Failure,High,Priya,Chat,2025-03-11,2025-03-12 00:00:00,2025-03-13 08:00:00,Escalated,56.0,1,I have contacted support multiple times and nobody has helped me.,3
TKT-02254,CUST-1303,Billing,Late Delivery,Medium,Noah,Web Form,2025-01-30,2025-02-01 00:00:00,2025-02-01 09:00:00,Closed,57.0,2,The issue was handled well.,5
TKT-02255,CUST-1028,Billing,Bug Report,Low,Mia,Phone,2025-02-16,2025-02-19 00:00:00,2025-02-19 07:00:00,Closed,79.0,1,Thanks for helping me with this issue.,4
TKT-02256,CUST-1167,Account Management,Refund Delay,Medium,Liam,Web Form,2025-11-29,2025-12-01 00:00:00,,Open,,0,I am tired of waiting for a response.,2
TKT-02257,CUST-1986,Account Management,Product Question,Medium,Liam,Phone,2025-04-13,2025-04-15 00:00:00,2025-04-14 17:00:00,Closed,41.0,0,The issue was handled well.,4
TKT-02258,CUST-1994,Shipping,Subscription Cancellation,Medium,Mia,Web Form,2025-12-26,2025-12-28 00:00:00,2025-12-29 04:00:00,Closed,76.0,0,I am tired of waiting for a response.,3
TKT-02259,CUST-1607,Technical Support,Payment Failure,Medium,David,Email,2025-10-01,2025-10-03 00:00:00,2025-10-02 23:00:00,Closed,47.0,0,I would like an update on my ticket.,4
TKT-02260,CUST-1599,Technical Support,Bug Report,Medium,Liam,Phone,2025-11-27,2025-11-29 00:00:00,2025-11-30 23:00:00,Escalated,95.0,1,The issue was handled well.,4
TKT-02261,CUST-1399,Account Management,Account Verification,Medium,Priya,Chat,2025-07-03,2025-07-05 00:00:00,2025-07-05 18:00:00,Closed,66.0,0,I am tired of waiting for a response.,3
TKT-02262,CUST-1128,Shipping,Account Verification,Low,Sarah,Phone,2025-01-28,2025-01-31 00:00:00,2025-01-29 20:00:00,Closed,44.0,1,I appreciate the quick response.,5
TKT-02263,CUST-1103,Account Management,Bug Report,High,Liam,Web Form,2025-08-25,2025-08-26 00:00:00,2025-08-28 18:00:00,Closed,90.0,0,I have contacted support multiple times and nobody has helped me.,3
TKT-02264,CUST-1853,Technical Support,Login Issue,Low,Priya,Email,2025-08-28,2025-08-31 00:00:00,2025-08-29 18:00:00,Closed,42.0,0,I have contacted support multiple times and nobody has helped me.,3
TKT-02265,CUST-1206,Product Support,Account Verification,Low,Priya,Web Form,2025-01-16,2025-01-19 00:00:00,2025-01-19 08:00:00,Closed,80.0,4,This issue is affecting my work and I am unhappy.,2
TKT-02266,CUST-1960,Billing,Payment Failure,High,Liam,Chat,2025-07-10,2025-07-11 00:00:00,2025-07-12 14:00:00,Closed,62.0,1,I am tired of waiting for a response.,2
TKT-02267,CUST-1619,Technical Support,Product Question,Medium,David,Chat,2025-12-18,2025-12-20 00:00:00,2025-12-21 12:00:00,Escalated,84.0,1,I am tired of waiting for a response.,2
TKT-02268,CUST-1135,Shipping,Bug Report,High,Noah,Chat,2025-08-18,2025-08-19 00:00:00,,Open,,1,Thanks for helping me with this issue.,4
TKT-02269,CUST-1031,Technical Support,Subscription Cancellation,High,Mia,Chat,2025-11-04,2025-11-05 00:00:00,2025-11-07 06:00:00,Closed,78.0,1,I am tired of waiting for a response.,3
TKT-02270,CUST-1006,Shipping,Refund Delay,Medium,Sarah,Phone,2025-12-06,2025-12-08 00:00:00,2025-12-07 21:00:00,Closed,45.0,1,I have contacted support multiple times and nobody has helped me.,2
TKT-02271,CUST-1798,Technical Support,Late Delivery,Medium,Mia,Email,2025-09-02,2025-09-04 00:00:00,,Open,,4,This is very frustrating and I need this fixed immediately.,2
TKT-02272,CUST-1748,Account Management,Product Question,Medium,Priya,Chat,2025-04-16,2025-04-18 00:00:00,2025-04-18 00:00:00,Closed,48.0,2,This issue is affecting my work and I am unhappy.,1
TKT-02273,CUST-1069,Technical Support,Product Question,Medium,Liam,Web Form,2025-10-24,2025-10-26 00:00:00,2025-10-25 01:00:00,Closed,25.0,0,The issue was handled well.,4
TKT-02274,CUST-1185,Shipping,Account Verification,High,Priya,Web Form,2025-10-19,2025-10-20 00:00:00,2025-10-20 03:00:00,Closed,27.0,0,I need help with my account.,4
TKT-02275,CUST-1133,Billing,Account Verification,Low,Ethan,Chat,2025-01-16,2025-01-19 00:00:00,,Open,,1,This is very frustrating and I need this fixed immediately.,1
TKT-02276,CUST-1654,Product Support,Product Question,Critical,Priya,Email,2025-06-09,2025-06-09 08:00:00,2025-06-09 12:00:00,Closed,12.0,1,I am tired of waiting for a response.,3
TKT-02277,CUST-1534,Billing,Late Delivery,Medium,Ava,Email,2025-11-08,2025-11-10 00:00:00,2025-11-11 00:00:00,Closed,72.0,1,The support team has been helpful so far.,4
TKT-02278,CUST-1738,Product Support,Subscription Cancellation,Medium,Liam,Phone,2025-10-19,2025-10-21 00:00:00,2025-10-19 12:00:00,Closed,12.0,2,I want to cancel if this is not resolved today.,3
TKT-02279,CUST-1907,Account Management,Bug Report,Low,David,Web Form,2025-11-14,2025-11-17 00:00:00,,Open,,1,Please help me understand what happened.,3
TKT-02280,CUST-1505,Product Support,Subscription Cancellation,Critical,Ethan,Phone,2025-01-07,2025-01-07 08:00:00,2025-01-07 16:00:00,Escalated,16.0,0,I would like an update on my ticket.,4
TKT-02281,CUST-1400,Shipping,Product Question,Medium,David,Email,2025-10-28,2025-10-30 00:00:00,2025-10-28 20:00:00,Closed,20.0,1,This is very frustrating and I need this fixed immediately.,1
TKT-02282,CUST-1315,Account Management,Subscription Cancellation,Medium,Mia,Web Form,2025-04-02,2025-04-04 00:00:00,2025-04-04 14:00:00,Closed,62.0,0,This is very frustrating and I need this fixed immediately.,1
TKT-02283,CUST-1878,Technical Support,Subscription Cancellation,High,David,Email,2025-12-16,2025-12-17 00:00:00,,Open,,0,I am having an issue and need assistance.,3
TKT-02284,CUST-1322,Product Support,Subscription Cancellation,Low,Sarah,Web Form,2025-05-12,2025-05-15 00:00:00,2025-05-12 16:00:00,Closed,16.0,2,I am tired of waiting for a response.,3
TKT-02285,CUST-1668,Account Management,Subscription Cancellation,Medium,Noah,Email,2025-07-22,2025-07-24 00:00:00,2025-07-24 18:00:00,Escalated,66.0,0,The issue was handled well.,4
TKT-02286,CUST-1272,Product Support,Product Question,Medium,David,Chat,2025-08-21,2025-08-23 00:00:00,2025-08-21 14:00:00,Closed,14.0,0,This issue is affecting my work and I am unhappy.,3
TKT-02287,CUST-1352,Shipping,Late Delivery,High,Priya,Chat,2025-08-13,2025-08-14 00:00:00,2025-08-13 21:00:00,Closed,21.0,0,Can you check the status of my request?,4
TKT-02288,CUST-1794,Billing,Product Question,Medium,Mia,Web Form,2025-12-23,2025-12-25 00:00:00,2025-12-24 12:00:00,Closed,36.0,4,The support team has been helpful so far.,5
TKT-02289,CUST-1806,Account Management,Login Issue,Low,Sarah,Web Form,2025-04-05,2025-04-08 00:00:00,2025-04-05 21:00:00,Closed,21.0,1,I would like an update on my ticket.,4
TKT-02290,CUST-1938,Product Support,Login Issue,Medium,Mia,Phone,2025-04-03,2025-04-05 00:00:00,2025-04-05 09:00:00,Closed,57.0,1,I have contacted support multiple times and nobody has helped me.,2
TKT-02291,CUST-1444,Account Management,Account Verification,Medium,Ava,Chat,2025-01-16,2025-01-18 00:00:00,2025-01-19 04:00:00,Closed,76.0,0,I would like an update on my ticket.,4
TKT-02292,CUST-1253,Product Support,Subscription Cancellation,Medium,Ethan,Web Form,2025-01-15,2025-01-17 00:00:00,2025-01-15 13:00:00,Closed,13.0,0,I am having an issue and need assistance.,3
TKT-02293,CUST-1515,Account Management,Refund Delay,Critical,Priya,Email,2025-12-05,2025-12-05 08:00:00,2025-12-06 10:00:00,Closed,34.0,0,This issue is affecting my work and I am unhappy.,1
TKT-02294,CUST-1439,Account Management,Payment Failure,Low,Noah,Phone,2025-09-02,2025-09-05 00:00:00,,Open,,0,I would like an update on my ticket.,4
TKT-02295,CUST-1177,Billing,Late Delivery,Medium,Ethan,Phone,2025-02-04,2025-02-06 00:00:00,,Open,,1,I would like an update on my ticket.,4
TKT-02296,CUST-1321,Account Management,Account Verification,High,Mia,Email,2025-11-21,2025-11-22 00:00:00,,Open,,2,Can you check the status of my request?,3
TKT-02297,CUST-1372,Product Support,Refund Delay,Low,Noah,Chat,2025-03-12,2025-03-15 00:00:00,2025-03-13 12:00:00,Closed,36.0,2,Please help me understand what happened.,3
TKT-02298,CUST-1702,Shipping,Login Issue,High,Ethan,Web Form,2025-07-19,2025-07-20 00:00:00,2025-07-20 00:00:00,Closed,24.0,2,I need help with my account.,4
TKT-02299,CUST-1575,Shipping,Bug Report,Medium,Sarah,Web Form,2025-12-08,2025-12-10 00:00:00,2025-12-11 18:00:00,Closed,90.0,0,Please help me understand what happened.,3
TKT-02300,CUST-1541,Shipping,Late Delivery,Low,David,Chat,2025-10-28,2025-10-31 00:00:00,2025-10-30 19:00:00,Escalated,67.0,0,I am having an issue and need assistance.,4
TKT-02301,CUST-1911,Technical Support,Product Question,Critical,Ethan,Phone,2025-06-03,2025-06-03 08:00:00,2025-06-03 19:00:00,Closed,19.0,1,I need help with my account.,4
TKT-02302,CUST-1881,Product Support,Late Delivery,Medium,Ethan,Chat,2025-11-27,2025-11-29 00:00:00,2025-11-29 15:00:00,Closed,63.0,0,I am having an issue and need assistance.,4
TKT-02303,CUST-1840,Account Management,Account Verification,Medium,Liam,Chat,2025-02-14,2025-02-16 00:00:00,2025-02-16 01:00:00,Closed,49.0,0,Can you check the status of my request?,3
TKT-02304,CUST-1713,Billing,Login Issue,Low,Noah,Phone,2025-12-09,2025-12-12 00:00:00,2025-12-10 10:00:00,Closed,34.0,0,I am having an issue and need assistance.,3
TKT-02305,CUST-1324,Shipping,Bug Report,Low,Sarah,Email,2025-06-25,2025-06-28 00:00:00,2025-06-27 00:00:00,Closed,48.0,0,I would like an update on my ticket.,3
TKT-02306,CUST-1827,Billing,Product Question,Critical,Liam,Web Form,2025-12-31,2025-12-31 08:00:00,2026-01-01 16:00:00,Escalated,40.0,3,Can you check the status of my request?,3
TKT-02307,CUST-1793,Product Support,Bug Report,High,Sarah,Phone,2025-02-04,2025-02-05 00:00:00,2025-02-05 18:00:00,Closed,42.0,0,Thank you for the update.,4
TKT-02308,CUST-1140,Account Management,Late Delivery,Medium,Sarah,Phone,2025-11-21,2025-11-23 00:00:00,2025-11-23 13:00:00,Closed,61.0,0,I want to cancel if this is not resolved today.,2
TKT-02309,CUST-1621,Account Management,Bug Report,High,Ethan,Web Form,2025-04-08,2025-04-09 00:00:00,,Open,,0,Please help me understand what happened.,3
TKT-02310,CUST-1649,Billing,Bug Report,High,Mia,Email,2025-04-07,2025-04-08 00:00:00,,Open,,2,I would like an update on my ticket.,3
TKT-02311,CUST-1616,Shipping,Bug Report,High,Sarah,Chat,2025-06-06,2025-06-07 00:00:00,2025-06-08 12:00:00,Closed,60.0,0,Can you check the status of my request?,3
TKT-02312,CUST-1320,Technical Support,Bug Report,Low,Mia,Phone,2025-04-07,2025-04-10 00:00:00,2025-04-09 16:00:00,Closed,64.0,0,Please help me understand what happened.,4
TKT-02313,CUST-1014,Product Support,Subscription Cancellation,Low,Priya,Chat,2025-02-01,2025-02-04 00:00:00,2025-02-02 06:00:00,Closed,30.0,4,I appreciate the quick response.,5
TKT-02314,CUST-1024,Product Support,Account Verification,High,Liam,Chat,2025-09-21,2025-09-22 00:00:00,2025-09-23 02:00:00,Closed,50.0,0,Can you check the status of my request?,3
TKT-02315,CUST-1451,Product Support,Refund Delay,Medium,Noah,Chat,2025-05-01,2025-05-03 00:00:00,2025-05-03 13:00:00,Closed,61.0,0,I am having an issue and need assistance.,4
TKT-02316,CUST-1930,Account Management,Login Issue,Medium,Ethan,Phone,2025-09-01,2025-09-03 00:00:00,2025-09-03 03:00:00,Closed,51.0,0,I need help with my account.,3
TKT-02317,CUST-1060,Account Management,Payment Failure,Medium,David,Chat,2025-10-25,2025-10-27 00:00:00,2025-10-26 00:00:00,Closed,24.0,2,I have contacted support multiple times and nobody has helped me.,2
TKT-02318,CUST-1831,Billing,Account Verification,High,Liam,Chat,2025-10-19,2025-10-20 00:00:00,2025-10-21 14:00:00,Escalated,62.0,1,Can you check the status of my request?,4
TKT-02319,CUST-1613,Account Management,Product Question,Low,Noah,Chat,2025-11-05,2025-11-08 00:00:00,2025-11-08 17:00:00,Escalated,89.0,1,The issue was handled well.,5
TKT-02320,CUST-1090,Technical Support,Bug Report,Medium,Noah,Phone,2025-04-03,2025-04-05 00:00:00,,Open,,2,I am tired of waiting for a response.,3
TKT-02321,CUST-1095,Billing,Refund Delay,High,Priya,Chat,2025-07-21,2025-07-22 00:00:00,2025-07-23 10:00:00,Closed,58.0,0,This issue is affecting my work and I am unhappy.,3
TKT-02322,CUST-1867,Shipping,Late Delivery,Low,Ava,Email,2025-08-26,2025-08-29 00:00:00,2025-08-27 07:00:00,Closed,31.0,1,Please help me understand what happened.,3
TKT-02323,CUST-1921,Product Support,Product Question,High,David,Web Form,2025-02-24,2025-02-25 00:00:00,,Open,,0,Thank you for the update.,4
TKT-02324,CUST-1987,Billing,Payment Failure,Low,Mia,Phone,2025-09-21,2025-09-24 00:00:00,2025-09-24 07:00:00,Closed,79.0,1,The support team has been helpful so far.,5
TKT-02325,CUST-1291,Account Management,Refund Delay,Low,Priya,Web Form,2025-11-23,2025-11-26 00:00:00,2025-11-26 01:00:00,Closed,73.0,1,This issue is affecting my work and I am unhappy.,3
TKT-02326,CUST-1110,Billing,Bug Report,Medium,Sarah,Chat,2025-06-20,2025-06-22 00:00:00,2025-06-23 23:00:00,Escalated,95.0,2,I want to cancel if this is not resolved today.,2
TKT-02327,CUST-1458,Account Management,Payment Failure,Medium,Sarah,Phone,2025-12-27,2025-12-29 00:00:00,2025-12-29 06:00:00,Closed,54.0,0,The support team has been helpful so far.,4
TKT-02328,CUST-1749,Shipping,Late Delivery,Low,Sarah,Phone,2025-09-22,2025-09-25 00:00:00,2025-09-23 20:00:00,Closed,44.0,0,I am tired of waiting for a response.,1
TKT-02329,CUST-1219,Shipping,Bug Report,Medium,David,Chat,2025-08-21,2025-08-23 00:00:00,2025-08-23 10:00:00,Closed,58.0,0,The issue was handled well.,5
TKT-02330,CUST-1370,Billing,Late Delivery,Medium,Ethan,Email,2025-10-07,2025-10-09 00:00:00,2025-10-08 20:00:00,Closed,44.0,1,Thank you for the update.,4
TKT-02331,CUST-1824,Technical Support,Subscription Cancellation,High,Liam,Chat,2025-03-27,2025-03-28 00:00:00,2025-03-27 19:00:00,Closed,19.0,3,I need help with my account.,4
TKT-02332,CUST-1318,Account Management,Bug Report,Low,Ava,Web Form,2025-10-03,2025-10-06 00:00:00,2025-10-05 11:00:00,Closed,59.0,1,The issue was handled well.,4
TKT-02333,CUST-1215,Shipping,Payment Failure,Medium,Sarah,Web Form,2025-11-08,2025-11-10 00:00:00,2025-11-11 07:00:00,Escalated,79.0,2,I would like an update on my ticket.,4
TKT-02334,CUST-1386,Product Support,Payment Failure,Medium,David,Email,2025-09-29,2025-10-01 00:00:00,2025-10-01 02:00:00,Closed,50.0,1,The issue was handled well.,4
TKT-02335,CUST-1169,Account Management,Late Delivery,Low,Mia,Phone,2025-08-18,2025-08-21 00:00:00,2025-08-19 08:00:00,Closed,32.0,3,I want to cancel if this is not resolved today.,3
TKT-02336,CUST-1102,Account Management,Refund Delay,High,Priya,Web Form,2025-04-01,2025-04-02 00:00:00,,Open,,0,I need help with my account.,4
TKT-02337,CUST-1278,Shipping,Payment Failure,Low,Ava,Web Form,2025-09-20,2025-09-23 00:00:00,,Open,,2,Please help me understand what happened.,3
TKT-02338,CUST-1870,Shipping,Subscription Cancellation,High,Liam,Phone,2025-02-12,2025-02-13 00:00:00,2025-02-13 19:00:00,Closed,43.0,0,I am having an issue and need assistance.,3
TKT-02339,CUST-1823,Product Support,Account Verification,Medium,Liam,Email,2025-10-06,2025-10-08 00:00:00,2025-10-10 01:00:00,Closed,97.0,0,I would like an update on my ticket.,3
TKT-02340,CUST-1513,Technical Support,Account Verification,Medium,Ethan,Chat,2025-11-20,2025-11-22 00:00:00,2025-11-24 01:00:00,Closed,97.0,2,The support team has been helpful so far.,4
TKT-02341,CUST-1778,Shipping,Late Delivery,Low,Mia,Chat,2025-10-24,2025-10-27 00:00:00,2025-10-25 00:00:00,Closed,24.0,0,This issue is affecting my work and I am unhappy.,3
TKT-02342,CUST-1853,Technical Support,Login Issue,Medium,Ava,Chat,2025-02-10,2025-02-12 00:00:00,2025-02-13 09:00:00,Closed,81.0,1,Can you check the status of my request?,3
TKT-02343,CUST-1671,Billing,Late Delivery,Medium,Ava,Chat,2025-02-20,2025-02-22 00:00:00,2025-02-23 14:00:00,Escalated,86.0,1,Thanks for helping me with this issue.,4
TKT-02344,CUST-1116,Product Support,Login Issue,Critical,Sarah,Phone,2025-04-19,2025-04-19 08:00:00,2025-04-19 21:00:00,Closed,21.0,0,I would like an update on my ticket.,4
TKT-02345,CUST-1144,Shipping,Login Issue,Medium,Ethan,Phone,2025-08-11,2025-08-13 00:00:00,,Open,,1,Can you check the status of my request?,4
TKT-02346,CUST-1183,Product Support,Late Delivery,High,Priya,Email,2025-01-24,2025-01-25 00:00:00,2025-01-24 04:00:00,Escalated,4.0,0,I would like an update on my ticket.,3
TKT-02347,CUST-1728,Technical Support,Late Delivery,Low,Ava,Email,2025-07-11,2025-07-14 00:00:00,2025-07-14 22:00:00,Closed,94.0,0,I am tired of waiting for a response.,1
TKT-02348,CUST-1977,Account Management,Payment Failure,Low,Mia,Email,2025-03-25,2025-03-28 00:00:00,2025-03-25 23:00:00,Closed,23.0,1,This is very frustrating and I need this fixed immediately.,3
TKT-02349,CUST-1754,Technical Support,Late Delivery,High,Ethan,Email,2025-02-21,2025-02-22 00:00:00,2025-02-22 15:00:00,Closed,39.0,0,I want to cancel if this is not resolved today.,2
TKT-02350,CUST-1629,Technical Support,Refund Delay,Low,Noah,Phone,2025-04-07,2025-04-10 00:00:00,2025-04-11 21:00:00,Closed,117.0,0,The support team has been helpful so far.,4
TKT-02351,CUST-1062,Product Support,Subscription Cancellation,Low,David,Chat,2025-11-25,2025-11-28 00:00:00,2025-11-25 14:00:00,Closed,14.0,0,I am having an issue and need assistance.,3
TKT-02352,CUST-1516,Shipping,Refund Delay,Medium,David,Email,2025-09-28,2025-09-30 00:00:00,2025-10-02 01:00:00,Closed,97.0,4,Can you check the status of my request?,4
TKT-02353,CUST-1237,Shipping,Payment Failure,Medium,Ethan,Email,2025-01-04,2025-01-06 00:00:00,2025-01-05 13:00:00,Closed,37.0,1,I am tired of waiting for a response.,3
TKT-02354,CUST-1191,Shipping,Bug Report,High,Ava,Email,2025-09-12,2025-09-13 00:00:00,2025-09-13 18:00:00,Closed,42.0,0,This is very frustrating and I need this fixed immediately.,3
TKT-02355,CUST-1546,Product Support,Refund Delay,Low,Liam,Chat,2025-01-06,2025-01-09 00:00:00,,Open,,0,Can you check the status of my request?,4
TKT-02356,CUST-1821,Billing,Login Issue,High,Ava,Phone,2025-01-16,2025-01-17 00:00:00,2025-01-16 20:00:00,Closed,20.0,1,I am having an issue and need assistance.,4
TKT-02357,CUST-1915,Billing,Login Issue,Medium,Sarah,Phone,2025-10-04,2025-10-06 00:00:00,2025-10-07 12:00:00,Closed,84.0,4,I need help with my account.,3
TKT-02358,CUST-1102,Shipping,Refund Delay,Medium,Ava,Phone,2025-11-21,2025-11-23 00:00:00,2025-11-24 20:00:00,Closed,92.0,1,Thanks for helping me with this issue.,4
TKT-02359,CUST-1581,Shipping,Bug Report,Medium,Ethan,Web Form,2025-08-26,2025-08-28 00:00:00,2025-08-29 01:00:00,Closed,73.0,0,The issue was handled well.,4
TKT-02360,CUST-1980,Technical Support,Login Issue,Medium,Priya,Phone,2025-02-08,2025-02-10 00:00:00,,Open,,1,I am having an issue and need assistance.,4
TKT-02361,CUST-1536,Technical Support,Subscription Cancellation,Medium,Mia,Web Form,2025-08-24,2025-08-26 00:00:00,2025-08-26 09:00:00,Closed,57.0,3,Can you check the status of my request?,4
TKT-02362,CUST-1716,Product Support,Product Question,High,David,Web Form,2025-03-31,2025-04-01 00:00:00,2025-04-01 19:00:00,Closed,43.0,2,I have contacted support multiple times and nobody has helped me.,1
TKT-02363,CUST-1254,Shipping,Refund Delay,High,Liam,Web Form,2025-12-07,2025-12-08 00:00:00,,Open,,0,Can you check the status of my request?,4
TKT-02364,CUST-1341,Product Support,Account Verification,Medium,Sarah,Phone,2025-03-09,2025-03-11 00:00:00,2025-03-10 22:00:00,Closed,46.0,0,This issue is affecting my work and I am unhappy.,1
TKT-02365,CUST-1094,Technical Support,Account Verification,High,Ava,Web Form,2025-11-19,2025-11-20 00:00:00,2025-11-23 00:00:00,Closed,96.0,0,I appreciate the quick response.,4
TKT-02366,CUST-1373,Shipping,Payment Failure,Medium,Priya,Phone,2025-04-01,2025-04-03 00:00:00,,Open,,1,Can you check the status of my request?,3
TKT-02367,CUST-1271,Account Management,Refund Delay,Medium,Priya,Phone,2025-07-05,2025-07-07 00:00:00,2025-07-08 10:00:00,Closed,82.0,0,The issue was handled well.,5
TKT-02368,CUST-1243,Product Support,Subscription Cancellation,Medium,David,Web Form,2025-11-25,2025-11-27 00:00:00,2025-11-26 05:00:00,Closed,29.0,1,I am having an issue and need assistance.,4
TKT-02369,CUST-1295,Product Support,Login Issue,High,Noah,Chat,2025-11-16,2025-11-17 00:00:00,,Open,,1,I appreciate the quick response.,5
TKT-02370,CUST-1062,Technical Support,Product Question,Low,Ethan,Chat,2025-06-15,2025-06-18 00:00:00,,Open,,1,The support team has been helpful so far.,4
TKT-02371,CUST-1347,Account Management,Bug Report,High,Priya,Phone,2025-11-30,2025-12-01 00:00:00,,Open,,0,Can you check the status of my request?,3
TKT-02372,CUST-1655,Account Management,Late Delivery,Medium,Liam,Email,2025-01-14,2025-01-16 00:00:00,2025-01-14 19:00:00,Closed,19.0,0,This issue is affecting my work and I am unhappy.,3
TKT-02373,CUST-1828,Account Management,Late Delivery,Medium,Ava,Email,2025-05-18,2025-05-20 00:00:00,,Open,,1,Thanks for helping me with this issue.,5
TKT-02374,CUST-1346,Product Support,Payment Failure,Low,Ethan,Phone,2025-11-07,2025-11-10 00:00:00,2025-11-08 01:00:00,Closed,25.0,1,I have contacted support multiple times and nobody has helped me.,2
TKT-02375,CUST-1045,Billing,Payment Failure,Low,Priya,Web Form,2025-02-12,2025-02-15 00:00:00,2025-02-14 17:00:00,Closed,65.0,0,I have contacted support multiple times and nobody has helped me.,2
TKT-02376,CUST-1909,Billing,Subscription Cancellation,High,Mia,Web Form,2025-03-26,2025-03-27 00:00:00,2025-03-27 17:00:00,Closed,41.0,0,Thank you for the update.,5
TKT-02377,CUST-1896,Billing,Subscription Cancellation,High,Priya,Chat,2025-07-10,2025-07-11 00:00:00,2025-07-12 11:00:00,Closed,59.0,2,This issue is affecting my work and I am unhappy.,3
TKT-02378,CUST-1173,Shipping,Late Delivery,Low,Ava,Email,2025-05-27,2025-05-30 00:00:00,2025-05-27 22:00:00,Closed,22.0,0,Can you check the status of my request?,4
TKT-02379,CUST-1719,Technical Support,Payment Failure,Low,David,Phone,2025-03-28,2025-03-31 00:00:00,2025-04-01 00:00:00,Escalated,96.0,1,Can you check the status of my request?,4
TKT-02380,CUST-1454,Product Support,Late Delivery,Medium,Ava,Phone,2025-06-10,2025-06-12 00:00:00,2025-06-12 21:00:00,Closed,69.0,1,Can you check the status of my request?,4
TKT-02381,CUST-1583,Account Management,Refund Delay,Medium,Noah,Email,2025-07-08,2025-07-10 00:00:00,2025-07-10 18:00:00,Closed,66.0,0,I appreciate the quick response.,4
TKT-02382,CUST-1216,Billing,Account Verification,Medium,Sarah,Email,2025-03-10,2025-03-12 00:00:00,2025-03-14 08:00:00,Escalated,104.0,0,Thank you for the update.,5
TKT-02383,CUST-1679,Shipping,Subscription Cancellation,Medium,Sarah,Email,2025-09-06,2025-09-08 00:00:00,2025-09-06 18:00:00,Closed,18.0,0,Please help me understand what happened.,3
TKT-02384,CUST-1329,Technical Support,Payment Failure,Medium,Priya,Email,2025-09-27,2025-09-29 00:00:00,2025-09-28 15:00:00,Closed,39.0,0,I would like an update on my ticket.,3
TKT-02385,CUST-1943,Account Management,Bug Report,Low,Mia,Phone,2025-11-25,2025-11-28 00:00:00,,Open,,1,The issue was handled well.,5
TKT-02386,CUST-1429,Shipping,Bug Report,Medium,Liam,Web Form,2025-05-10,2025-05-12 00:00:00,2025-05-12 23:00:00,Closed,71.0,0,I would like an update on my ticket.,4
TKT-02387,CUST-1898,Account Management,Refund Delay,Low,Ethan,Phone,2025-03-28,2025-03-31 00:00:00,2025-03-30 11:00:00,Closed,59.0,1,This issue is affecting my work and I am unhappy.,2
TKT-02388,CUST-1000,Technical Support,Account Verification,High,Sarah,Web Form,2025-05-11,2025-05-12 00:00:00,,Open,,1,I need help with my account.,4
TKT-02389,CUST-1724,Billing,Subscription Cancellation,High,David,Email,2025-03-07,2025-03-08 00:00:00,,Open,,0,I am having an issue and need assistance.,3
TKT-02390,CUST-1523,Technical Support,Product Question,Medium,Liam,Phone,2025-03-24,2025-03-26 00:00:00,2025-03-26 09:00:00,Closed,57.0,0,I appreciate the quick response.,4
TKT-02391,CUST-1666,Shipping,Late Delivery,Low,Liam,Chat,2025-05-15,2025-05-18 00:00:00,2025-05-17 16:00:00,Closed,64.0,1,Can you check the status of my request?,3
TKT-02392,CUST-1251,Account Management,Bug Report,Critical,Liam,Chat,2025-12-21,2025-12-21 08:00:00,2025-12-22 14:00:00,Escalated,38.0,0,The issue was handled well.,4
TKT-02393,CUST-1645,Technical Support,Account Verification,Low,David,Phone,2025-05-25,2025-05-28 00:00:00,2025-05-27 07:00:00,Closed,55.0,3,The support team has been helpful so far.,4
TKT-02394,CUST-1801,Product Support,Account Verification,Low,Ethan,Email,2025-03-23,2025-03-26 00:00:00,2025-03-24 17:00:00,Closed,41.0,5,This issue is affecting my work and I am unhappy.,2
TKT-02395,CUST-1628,Account Management,Product Question,Low,Sarah,Phone,2025-08-22,2025-08-25 00:00:00,2025-08-24 12:00:00,Closed,60.0,1,I appreciate the quick response.,4
TKT-02396,CUST-1196,Shipping,Subscription Cancellation,Low,Noah,Email,2025-01-26,2025-01-29 00:00:00,2025-01-27 05:00:00,Closed,29.0,0,I need help with my account.,3
TKT-02397,CUST-1017,Technical Support,Account Verification,Medium,Noah,Chat,2025-07-06,2025-07-08 00:00:00,,Open,,0,The issue was handled well.,5
TKT-02398,CUST-1834,Account Management,Late Delivery,High,Sarah,Email,2025-07-17,2025-07-18 00:00:00,2025-07-19 01:00:00,Closed,49.0,5,I am tired of waiting for a response.,2
TKT-02399,CUST-1255,Product Support,Product Question,Medium,Noah,Web Form,2025-05-27,2025-05-29 00:00:00,2025-05-28 15:00:00,Closed,39.0,1,I want to cancel if this is not resolved today.,2
TKT-02400,CUST-1634,Billing,Late Delivery,Medium,Ava,Web Form,2025-10-18,2025-10-20 00:00:00,2025-10-21 06:00:00,Closed,78.0,0,I am tired of waiting for a response.,3
TKT-02401,CUST-1911,Technical Support,Product Question,Medium,Noah,Chat,2025-07-11,2025-07-13 00:00:00,2025-07-13 03:00:00,Escalated,51.0,1,I want to cancel if this is not resolved today.,3
TKT-02402,CUST-1442,Product Support,Subscription Cancellation,High,David,Email,2025-07-16,2025-07-17 00:00:00,2025-07-18 03:00:00,Closed,51.0,2,I am having an issue and need assistance.,4
TKT-02403,CUST-1507,Shipping,Bug Report,Low,Ava,Email,2025-05-13,2025-05-16 00:00:00,2025-05-15 08:00:00,Closed,56.0,3,I want to cancel if this is not resolved today.,2
TKT-02404,CUST-1462,Product Support,Bug Report,Medium,Ethan,Email,2025-02-05,2025-02-07 00:00:00,2025-02-08 23:00:00,Closed,95.0,2,I appreciate the quick response.,5
TKT-02405,CUST-1507,Billing,Account Verification,Medium,Mia,Phone,2025-01-23,2025-01-25 00:00:00,2025-01-26 22:00:00,Closed,94.0,1,I have contacted support multiple times and nobody has helped me.,3
TKT-02406,CUST-1821,Technical Support,Subscription Cancellation,High,Sarah,Email,2025-12-11,2025-12-12 00:00:00,2025-12-12 17:00:00,Closed,41.0,0,I would like an update on my ticket.,3
TKT-02407,CUST-1778,Billing,Payment Failure,High,David,Web Form,2025-06-15,2025-06-16 00:00:00,2025-06-17 02:00:00,Closed,50.0,1,This is very frustrating and I need this fixed immediately.,1
TKT-02408,CUST-1709,Product Support,Payment Failure,Medium,David,Email,2025-07-01,2025-07-03 00:00:00,2025-07-03 14:00:00,Closed,62.0,1,Please help me understand what happened.,3
TKT-02409,CUST-1417,Shipping,Bug Report,High,Sarah,Email,2025-08-04,2025-08-05 00:00:00,2025-08-06 02:00:00,Closed,50.0,0,This issue is affecting my work and I am unhappy.,2
TKT-02410,CUST-1928,Billing,Bug Report,Medium,David,Phone,2025-03-03,2025-03-05 00:00:00,2025-03-04 23:00:00,Closed,47.0,0,Can you check the status of my request?,4
TKT-02411,CUST-1865,Shipping,Login Issue,Medium,David,Web Form,2025-11-07,2025-11-09 00:00:00,2025-11-07 16:00:00,Closed,16.0,0,I want to cancel if this is not resolved today.,2
TKT-02412,CUST-1506,Shipping,Payment Failure,Medium,Priya,Web Form,2025-10-20,2025-10-22 00:00:00,2025-10-22 12:00:00,Closed,60.0,0,I am having an issue and need assistance.,3
TKT-02413,CUST-1288,Billing,Subscription Cancellation,High,Sarah,Chat,2025-04-03,2025-04-04 00:00:00,2025-04-05 19:00:00,Closed,67.0,0,This is very frustrating and I need this fixed immediately.,2
TKT-02414,CUST-1683,Account Management,Refund Delay,Low,Sarah,Chat,2025-02-25,2025-02-28 00:00:00,2025-03-02 04:00:00,Closed,124.0,1,I need help with my account.,4
TKT-02415,CUST-1465,Shipping,Account Verification,High,Ava,Web Form,2025-03-18,2025-03-19 00:00:00,2025-03-18 18:00:00,Closed,18.0,1,I am having an issue and need assistance.,4
TKT-02416,CUST-1875,Shipping,Payment Failure,Medium,Priya,Chat,2025-11-08,2025-11-10 00:00:00,2025-11-09 23:00:00,Closed,47.0,0,Thanks for helping me with this issue.,4
TKT-02417,CUST-1699,Technical Support,Product Question,Low,Liam,Chat,2025-06-07,2025-06-10 00:00:00,,Open,,5,I am having an issue and need assistance.,3
TKT-02418,CUST-1517,Technical Support,Bug Report,High,Noah,Email,2025-10-13,2025-10-14 00:00:00,2025-10-15 11:00:00,Closed,59.0,3,I want to cancel if this is not resolved today.,2
TKT-02419,CUST-1828,Account Management,Late Delivery,Medium,David,Chat,2025-11-29,2025-12-01 00:00:00,2025-11-29 21:00:00,Closed,21.0,0,I would like an update on my ticket.,3
TKT-02420,CUST-1344,Technical Support,Payment Failure,Medium,Sarah,Chat,2025-07-20,2025-07-22 00:00:00,2025-07-22 18:00:00,Closed,66.0,0,I am having an issue and need assistance.,4
TKT-02421,CUST-1159,Billing,Account Verification,Low,Ethan,Email,2025-03-30,2025-04-02 00:00:00,2025-04-04 06:00:00,Closed,126.0,1,I need help with my account.,3
TKT-02422,CUST-1412,Shipping,Bug Report,Low,Ethan,Phone,2025-08-01,2025-08-04 00:00:00,,Open,,2,I have contacted support multiple times and nobody has helped me.,2
TKT-02423,CUST-1512,Product Support,Product Question,Medium,Ethan,Email,2025-03-06,2025-03-08 00:00:00,,Open,,1,I want to cancel if this is not resolved today.,1
TKT-02424,CUST-1251,Shipping,Late Delivery,High,Liam,Chat,2025-01-03,2025-01-04 00:00:00,2025-01-03 11:00:00,Closed,11.0,0,I would like an update on my ticket.,3
TKT-02425,CUST-1859,Account Management,Login Issue,Medium,David,Web Form,2025-07-31,2025-08-02 00:00:00,2025-08-01 01:00:00,Escalated,25.0,2,This issue is affecting my work and I am unhappy.,1
TKT-02426,CUST-1878,Product Support,Bug Report,Medium,Ava,Chat,2025-10-16,2025-10-18 00:00:00,,Open,,0,I am tired of waiting for a response.,3
TKT-02427,CUST-1916,Shipping,Product Question,Medium,Sarah,Web Form,2025-02-09,2025-02-11 00:00:00,2025-02-12 05:00:00,Closed,77.0,0,I have contacted support multiple times and nobody has helped me.,3
TKT-02428,CUST-1774,Product Support,Login Issue,Medium,David,Web Form,2025-08-16,2025-08-18 00:00:00,2025-08-17 08:00:00,Closed,32.0,1,I am tired of waiting for a response.,3
TKT-02429,CUST-1722,Technical Support,Payment Failure,High,Noah,Phone,2025-02-14,2025-02-15 00:00:00,2025-02-14 21:00:00,Closed,21.0,2,Please help me understand what happened.,3
TKT-02430,CUST-1966,Product Support,Product Question,Medium,Ethan,Chat,2025-01-01,2025-01-03 00:00:00,2025-01-01 11:00:00,Escalated,11.0,2,I would like an update on my ticket.,3
TKT-02431,CUST-1917,Billing,Late Delivery,Low,Sarah,Web Form,2025-09-02,2025-09-05 00:00:00,2025-09-04 22:00:00,Closed,70.0,0,I am having an issue and need assistance.,3
TKT-02432,CUST-1500,Account Management,Bug Report,Medium,Ava,Web Form,2025-11-24,2025-11-26 00:00:00,,Open,,1,Can you check the status of my request?,4
TKT-02433,CUST-1435,Account Management,Refund Delay,Medium,Sarah,Web Form,2025-04-14,2025-04-16 00:00:00,,Open,,0,I am tired of waiting for a response.,2
TKT-02434,CUST-1990,Product Support,Product Question,High,Liam,Email,2025-07-01,2025-07-02 00:00:00,2025-07-02 07:00:00,Closed,31.0,3,I need help with my account.,3
TKT-02435,CUST-1313,Product Support,Late Delivery,Medium,Sarah,Chat,2025-06-11,2025-06-13 00:00:00,,Open,,1,I would like an update on my ticket.,3
TKT-02436,CUST-1214,Billing,Login Issue,High,Sarah,Email,2025-06-11,2025-06-12 00:00:00,2025-06-13 10:00:00,Closed,58.0,3,I need help with my account.,4
TKT-02437,CUST-1618,Product Support,Bug Report,Medium,Ethan,Chat,2025-11-19,2025-11-21 00:00:00,2025-11-23 10:00:00,Closed,106.0,1,I have contacted support multiple times and nobody has helped me.,3
TKT-02438,CUST-1670,Shipping,Login Issue,Low,David,Web Form,2025-09-12,2025-09-15 00:00:00,2025-09-12 20:00:00,Closed,20.0,4,Can you check the status of my request?,4
TKT-02439,CUST-1064,Technical Support,Bug Report,Medium,Noah,Email,2025-10-26,2025-10-28 00:00:00,,Open,,0,I would like an update on my ticket.,4
TKT-02440,CUST-1861,Technical Support,Bug Report,Medium,Ava,Chat,2025-03-13,2025-03-15 00:00:00,2025-03-18 05:00:00,Escalated,125.0,0,Please help me understand what happened.,3
TKT-02441,CUST-1540,Product Support,Bug Report,High,Noah,Chat,2025-06-08,2025-06-09 00:00:00,2025-06-10 17:00:00,Closed,65.0,1,Can you check the status of my request?,3
TKT-02442,CUST-1955,Billing,Account Verification,Medium,Mia,Chat,2025-11-21,2025-11-23 00:00:00,2025-11-23 09:00:00,Closed,57.0,0,Thanks for helping me with this issue.,5
TKT-02443,CUST-1862,Shipping,Login Issue,Medium,Noah,Chat,2025-04-25,2025-04-27 00:00:00,2025-04-25 17:00:00,Closed,17.0,0,Please help me understand what happened.,4
TKT-02444,CUST-1034,Account Management,Product Question,Low,Mia,Chat,2025-01-18,2025-01-21 00:00:00,2025-01-19 17:00:00,Escalated,41.0,5,Please help me understand what happened.,4
TKT-02445,CUST-1777,Shipping,Late Delivery,Low,Ava,Chat,2025-08-02,2025-08-05 00:00:00,2025-08-02 13:00:00,Closed,13.0,0,This is very frustrating and I need this fixed immediately.,2
TKT-02446,CUST-1714,Product Support,Product Question,Medium,Mia,Web Form,2025-06-15,2025-06-17 00:00:00,2025-06-17 19:00:00,Escalated,67.0,0,This issue is affecting my work and I am unhappy.,2
TKT-02447,CUST-1830,Shipping,Login Issue,Medium,Priya,Phone,2025-04-28,2025-04-30 00:00:00,2025-04-30 05:00:00,Closed,53.0,2,I am tired of waiting for a response.,3
TKT-02448,CUST-1322,Product Support,Late Delivery,Critical,David,Chat,2025-08-03,2025-08-03 08:00:00,,Open,,0,Thanks for helping me with this issue.,4
TKT-02449,CUST-1676,Account Management,Product Question,High,Liam,Phone,2025-02-08,2025-02-09 00:00:00,,Open,,1,I appreciate the quick response.,4
TKT-02450,CUST-1052,Account Management,Refund Delay,Critical,Liam,Chat,2025-02-04,2025-02-04 08:00:00,2025-02-05 23:00:00,Closed,47.0,0,I would like an update on my ticket.,4
TKT-02451,CUST-1285,Technical Support,Subscription Cancellation,High,David,Web Form,2025-04-14,2025-04-15 00:00:00,2025-04-17 03:00:00,Closed,75.0,0,I am tired of waiting for a response.,1
TKT-02452,CUST-1984,Shipping,Product Question,Low,Noah,Phone,2025-06-22,2025-06-25 00:00:00,2025-06-25 00:00:00,Closed,72.0,1,The support team has been helpful so far.,4
TKT-02453,CUST-1957,Shipping,Late Delivery,Medium,Sarah,Email,2025-12-07,2025-12-09 00:00:00,2025-12-09 09:00:00,Closed,57.0,1,This issue is affecting my work and I am unhappy.,3
TKT-02454,CUST-1423,Account Management,Subscription Cancellation,Medium,Mia,Chat,2025-11-20,2025-11-22 00:00:00,2025-11-20 11:00:00,Closed,11.0,0,Please help me understand what happened.,3
TKT-02455,CUST-1522,Product Support,Login Issue,Medium,Liam,Email,2025-11-09,2025-11-11 00:00:00,2025-11-10 06:00:00,Closed,30.0,2,This is very frustrating and I need this fixed immediately.,1
TKT-02456,CUST-1087,Billing,Payment Failure,Low,Liam,Phone,2025-02-18,2025-02-21 00:00:00,2025-02-21 19:00:00,Closed,91.0,3,I am having an issue and need assistance.,3
TKT-02457,CUST-1315,Shipping,Refund Delay,Low,Liam,Phone,2025-07-25,2025-07-28 00:00:00,2025-07-27 16:00:00,Closed,64.0,1,I am having an issue and need assistance.,3
TKT-02458,CUST-1537,Account Management,Payment Failure,Medium,Noah,Web Form,2025-09-15,2025-09-17 00:00:00,2025-09-17 15:00:00,Closed,63.0,0,I am tired of waiting for a response.,1
TKT-02459,CUST-1215,Account Management,Late Delivery,High,Sarah,Phone,2025-07-17,2025-07-18 00:00:00,2025-07-17 23:00:00,Closed,23.0,1,I would like an update on my ticket.,3
TKT-02460,CUST-1396,Billing,Late Delivery,High,Ethan,Chat,2025-09-24,2025-09-25 00:00:00,2025-09-25 15:00:00,Closed,39.0,0,I need help with my account.,4
TKT-02461,CUST-1584,Billing,Login Issue,Medium,Sarah,Chat,2025-09-21,2025-09-23 00:00:00,2025-09-23 03:00:00,Closed,51.0,1,This issue is affecting my work and I am unhappy.,2
TKT-02462,CUST-1441,Billing,Login Issue,Medium,Liam,Phone,2025-11-30,2025-12-02 00:00:00,2025-11-30 17:00:00,Closed,17.0,1,Can you check the status of my request?,4
TKT-02463,CUST-1166,Technical Support,Late Delivery,Medium,David,Phone,2025-06-06,2025-06-08 00:00:00,2025-06-08 18:00:00,Closed,66.0,1,This issue is affecting my work and I am unhappy.,1
TKT-02464,CUST-1187,Product Support,Bug Report,Low,Noah,Email,2025-09-19,2025-09-22 00:00:00,2025-09-21 12:00:00,Closed,60.0,5,I need help with my account.,3
TKT-02465,CUST-1923,Account Management,Refund Delay,Medium,Ava,Email,2025-08-15,2025-08-17 00:00:00,2025-08-18 12:00:00,Closed,84.0,0,This issue is affecting my work and I am unhappy.,1
TKT-02466,CUST-1440,Shipping,Subscription Cancellation,Low,Ava,Web Form,2025-07-19,2025-07-22 00:00:00,2025-07-22 02:00:00,Closed,74.0,1,This is very frustrating and I need this fixed immediately.,1
TKT-02467,CUST-1703,Shipping,Refund Delay,High,Priya,Chat,2025-04-19,2025-04-20 00:00:00,2025-04-21 09:00:00,Closed,57.0,2,I need help with my account.,3
TKT-02468,CUST-1239,Account Management,Late Delivery,Medium,David,Email,2025-03-28,2025-03-30 00:00:00,,Open,,0,Thank you for the update.,5
TKT-02469,CUST-1771,Technical Support,Account Verification,High,Ethan,Email,2025-05-11,2025-05-12 00:00:00,2025-05-13 15:00:00,Closed,63.0,3,This is very frustrating and I need this fixed immediately.,2
TKT-02470,CUST-1123,Product Support,Late Delivery,Low,Mia,Email,2025-07-02,2025-07-05 00:00:00,2025-07-03 11:00:00,Closed,35.0,3,I want to cancel if this is not resolved today.,1
TKT-02471,CUST-1244,Technical Support,Payment Failure,Medium,Mia,Phone,2025-01-24,2025-01-26 00:00:00,2025-01-24 23:00:00,Closed,23.0,3,Thank you for the update.,5
TKT-02472,CUST-1048,Billing,Account Verification,High,Mia,Phone,2025-01-24,2025-01-25 00:00:00,,Open,,0,I am having an issue and need assistance.,4
TKT-02473,CUST-1840,Technical Support,Product Question,Medium,David,Phone,2025-04-18,2025-04-20 00:00:00,2025-04-20 14:00:00,Closed,62.0,0,The issue was handled well.,5
TKT-02474,CUST-1676,Billing,Subscription Cancellation,Medium,Liam,Chat,2025-10-30,2025-11-01 00:00:00,2025-11-02 15:00:00,Escalated,87.0,2,I would like an update on my ticket.,4
TKT-02475,CUST-1586,Billing,Bug Report,Medium,David,Email,2025-10-13,2025-10-15 00:00:00,2025-10-15 07:00:00,Closed,55.0,0,I am having an issue and need assistance.,4
TKT-02476,CUST-1405,Technical Support,Login Issue,Medium,Ethan,Email,2025-09-06,2025-09-08 00:00:00,2025-09-06 21:00:00,Closed,21.0,1,I am tired of waiting for a response.,3
TKT-02477,CUST-1785,Shipping,Product Question,High,Ethan,Phone,2025-05-23,2025-05-24 00:00:00,2025-05-24 05:00:00,Escalated,29.0,0,Please help me understand what happened.,3
TKT-02478,CUST-1860,Shipping,Product Question,Medium,Mia,Email,2025-10-13,2025-10-15 00:00:00,2025-10-16 05:00:00,Closed,77.0,1,Can you check the status of my request?,4
TKT-02479,CUST-1135,Technical Support,Subscription Cancellation,Low,Liam,Chat,2025-07-06,2025-07-09 00:00:00,2025-07-07 18:00:00,Closed,42.0,2,Please help me understand what happened.,4
TKT-02480,CUST-1254,Account Management,Payment Failure,Medium,Ava,Chat,2025-12-08,2025-12-10 00:00:00,2025-12-10 14:00:00,Closed,62.0,0,I am having an issue and need assistance.,3
TKT-02481,CUST-1375,Shipping,Account Verification,Medium,Priya,Chat,2025-11-09,2025-11-11 00:00:00,2025-11-10 21:00:00,Closed,45.0,1,This is very frustrating and I need this fixed immediately.,3
TKT-02482,CUST-1855,Technical Support,Payment Failure,Low,David,Chat,2025-04-03,2025-04-06 00:00:00,2025-04-07 03:00:00,Closed,99.0,3,I appreciate the quick response.,5
TKT-02483,CUST-1546,Shipping,Product Question,Critical,Priya,Web Form,2025-04-14,2025-04-14 08:00:00,,Open,,4,The issue was handled well.,5
TKT-02484,CUST-1351,Billing,Subscription Cancellation,Medium,Sarah,Phone,2025-10-22,2025-10-24 00:00:00,,Open,,0,I am having an issue and need assistance.,3
TKT-02485,CUST-1911,Account Management,Account Verification,High,Sarah,Email,2025-01-27,2025-01-28 00:00:00,2025-01-29 04:00:00,Closed,52.0,4,I would like an update on my ticket.,4
TKT-02486,CUST-1396,Technical Support,Refund Delay,Medium,Mia,Email,2025-12-17,2025-12-19 00:00:00,2025-12-21 15:00:00,Closed,111.0,0,I want to cancel if this is not resolved today.,1
TKT-02487,CUST-1955,Shipping,Product Question,Low,Sarah,Chat,2025-06-07,2025-06-10 00:00:00,2025-06-07 20:00:00,Closed,20.0,0,This issue is affecting my work and I am unhappy.,2
TKT-02488,CUST-1933,Billing,Late Delivery,Medium,Ethan,Chat,2025-10-09,2025-10-11 00:00:00,,Open,,2,I would like an update on my ticket.,4
TKT-02489,CUST-1723,Technical Support,Subscription Cancellation,Medium,Noah,Web Form,2025-01-14,2025-01-16 00:00:00,,Open,,3,Can you check the status of my request?,3
TKT-02490,CUST-1261,Shipping,Account Verification,Medium,Sarah,Chat,2025-03-05,2025-03-07 00:00:00,2025-03-08 00:00:00,Closed,72.0,2,I would like an update on my ticket.,4
TKT-02491,CUST-1744,Product Support,Login Issue,Medium,Priya,Email,2025-01-03,2025-01-05 00:00:00,2025-01-04 18:00:00,Closed,42.0,0,I need help with my account.,3
TKT-02492,CUST-1919,Account Management,Subscription Cancellation,Critical,Ava,Web Form,2025-11-07,2025-11-07 08:00:00,2025-11-08 04:00:00,Closed,28.0,0,I want to cancel if this is not resolved today.,3
TKT-02493,CUST-1706,Shipping,Subscription Cancellation,Low,Liam,Phone,2025-05-13,2025-05-16 00:00:00,,Open,,0,I want to cancel if this is not resolved today.,2
TKT-02494,CUST-1495,Technical Support,Payment Failure,Medium,David,Phone,2025-08-17,2025-08-19 00:00:00,2025-08-20 22:00:00,Closed,94.0,4,This is very frustrating and I need this fixed immediately.,3
TKT-02495,CUST-1731,Billing,Refund Delay,High,David,Chat,2025-10-28,2025-10-29 00:00:00,2025-10-31 23:00:00,Closed,95.0,1,I appreciate the quick response.,4
TKT-02496,CUST-1205,Account Management,Refund Delay,High,Noah,Web Form,2025-05-29,2025-05-30 00:00:00,2025-05-30 09:00:00,Closed,33.0,4,I appreciate the quick response.,4
TKT-02497,CUST-1449,Billing,Payment Failure,Medium,Ethan,Web Form,2025-06-30,2025-07-02 00:00:00,2025-07-03 15:00:00,Closed,87.0,0,Please help me understand what happened.,3
TKT-02498,CUST-1524,Account Management,Account Verification,High,David,Email,2025-07-30,2025-07-31 00:00:00,2025-08-01 13:00:00,Closed,61.0,1,I appreciate the quick response.,4
TKT-02499,CUST-1655,Product Support,Login Issue,Medium,Sarah,Web Form,2025-07-23,2025-07-25 00:00:00,2025-07-24 05:00:00,Closed,29.0,2,I need help with my account.,4
TKT-02500,CUST-1669,Technical Support,Login Issue,Medium,Priya,Web Form,2025-05-20,2025-05-22 00:00:00,,Open,,0,I would like an update on my ticket.,3
TKT-02501,CUST-1231,Billing,Account Verification,Medium,Ava,Web Form,2025-12-22,2025-12-24 00:00:00,2025-12-24 18:00:00,Closed,66.0,0,I would like an update on my ticket.,4
TKT-02502,CUST-1160,Billing,Late Delivery,Low,Ava,Web Form,2025-07-16,2025-07-19 00:00:00,2025-07-19 09:00:00,Closed,81.0,0,This is very frustrating and I need this fixed immediately.,2
TKT-02503,CUST-1999,Billing,Payment Failure,Critical,Priya,Chat,2025-06-21,2025-06-21 08:00:00,2025-06-22 11:00:00,Closed,35.0,1,I need help with my account.,3
TKT-02504,CUST-1365,Product Support,Refund Delay,Critical,Ethan,Chat,2025-04-06,2025-04-06 08:00:00,2025-04-08 17:00:00,Closed,65.0,4,Please help me understand what happened.,4
TKT-02505,CUST-1036,Shipping,Bug Report,Low,Noah,Phone,2025-03-03,2025-03-06 00:00:00,2025-03-04 20:00:00,Closed,44.0,1,Can you check the status of my request?,4
TKT-02506,CUST-1406,Product Support,Payment Failure,Medium,Priya,Phone,2025-02-17,2025-02-19 00:00:00,2025-02-18 08:00:00,Closed,32.0,1,I am tired of waiting for a response.,3
TKT-02507,CUST-1711,Product Support,Late Delivery,High,Liam,Phone,2025-08-09,2025-08-10 00:00:00,2025-08-10 04:00:00,Closed,28.0,0,Please help me understand what happened.,4
TKT-02508,CUST-1826,Shipping,Login Issue,High,Liam,Web Form,2025-09-24,2025-09-25 00:00:00,,Open,,0,I am tired of waiting for a response.,2
TKT-02509,CUST-1152,Shipping,Refund Delay,Medium,Ethan,Web Form,2025-12-19,2025-12-21 00:00:00,,Open,,0,I need help with my account.,4
TKT-02510,CUST-1596,Account Management,Bug Report,Low,Mia,Chat,2025-12-12,2025-12-15 00:00:00,2025-12-14 08:00:00,Escalated,56.0,0,I need help with my account.,3
TKT-02511,CUST-1915,Account Management,Login Issue,Medium,Priya,Email,2025-10-12,2025-10-14 00:00:00,,Open,,4,I need help with my account.,3
TKT-02512,CUST-1930,Account Management,Login Issue,Medium,Liam,Email,2025-01-08,2025-01-10 00:00:00,2025-01-08 10:00:00,Closed,10.0,1,I am tired of waiting for a response.,3
TKT-02513,CUST-1385,Product Support,Refund Delay,Medium,Priya,Email,2025-04-09,2025-04-11 00:00:00,2025-04-11 14:00:00,Escalated,62.0,1,I have contacted support multiple times and nobody has helped me.,2
TKT-02514,CUST-1983,Technical Support,Bug Report,Critical,Sarah,Email,2025-11-21,2025-11-21 08:00:00,2025-11-22 10:00:00,Closed,34.0,0,I need help with my account.,3
TKT-02515,CUST-1884,Billing,Late Delivery,High,Priya,Web Form,2025-08-18,2025-08-19 00:00:00,2025-08-18 20:00:00,Closed,20.0,1,I want to cancel if this is not resolved today.,3
TKT-02516,CUST-1004,Technical Support,Payment Failure,High,Ava,Web Form,2025-05-17,2025-05-18 00:00:00,2025-05-20 04:00:00,Escalated,76.0,2,Can you check the status of my request?,4
TKT-02517,CUST-1362,Product Support,Late Delivery,Low,Liam,Email,2025-05-13,2025-05-16 00:00:00,2025-05-15 19:00:00,Closed,67.0,3,The issue was handled well.,5
TKT-02518,CUST-1147,Account Management,Login Issue,Low,Priya,Phone,2025-01-30,2025-02-02 00:00:00,2025-02-01 02:00:00,Closed,50.0,0,I need help with my account.,4
TKT-02519,CUST-1096,Product Support,Bug Report,Low,Mia,Chat,2025-04-26,2025-04-29 00:00:00,,Open,,5,This issue is affecting my work and I am unhappy.,2
TKT-02520,CUST-1590,Technical Support,Payment Failure,Low,Liam,Phone,2025-07-05,2025-07-08 00:00:00,2025-07-08 18:00:00,Closed,90.0,2,I would like an update on my ticket.,3
TKT-02521,CUST-1603,Technical Support,Subscription Cancellation,High,Ava,Chat,2025-07-08,2025-07-09 00:00:00,2025-07-11 09:00:00,Closed,81.0,1,I would like an update on my ticket.,3
TKT-02522,CUST-1245,Technical Support,Refund Delay,Medium,Sarah,Phone,2025-07-15,2025-07-17 00:00:00,2025-07-18 13:00:00,Closed,85.0,0,Can you check the status of my request?,3
TKT-02523,CUST-1650,Account Management,Account Verification,Low,Mia,Web Form,2025-06-24,2025-06-27 00:00:00,2025-06-26 07:00:00,Closed,55.0,1,I am tired of waiting for a response.,2
TKT-02524,CUST-1766,Account Management,Refund Delay,Low,Mia,Email,2025-02-15,2025-02-18 00:00:00,2025-02-18 19:00:00,Closed,91.0,0,I have contacted support multiple times and nobody has helped me.,1
TKT-02525,CUST-1972,Account Management,Subscription Cancellation,Medium,Liam,Phone,2025-12-08,2025-12-10 00:00:00,2025-12-09 19:00:00,Closed,43.0,1,The support team has been helpful so far.,4
TKT-02526,CUST-1769,Technical Support,Login Issue,High,Sarah,Web Form,2025-08-28,2025-08-29 00:00:00,2025-08-31 05:00:00,Closed,77.0,4,Please help me understand what happened.,3
TKT-02527,CUST-1657,Billing,Login Issue,Low,Ava,Phone,2025-01-01,2025-01-04 00:00:00,,Open,,3,Thanks for helping me with this issue.,4
TKT-02528,CUST-1137,Product Support,Product Question,Medium,Ethan,Phone,2025-11-26,2025-11-28 00:00:00,2025-11-27 08:00:00,Closed,32.0,0,I would like an update on my ticket.,3
TKT-02529,CUST-1191,Shipping,Late Delivery,Medium,Ethan,Web Form,2025-08-19,2025-08-21 00:00:00,2025-08-21 18:00:00,Closed,66.0,1,Thanks for helping me with this issue.,5
TKT-02530,CUST-1555,Billing,Login Issue,Critical,Priya,Phone,2025-08-10,2025-08-10 08:00:00,2025-08-11 12:00:00,Closed,36.0,1,I would like an update on my ticket.,4
TKT-02531,CUST-1901,Product Support,Subscription Cancellation,Low,Ava,Phone,2025-08-25,2025-08-28 00:00:00,2025-08-27 06:00:00,Closed,54.0,2,Please help me understand what happened.,3
TKT-02532,CUST-1973,Account Management,Account Verification,Medium,Mia,Phone,2025-05-04,2025-05-06 00:00:00,2025-05-05 07:00:00,Closed,31.0,3,This issue is affecting my work and I am unhappy.,3
TKT-02533,CUST-1890,Shipping,Payment Failure,High,Ethan,Web Form,2025-09-26,2025-09-27 00:00:00,,Open,,0,I need help with my account.,3
TKT-02534,CUST-1633,Product Support,Bug Report,Medium,Priya,Phone,2025-10-27,2025-10-29 00:00:00,2025-10-28 23:00:00,Closed,47.0,0,I need help with my account.,3
TKT-02535,CUST-1898,Shipping,Product Question,Low,Ethan,Web Form,2025-03-12,2025-03-15 00:00:00,,Open,,0,I want to cancel if this is not resolved today.,3
TKT-02536,CUST-1836,Account Management,Product Question,Medium,Ethan,Chat,2025-03-11,2025-03-13 00:00:00,2025-03-11 13:00:00,Closed,13.0,0,This is very frustrating and I need this fixed immediately.,3
TKT-02537,CUST-1716,Account Management,Payment Failure,Medium,Sarah,Chat,2025-06-13,2025-06-15 00:00:00,2025-06-15 01:00:00,Closed,49.0,0,I have contacted support multiple times and nobody has helped me.,3
TKT-02538,CUST-1897,Account Management,Product Question,Low,Ava,Email,2025-01-01,2025-01-04 00:00:00,2025-01-02 21:00:00,Escalated,45.0,0,Please help me understand what happened.,4
TKT-02539,CUST-1184,Product Support,Payment Failure,Medium,Mia,Phone,2025-09-22,2025-09-24 00:00:00,2025-09-22 13:00:00,Closed,13.0,1,I appreciate the quick response.,4
TKT-02540,CUST-1818,Technical Support,Subscription Cancellation,Low,Liam,Phone,2025-04-29,2025-05-02 00:00:00,2025-05-02 14:00:00,Closed,86.0,0,This is very frustrating and I need this fixed immediately.,2
TKT-02541,CUST-1978,Shipping,Product Question,Medium,Liam,Email,2025-01-05,2025-01-07 00:00:00,2025-01-07 16:00:00,Closed,64.0,1,Can you check the status of my request?,3
TKT-02542,CUST-1812,Account Management,Login Issue,Critical,Ava,Web Form,2025-05-16,2025-05-16 08:00:00,2025-05-17 04:00:00,Closed,28.0,1,Please help me understand what happened.,3
TKT-02543,CUST-1396,Billing,Product Question,Low,Mia,Phone,2025-04-28,2025-05-01 00:00:00,,Open,,2,I am having an issue and need assistance.,3
TKT-02544,CUST-1677,Product Support,Bug Report,High,David,Phone,2025-09-30,2025-10-01 00:00:00,,Open,,1,I need help with my account.,3
TKT-02545,CUST-1266,Account Management,Late Delivery,Medium,Liam,Phone,2025-08-25,2025-08-27 00:00:00,,Open,,4,The issue was handled well.,4
TKT-02546,CUST-1065,Product Support,Account Verification,Medium,Liam,Email,2025-10-21,2025-10-23 00:00:00,2025-10-23 00:00:00,Closed,48.0,0,I need help with my account.,4
TKT-02547,CUST-1079,Product Support,Bug Report,Medium,Sarah,Chat,2025-01-09,2025-01-11 00:00:00,2025-01-11 22:00:00,Closed,70.0,0,I am tired of waiting for a response.,3
TKT-02548,CUST-1746,Account Management,Subscription Cancellation,Low,Ethan,Email,2025-06-03,2025-06-06 00:00:00,,Open,,0,This is very frustrating and I need this fixed immediately.,3
TKT-02549,CUST-1529,Account Management,Account Verification,Medium,David,Chat,2025-09-05,2025-09-07 00:00:00,2025-09-07 20:00:00,Closed,68.0,1,I appreciate the quick response.,5
TKT-02550,CUST-1672,Product Support,Refund Delay,Medium,Mia,Web Form,2025-11-08,2025-11-10 00:00:00,2025-11-10 02:00:00,Closed,50.0,5,I have contacted support multiple times and nobody has helped me.,1
TKT-02551,CUST-1077,Technical Support,Account Verification,Low,Noah,Chat,2025-03-07,2025-03-10 00:00:00,2025-03-11 01:00:00,Closed,97.0,0,I would like an update on my ticket.,4
TKT-02552,CUST-1446,Shipping,Product Question,Medium,Mia,Email,2025-09-27,2025-09-29 00:00:00,2025-09-28 06:00:00,Closed,30.0,1,I have contacted support multiple times and nobody has helped me.,2
TKT-02553,CUST-1005,Shipping,Bug Report,Medium,Mia,Chat,2025-04-23,2025-04-25 00:00:00,2025-04-26 12:00:00,Closed,84.0,1,Please help me understand what happened.,3
TKT-02554,CUST-1822,Technical Support,Late Delivery,Medium,Mia,Chat,2025-05-01,2025-05-03 00:00:00,2025-05-02 22:00:00,Closed,46.0,0,This is very frustrating and I need this fixed immediately.,2
TKT-02555,CUST-1105,Product Support,Payment Failure,Medium,Mia,Web Form,2025-09-27,2025-09-29 00:00:00,2025-09-29 23:00:00,Closed,71.0,0,The support team has been helpful so far.,4
TKT-02556,CUST-1765,Billing,Login Issue,Critical,David,Email,2025-09-27,2025-09-27 08:00:00,2025-09-28 22:00:00,Closed,46.0,0,I am tired of waiting for a response.,1
TKT-02557,CUST-1445,Shipping,Login Issue,Medium,David,Email,2025-02-25,2025-02-27 00:00:00,2025-02-28 07:00:00,Closed,79.0,1,I am tired of waiting for a response.,2
TKT-02558,CUST-1997,Billing,Account Verification,Medium,Sarah,Web Form,2025-04-10,2025-04-12 00:00:00,2025-04-12 23:00:00,Closed,71.0,2,I would like an update on my ticket.,4
TKT-02559,CUST-1250,Technical Support,Account Verification,Critical,Mia,Chat,2025-12-21,2025-12-21 08:00:00,2025-12-22 18:00:00,Closed,42.0,0,Can you check the status of my request?,4
TKT-02560,CUST-1167,Shipping,Bug Report,Low,Mia,Email,2025-11-04,2025-11-07 00:00:00,2025-11-06 17:00:00,Closed,65.0,2,The issue was handled well.,5
TKT-02561,CUST-1449,Product Support,Login Issue,Medium,Ethan,Web Form,2025-05-01,2025-05-03 00:00:00,,Open,,4,I would like an update on my ticket.,3
TKT-02562,CUST-1924,Shipping,Product Question,Critical,Liam,Web Form,2025-08-12,2025-08-12 08:00:00,2025-08-13 06:00:00,Closed,30.0,1,I am having an issue and need assistance.,4
TKT-02563,CUST-1488,Shipping,Product Question,Low,Noah,Phone,2025-05-15,2025-05-18 00:00:00,2025-05-16 21:00:00,Closed,45.0,1,Please help me understand what happened.,4
TKT-02564,CUST-1950,Account Management,Product Question,Medium,Ethan,Chat,2025-02-10,2025-02-12 00:00:00,2025-02-11 12:00:00,Closed,36.0,0,I need help with my account.,3
TKT-02565,CUST-1757,Product Support,Product Question,Medium,Ethan,Chat,2025-03-06,2025-03-08 00:00:00,2025-03-06 13:00:00,Escalated,13.0,0,I appreciate the quick response.,5
TKT-02566,CUST-1880,Billing,Product Question,Low,David,Phone,2025-05-26,2025-05-29 00:00:00,2025-05-27 14:00:00,Closed,38.0,0,Please help me understand what happened.,3
TKT-02567,CUST-1321,Account Management,Login Issue,Critical,Liam,Chat,2025-05-07,2025-05-07 08:00:00,2025-05-07 17:00:00,Closed,17.0,3,I am having an issue and need assistance.,4
TKT-02568,CUST-1796,Product Support,Refund Delay,Medium,Mia,Chat,2025-12-27,2025-12-29 00:00:00,2025-12-30 10:00:00,Closed,82.0,2,Please help me understand what happened.,3
TKT-02569,CUST-1421,Account Management,Account Verification,Medium,Sarah,Chat,2025-01-25,2025-01-27 00:00:00,2025-01-28 22:00:00,Closed,94.0,1,Please help me understand what happened.,4
TKT-02570,CUST-1160,Billing,Product Question,Medium,Ethan,Phone,2025-06-21,2025-06-23 00:00:00,2025-06-22 03:00:00,Escalated,27.0,1,Can you check the status of my request?,4
TKT-02571,CUST-1243,Product Support,Refund Delay,Medium,Ava,Web Form,2025-11-10,2025-11-12 00:00:00,2025-11-12 03:00:00,Closed,51.0,0,I appreciate the quick response.,5
TKT-02572,CUST-1284,Billing,Bug Report,Medium,Noah,Phone,2025-08-06,2025-08-08 00:00:00,2025-08-08 11:00:00,Closed,59.0,1,This issue is affecting my work and I am unhappy.,1
TKT-02573,CUST-1373,Shipping,Login Issue,High,Ethan,Email,2025-09-17,2025-09-18 00:00:00,2025-09-17 04:00:00,Closed,4.0,0,I would like an update on my ticket.,3
TKT-02574,CUST-1816,Technical Support,Payment Failure,Medium,Ethan,Chat,2025-08-12,2025-08-14 00:00:00,,Open,,2,I am tired of waiting for a response.,1
TKT-02575,CUST-1885,Technical Support,Refund Delay,Medium,Sarah,Web Form,2025-04-04,2025-04-06 00:00:00,2025-04-06 10:00:00,Closed,58.0,1,This is very frustrating and I need this fixed immediately.,2
TKT-02576,CUST-1579,Product Support,Bug Report,Low,Mia,Email,2025-05-28,2025-05-31 00:00:00,2025-06-01 04:00:00,Closed,100.0,1,The issue was handled well.,4
TKT-02577,CUST-1435,Billing,Bug Report,Medium,Ava,Web Form,2025-10-14,2025-10-16 00:00:00,2025-10-19 04:00:00,Escalated,124.0,0,Thank you for the update.,5
TKT-02578,CUST-1102,Shipping,Payment Failure,Low,Sarah,Web Form,2025-09-04,2025-09-07 00:00:00,2025-09-06 11:00:00,Closed,59.0,0,I am tired of waiting for a response.,2
TKT-02579,CUST-1514,Billing,Bug Report,Critical,Ethan,Web Form,2025-12-04,2025-12-04 08:00:00,2025-12-05 14:00:00,Closed,38.0,2,I want to cancel if this is not resolved today.,3
TKT-02580,CUST-1047,Product Support,Login Issue,Low,David,Phone,2025-09-28,2025-10-01 00:00:00,2025-09-30 21:00:00,Closed,69.0,0,Please help me understand what happened.,3
TKT-02581,CUST-1388,Product Support,Refund Delay,Low,Noah,Email,2025-05-27,2025-05-30 00:00:00,2025-05-29 05:00:00,Escalated,53.0,2,I need help with my account.,4
TKT-02582,CUST-1043,Billing,Login Issue,Medium,Noah,Email,2025-06-25,2025-06-27 00:00:00,2025-06-27 19:00:00,Closed,67.0,0,I am having an issue and need assistance.,3
TKT-02583,CUST-1317,Billing,Subscription Cancellation,Medium,Priya,Email,2025-11-25,2025-11-27 00:00:00,2025-11-26 05:00:00,Closed,29.0,3,I need help with my account.,4
TKT-02584,CUST-1498,Product Support,Subscription Cancellation,Medium,David,Web Form,2025-11-29,2025-12-01 00:00:00,,Open,,0,Please help me understand what happened.,4
TKT-02585,CUST-1278,Technical Support,Late Delivery,Medium,David,Email,2025-09-06,2025-09-08 00:00:00,2025-09-09 14:00:00,Closed,86.0,2,This is very frustrating and I need this fixed immediately.,2
TKT-02586,CUST-1507,Product Support,Payment Failure,Medium,Liam,Email,2025-01-21,2025-01-23 00:00:00,2025-01-22 17:00:00,Closed,41.0,4,I am having an issue and need assistance.,4
TKT-02587,CUST-1908,Technical Support,Bug Report,Low,Ava,Web Form,2025-02-26,2025-03-01 00:00:00,2025-03-02 04:00:00,Closed,100.0,2,I want to cancel if this is not resolved today.,1
TKT-02588,CUST-1103,Account Management,Payment Failure,Critical,Noah,Chat,2025-01-10,2025-01-10 08:00:00,2025-01-11 02:00:00,Closed,26.0,1,I am having an issue and need assistance.,3
TKT-02589,CUST-1412,Account Management,Subscription Cancellation,Medium,Sarah,Web Form,2025-03-20,2025-03-22 00:00:00,2025-03-22 16:00:00,Closed,64.0,0,Can you check the status of my request?,4
TKT-02590,CUST-1122,Product Support,Product Question,Medium,Mia,Phone,2025-09-13,2025-09-15 00:00:00,2025-09-14 23:00:00,Closed,47.0,1,I would like an update on my ticket.,4
TKT-02591,CUST-1089,Account Management,Account Verification,Medium,Noah,Phone,2025-09-11,2025-09-13 00:00:00,2025-09-14 03:00:00,Closed,75.0,4,I appreciate the quick response.,5
TKT-02592,CUST-1756,Account Management,Bug Report,Low,Priya,Phone,2025-02-23,2025-02-26 00:00:00,2025-02-26 04:00:00,Escalated,76.0,1,Can you check the status of my request?,4
TKT-02593,CUST-1848,Product Support,Subscription Cancellation,High,David,Phone,2025-02-14,2025-02-15 00:00:00,2025-02-16 09:00:00,Escalated,57.0,2,I am having an issue and need assistance.,4
TKT-02594,CUST-1721,Account Management,Late Delivery,Low,Liam,Chat,2025-08-16,2025-08-19 00:00:00,2025-08-17 19:00:00,Closed,43.0,0,Please help me understand what happened.,3
TKT-02595,CUST-1333,Account Management,Subscription Cancellation,Medium,Noah,Phone,2025-08-12,2025-08-14 00:00:00,2025-08-13 18:00:00,Closed,42.0,0,I am having an issue and need assistance.,3
TKT-02596,CUST-1589,Shipping,Bug Report,Medium,Liam,Chat,2025-08-09,2025-08-11 00:00:00,2025-08-10 11:00:00,Escalated,35.0,3,I need help with my account.,3
TKT-02597,CUST-1713,Shipping,Subscription Cancellation,High,David,Chat,2025-09-04,2025-09-05 00:00:00,2025-09-05 03:00:00,Escalated,27.0,1,I appreciate the quick response.,4
TKT-02598,CUST-1155,Billing,Product Question,Low,Noah,Chat,2025-07-20,2025-07-23 00:00:00,2025-07-21 21:00:00,Closed,45.0,0,I need help with my account.,3
TKT-02599,CUST-1933,Account Management,Product Question,Low,Liam,Chat,2025-03-21,2025-03-24 00:00:00,2025-03-23 16:00:00,Escalated,64.0,0,I would like an update on my ticket.,4
TKT-02600,CUST-1806,Product Support,Login Issue,Medium,Priya,Web Form,2025-10-03,2025-10-05 00:00:00,2025-10-05 18:00:00,Closed,66.0,0,I am having an issue and need assistance.,3
TKT-02601,CUST-1664,Billing,Account Verification,Medium,David,Web Form,2025-03-22,2025-03-24 00:00:00,2025-03-26 17:00:00,Escalated,113.0,0,Can you check the status of my request?,4
TKT-02602,CUST-1460,Account Management,Product Question,Medium,Liam,Chat,2025-01-17,2025-01-19 00:00:00,2025-01-17 17:00:00,Escalated,17.0,2,I need help with my account.,4
TKT-02603,CUST-1016,Product Support,Refund Delay,Medium,Priya,Email,2025-04-17,2025-04-19 00:00:00,2025-04-20 18:00:00,Closed,90.0,0,I have contacted support multiple times and nobody has helped me.,3
TKT-02604,CUST-1977,Billing,Payment Failure,Medium,Ava,Chat,2025-05-08,2025-05-10 00:00:00,,Open,,0,I would like an update on my ticket.,4
TKT-02605,CUST-1022,Technical Support,Login Issue,Low,Priya,Chat,2025-10-16,2025-10-19 00:00:00,2025-10-19 20:00:00,Closed,92.0,2,I want to cancel if this is not resolved today.,1
TKT-02606,CUST-1318,Account Management,Payment Failure,Low,Sarah,Chat,2025-05-01,2025-05-04 00:00:00,2025-05-03 12:00:00,Closed,60.0,4,Can you check the status of my request?,3
TKT-02607,CUST-1044,Account Management,Late Delivery,Low,David,Email,2025-11-23,2025-11-26 00:00:00,2025-11-26 10:00:00,Escalated,82.0,0,This is very frustrating and I need this fixed immediately.,2
TKT-02608,CUST-1038,Account Management,Late Delivery,Low,Priya,Email,2025-02-09,2025-02-12 00:00:00,2025-02-11 05:00:00,Escalated,53.0,0,Thank you for the update.,4
TKT-02609,CUST-1116,Product Support,Product Question,Medium,Mia,Web Form,2025-09-29,2025-10-01 00:00:00,2025-10-01 13:00:00,Escalated,61.0,0,Please help me understand what happened.,3
TKT-02610,CUST-1617,Shipping,Refund Delay,Medium,Liam,Web Form,2025-04-11,2025-04-13 00:00:00,2025-04-14 13:00:00,Escalated,85.0,2,Can you check the status of my request?,3
TKT-02611,CUST-1914,Technical Support,Refund Delay,High,David,Web Form,2025-04-01,2025-04-02 00:00:00,2025-04-03 23:00:00,Escalated,71.0,4,I would like an update on my ticket.,4
TKT-02612,CUST-1138,Account Management,Late Delivery,Low,Mia,Web Form,2025-04-27,2025-04-30 00:00:00,2025-04-30 08:00:00,Escalated,80.0,0,This is very frustrating and I need this fixed immediately.,1
TKT-02613,CUST-1298,Product Support,Product Question,Medium,Mia,Phone,2025-05-12,2025-05-14 00:00:00,2025-05-12 22:00:00,Closed,22.0,4,This issue is affecting my work and I am unhappy.,2
TKT-02614,CUST-1754,Technical Support,Login Issue,Medium,Sarah,Phone,2025-07-04,2025-07-06 00:00:00,2025-07-05 23:00:00,Closed,47.0,2,I want to cancel if this is not resolved today.,1
TKT-02615,CUST-1552,Shipping,Payment Failure,Low,Sarah,Chat,2025-09-02,2025-09-05 00:00:00,2025-09-04 08:00:00,Closed,56.0,0,I want to cancel if this is not resolved today.,1
TKT-02616,CUST-1784,Account Management,Bug Report,Low,Ethan,Web Form,2025-01-17,2025-01-20 00:00:00,2025-01-21 05:00:00,Closed,101.0,0,I need help with my account.,3
TKT-02617,CUST-1907,Shipping,Refund Delay,Medium,Liam,Chat,2025-02-26,2025-02-28 00:00:00,2025-03-01 05:00:00,Closed,77.0,0,I need help with my account.,3
TKT-02618,CUST-1761,Product Support,Account Verification,Critical,Liam,Phone,2025-04-06,2025-04-06 08:00:00,2025-04-07 22:00:00,Escalated,46.0,0,I need help with my account.,4
TKT-02619,CUST-1065,Shipping,Late Delivery,High,Sarah,Chat,2025-04-29,2025-04-30 00:00:00,2025-04-29 10:00:00,Closed,10.0,1,Thanks for helping me with this issue.,4
TKT-02620,CUST-1567,Account Management,Login Issue,Medium,Noah,Phone,2025-06-12,2025-06-14 00:00:00,,Open,,1,I am having an issue and need assistance.,3
TKT-02621,CUST-1186,Billing,Refund Delay,Low,David,Web Form,2025-08-14,2025-08-17 00:00:00,2025-08-16 23:00:00,Closed,71.0,0,This is very frustrating and I need this fixed immediately.,2
TKT-02622,CUST-1022,Shipping,Login Issue,Low,Ava,Chat,2025-12-27,2025-12-30 00:00:00,2025-12-28 11:00:00,Closed,35.0,0,I am having an issue and need assistance.,4
TKT-02623,CUST-1154,Technical Support,Subscription Cancellation,Medium,Liam,Phone,2025-08-17,2025-08-19 00:00:00,2025-08-20 05:00:00,Closed,77.0,0,I appreciate the quick response.,4
TKT-02624,CUST-1826,Technical Support,Product Question,High,Ethan,Phone,2025-03-25,2025-03-26 00:00:00,2025-03-26 18:00:00,Escalated,42.0,1,I want to cancel if this is not resolved today.,3
TKT-02625,CUST-1718,Billing,Payment Failure,High,Liam,Email,2025-09-02,2025-09-03 00:00:00,2025-09-04 17:00:00,Closed,65.0,0,Can you check the status of my request?,4
TKT-02626,CUST-1587,Product Support,Subscription Cancellation,Critical,Priya,Web Form,2025-08-14,2025-08-14 08:00:00,2025-08-14 15:00:00,Closed,15.0,4,I am having an issue and need assistance.,3
TKT-02627,CUST-1412,Billing,Payment Failure,Medium,David,Phone,2025-06-12,2025-06-14 00:00:00,2025-06-15 09:00:00,Closed,81.0,0,Thanks for helping me with this issue.,5
TKT-02628,CUST-1465,Billing,Product Question,Low,Noah,Chat,2025-11-29,2025-12-02 00:00:00,2025-11-30 10:00:00,Closed,34.0,0,Thank you for the update.,4
TKT-02629,CUST-1876,Technical Support,Refund Delay,Critical,David,Web Form,2025-10-28,2025-10-28 08:00:00,2025-10-30 01:00:00,Closed,49.0,1,I am having an issue and need assistance.,4
TKT-02630,CUST-1259,Technical Support,Payment Failure,High,Ethan,Chat,2025-05-29,2025-05-30 00:00:00,2025-05-30 16:00:00,Closed,40.0,1,I need help with my account.,3
TKT-02631,CUST-1760,Account Management,Bug Report,High,Sarah,Web Form,2025-03-15,2025-03-16 00:00:00,2025-03-16 04:00:00,Escalated,28.0,0,I am having an issue and need assistance.,3
TKT-02632,CUST-1400,Billing,Login Issue,Medium,Priya,Web Form,2025-01-29,2025-01-31 00:00:00,2025-02-01 09:00:00,Closed,81.0,0,I appreciate the quick response.,5
TKT-02633,CUST-1009,Shipping,Late Delivery,Low,Ethan,Phone,2025-08-06,2025-08-09 00:00:00,2025-08-07 20:00:00,Closed,44.0,0,I want to cancel if this is not resolved today.,2
TKT-02634,CUST-1775,Account Management,Refund Delay,High,Priya,Email,2025-02-19,2025-02-20 00:00:00,2025-02-21 12:00:00,Closed,60.0,0,Can you check the status of my request?,3
TKT-02635,CUST-1109,Billing,Product Question,Medium,Ava,Web Form,2025-10-02,2025-10-04 00:00:00,2025-10-04 06:00:00,Closed,54.0,2,I need help with my account.,4
TKT-02636,CUST-1254,Shipping,Subscription Cancellation,Medium,Ethan,Phone,2025-09-13,2025-09-15 00:00:00,2025-09-14 14:00:00,Closed,38.0,1,I would like an update on my ticket.,4
TKT-02637,CUST-1485,Account Management,Product Question,Low,Sarah,Phone,2025-03-21,2025-03-24 00:00:00,,Open,,0,I need help with my account.,3
TKT-02638,CUST-1335,Billing,Login Issue,High,Noah,Phone,2025-11-15,2025-11-16 00:00:00,2025-11-17 04:00:00,Closed,52.0,2,I would like an update on my ticket.,3
TKT-02639,CUST-1294,Shipping,Refund Delay,Medium,Ethan,Chat,2025-09-15,2025-09-17 00:00:00,2025-09-19 10:00:00,Closed,106.0,0,The support team has been helpful so far.,4
TKT-02640,CUST-1522,Billing,Payment Failure,Critical,Noah,Email,2025-11-02,2025-11-02 08:00:00,,Open,,1,I want to cancel if this is not resolved today.,1
TKT-02641,CUST-1247,Product Support,Refund Delay,Medium,Liam,Email,2025-03-04,2025-03-06 00:00:00,2025-03-06 02:00:00,Closed,50.0,1,This is very frustrating and I need this fixed immediately.,1
TKT-02642,CUST-1179,Billing,Late Delivery,Medium,Ethan,Web Form,2025-03-12,2025-03-14 00:00:00,,Open,,4,I have contacted support multiple times and nobody has helped me.,2
TKT-02643,CUST-1883,Account Management,Login Issue,Critical,Priya,Email,2025-04-08,2025-04-08 08:00:00,2025-04-09 09:00:00,Closed,33.0,0,Can you check the status of my request?,4
TKT-02644,CUST-1665,Shipping,Late Delivery,High,Noah,Phone,2025-03-19,2025-03-20 00:00:00,2025-03-19 15:00:00,Closed,15.0,0,I need help with my account.,4
TKT-02645,CUST-1367,Product Support,Product Question,Low,Priya,Chat,2025-06-25,2025-06-28 00:00:00,2025-06-25 18:00:00,Closed,18.0,3,I need help with my account.,4
TKT-02646,CUST-1983,Product Support,Product Question,Medium,Liam,Web Form,2025-06-01,2025-06-03 00:00:00,2025-06-03 22:00:00,Closed,70.0,1,I need help with my account.,4
TKT-02647,CUST-1381,Billing,Late Delivery,Medium,Noah,Chat,2025-06-14,2025-06-16 00:00:00,2025-06-15 08:00:00,Closed,32.0,0,I appreciate the quick response.,4
TKT-02648,CUST-1571,Billing,Late Delivery,High,Sarah,Phone,2025-09-26,2025-09-27 00:00:00,,Open,,0,Can you check the status of my request?,3
TKT-02649,CUST-1981,Account Management,Account Verification,Medium,David,Web Form,2025-01-31,2025-02-02 00:00:00,2025-02-02 13:00:00,Closed,61.0,5,I want to cancel if this is not resolved today.,2
TKT-02650,CUST-1457,Product Support,Account Verification,Medium,Mia,Email,2025-04-26,2025-04-28 00:00:00,2025-04-29 02:00:00,Closed,74.0,0,Thank you for the update.,4
TKT-02651,CUST-1556,Billing,Bug Report,Low,Liam,Email,2025-08-18,2025-08-21 00:00:00,2025-08-22 21:00:00,Closed,117.0,0,Please help me understand what happened.,3
TKT-02652,CUST-1015,Billing,Login Issue,Low,Liam,Web Form,2025-02-01,2025-02-04 00:00:00,,Open,,0,The issue was handled well.,4
TKT-02653,CUST-1529,Shipping,Account Verification,High,David,Chat,2025-04-15,2025-04-16 00:00:00,2025-04-18 07:00:00,Closed,79.0,1,Can you check the status of my request?,3
TKT-02654,CUST-1436,Shipping,Refund Delay,High,Mia,Phone,2025-09-09,2025-09-10 00:00:00,2025-09-11 22:00:00,Closed,70.0,2,I need help with my account.,4
TKT-02655,CUST-1783,Shipping,Login Issue,Medium,Liam,Chat,2025-01-18,2025-01-20 00:00:00,2025-01-18 10:00:00,Closed,10.0,3,The issue was handled well.,4
TKT-02656,CUST-1861,Technical Support,Login Issue,Low,Noah,Web Form,2025-12-23,2025-12-26 00:00:00,,Open,,0,Can you check the status of my request?,3
TKT-02657,CUST-1900,Technical Support,Subscription Cancellation,Medium,Liam,Web Form,2025-09-10,2025-09-12 00:00:00,2025-09-13 14:00:00,Closed,86.0,1,Thanks for helping me with this issue.,4
TKT-02658,CUST-1441,Billing,Refund Delay,Medium,David,Chat,2025-01-24,2025-01-26 00:00:00,,Open,,0,Can you check the status of my request?,4
TKT-02659,CUST-1343,Product Support,Subscription Cancellation,Critical,Liam,Chat,2025-07-04,2025-07-04 08:00:00,2025-07-05 05:00:00,Escalated,29.0,2,I would like an update on my ticket.,3
TKT-02660,CUST-1867,Technical Support,Payment Failure,High,Ethan,Email,2025-03-08,2025-03-09 00:00:00,2025-03-09 13:00:00,Closed,37.0,1,I would like an update on my ticket.,3
TKT-02661,CUST-1713,Technical Support,Bug Report,Medium,David,Email,2025-10-03,2025-10-05 00:00:00,2025-10-07 21:00:00,Closed,117.0,0,This issue is affecting my work and I am unhappy.,3
TKT-02662,CUST-1945,Product Support,Login Issue,High,Ethan,Phone,2025-05-31,2025-06-01 00:00:00,2025-06-01 00:00:00,Closed,24.0,4,I need help with my account.,4
TKT-02663,CUST-1036,Shipping,Payment Failure,Medium,Priya,Email,2025-10-16,2025-10-18 00:00:00,2025-10-16 14:00:00,Closed,14.0,2,I would like an update on my ticket.,3
TKT-02664,CUST-1976,Billing,Login Issue,Low,Priya,Email,2025-06-05,2025-06-08 00:00:00,2025-06-05 21:00:00,Closed,21.0,1,I am having an issue and need assistance.,4
TKT-02665,CUST-1638,Account Management,Bug Report,Medium,Priya,Email,2025-01-26,2025-01-28 00:00:00,2025-01-26 22:00:00,Closed,22.0,2,I am having an issue and need assistance.,4
TKT-02666,CUST-1145,Account Management,Payment Failure,Medium,Liam,Phone,2025-10-02,2025-10-04 00:00:00,2025-10-04 04:00:00,Closed,52.0,0,I want to cancel if this is not resolved today.,3
TKT-02667,CUST-1519,Shipping,Payment Failure,Medium,David,Web Form,2025-08-05,2025-08-07 00:00:00,2025-08-05 18:00:00,Closed,18.0,1,I need help with my account.,3
TKT-02668,CUST-1962,Billing,Late Delivery,Medium,Noah,Web Form,2025-06-30,2025-07-02 00:00:00,2025-07-02 22:00:00,Closed,70.0,1,I need help with my account.,4
TKT-02669,CUST-1838,Billing,Product Question,High,Noah,Web Form,2025-05-12,2025-05-13 00:00:00,2025-05-14 18:00:00,Escalated,66.0,1,This issue is affecting my work and I am unhappy.,1
TKT-02670,CUST-1522,Billing,Refund Delay,Medium,Liam,Chat,2025-12-25,2025-12-27 00:00:00,2025-12-27 14:00:00,Closed,62.0,0,I have contacted support multiple times and nobody has helped me.,2
TKT-02671,CUST-1887,Shipping,Subscription Cancellation,Medium,Sarah,Phone,2025-07-07,2025-07-09 00:00:00,2025-07-08 07:00:00,Closed,31.0,1,I would like an update on my ticket.,3
TKT-02672,CUST-1879,Billing,Account Verification,High,Mia,Phone,2025-12-16,2025-12-17 00:00:00,2025-12-20 07:00:00,Closed,103.0,2,I have contacted support multiple times and nobody has helped me.,3
TKT-02673,CUST-1903,Shipping,Subscription Cancellation,Critical,Priya,Email,2025-01-03,2025-01-03 08:00:00,,Open,,3,Please help me understand what happened.,3
TKT-02674,CUST-1822,Product Support,Late Delivery,Medium,Priya,Web Form,2025-10-14,2025-10-16 00:00:00,2025-10-16 21:00:00,Closed,69.0,1,Please help me understand what happened.,4
TKT-02675,CUST-1433,Shipping,Product Question,High,Ethan,Email,2025-06-14,2025-06-15 00:00:00,2025-06-16 10:00:00,Closed,58.0,1,This issue is affecting my work and I am unhappy.,1
TKT-02676,CUST-1389,Technical Support,Product Question,Medium,Sarah,Web Form,2025-08-10,2025-08-12 00:00:00,2025-08-13 10:00:00,Closed,82.0,0,I am having an issue and need assistance.,3
TKT-02677,CUST-1588,Shipping,Late Delivery,Medium,Liam,Email,2025-08-18,2025-08-20 00:00:00,2025-08-20 23:00:00,Closed,71.0,0,This issue is affecting my work and I am unhappy.,2
TKT-02678,CUST-1034,Billing,Refund Delay,Medium,Sarah,Chat,2025-10-30,2025-11-01 00:00:00,,Open,,1,I need help with my account.,4
TKT-02679,CUST-1655,Shipping,Product Question,High,Ethan,Email,2025-03-11,2025-03-12 00:00:00,2025-03-13 00:00:00,Closed,48.0,4,I am having an issue and need assistance.,3
TKT-02680,CUST-1399,Product Support,Bug Report,Medium,David,Chat,2025-07-09,2025-07-11 00:00:00,2025-07-11 03:00:00,Escalated,51.0,1,I am having an issue and need assistance.,4
TKT-02681,CUST-1540,Account Management,Account Verification,Low,David,Phone,2025-04-05,2025-04-08 00:00:00,,Open,,1,The issue was handled well.,4
TKT-02682,CUST-1830,Technical Support,Product Question,Medium,David,Web Form,2025-01-31,2025-02-02 00:00:00,2025-02-02 18:00:00,Escalated,66.0,2,The issue was handled well.,5
TKT-02683,CUST-1708,Product Support,Refund Delay,High,Mia,Web Form,2025-08-11,2025-08-12 00:00:00,2025-08-13 18:00:00,Escalated,66.0,1,I am tired of waiting for a response.,1
TKT-02684,CUST-1502,Shipping,Refund Delay,Low,Ethan,Web Form,2025-02-22,2025-02-25 00:00:00,,Open,,1,Can you check the status of my request?,4
TKT-02685,CUST-1180,Billing,Payment Failure,Critical,Noah,Email,2025-07-19,2025-07-19 08:00:00,,Open,,1,I am tired of waiting for a response.,3
TKT-02686,CUST-1536,Shipping,Refund Delay,Low,Noah,Phone,2025-08-07,2025-08-10 00:00:00,2025-08-11 17:00:00,Closed,113.0,0,Thanks for helping me with this issue.,4
TKT-02687,CUST-1288,Billing,Account Verification,Low,Priya,Email,2025-03-14,2025-03-17 00:00:00,2025-03-16 20:00:00,Closed,68.0,2,I am tired of waiting for a response.,3
TKT-02688,CUST-1566,Billing,Refund Delay,Low,Sarah,Phone,2025-11-09,2025-11-12 00:00:00,2025-11-14 09:00:00,Closed,129.0,0,I need help with my account.,3
TKT-02689,CUST-1617,Account Management,Login Issue,Medium,David,Phone,2025-02-19,2025-02-21 00:00:00,,Open,,1,I have contacted support multiple times and nobody has helped me.,2
TKT-02690,CUST-1542,Account Management,Payment Failure,Medium,Priya,Chat,2025-04-22,2025-04-24 00:00:00,2025-04-23 21:00:00,Closed,45.0,0,I am having an issue and need assistance.,3
TKT-02691,CUST-1486,Product Support,Subscription Cancellation,Medium,Ethan,Web Form,2025-05-04,2025-05-06 00:00:00,2025-05-07 06:00:00,Closed,78.0,0,This is very frustrating and I need this fixed immediately.,2
TKT-02692,CUST-1882,Technical Support,Login Issue,Critical,Liam,Email,2025-07-25,2025-07-25 08:00:00,2025-07-26 14:00:00,Closed,38.0,0,Can you check the status of my request?,4
TKT-02693,CUST-1820,Shipping,Account Verification,Medium,Mia,Web Form,2025-10-13,2025-10-15 00:00:00,2025-10-17 05:00:00,Closed,101.0,1,I am having an issue and need assistance.,3
TKT-02694,CUST-1386,Technical Support,Payment Failure,Medium,Ethan,Web Form,2025-05-12,2025-05-14 00:00:00,2025-05-15 09:00:00,Closed,81.0,0,This is very frustrating and I need this fixed immediately.,3
TKT-02695,CUST-1471,Product Support,Payment Failure,Medium,Priya,Email,2025-06-12,2025-06-14 00:00:00,2025-06-13 12:00:00,Closed,36.0,0,Thanks for helping me with this issue.,4
TKT-02696,CUST-1227,Billing,Login Issue,Low,Priya,Chat,2025-12-19,2025-12-22 00:00:00,2025-12-21 12:00:00,Closed,60.0,1,Thank you for the update.,5
TKT-02697,CUST-1832,Shipping,Bug Report,Low,Liam,Phone,2025-04-18,2025-04-21 00:00:00,2025-04-20 03:00:00,Closed,51.0,0,Can you check the status of my request?,3
TKT-02698,CUST-1238,Technical Support,Product Question,Low,Ava,Email,2025-12-07,2025-12-10 00:00:00,2025-12-10 05:00:00,Escalated,77.0,1,I need help with my account.,4
TKT-02699,CUST-1676,Billing,Late Delivery,Critical,Ethan,Chat,2025-08-21,2025-08-21 08:00:00,2025-08-23 08:00:00,Closed,56.0,0,I have contacted support multiple times and nobody has helped me.,1
TKT-02700,CUST-1948,Shipping,Late Delivery,Medium,Noah,Chat,2025-03-23,2025-03-25 00:00:00,2025-03-23 09:00:00,Closed,9.0,1,I would like an update on my ticket.,4
TKT-02701,CUST-1805,Account Management,Refund Delay,Low,David,Email,2025-05-19,2025-05-22 00:00:00,2025-05-22 05:00:00,Closed,77.0,1,Thank you for the update.,4
TKT-02702,CUST-1850,Billing,Subscription Cancellation,Medium,Noah,Phone,2025-05-05,2025-05-07 00:00:00,2025-05-06 21:00:00,Escalated,45.0,3,This issue is affecting my work and I am unhappy.,1
TKT-02703,CUST-1324,Technical Support,Product Question,Medium,Liam,Phone,2025-09-11,2025-09-13 00:00:00,2025-09-14 05:00:00,Closed,77.0,1,This issue is affecting my work and I am unhappy.,1
TKT-02704,CUST-1775,Account Management,Bug Report,Low,Priya,Chat,2025-04-02,2025-04-05 00:00:00,2025-04-05 11:00:00,Closed,83.0,1,I would like an update on my ticket.,4
TKT-02705,CUST-1056,Billing,Product Question,Medium,Priya,Email,2025-09-23,2025-09-25 00:00:00,,Open,,0,I need help with my account.,4
TKT-02706,CUST-1268,Shipping,Refund Delay,Critical,Ethan,Phone,2025-07-01,2025-07-01 08:00:00,2025-07-02 08:00:00,Closed,32.0,1,I am tired of waiting for a response.,1
TKT-02707,CUST-1868,Shipping,Subscription Cancellation,Low,Priya,Phone,2025-03-12,2025-03-15 00:00:00,2025-03-13 21:00:00,Closed,45.0,1,I need help with my account.,4
TKT-02708,CUST-1300,Billing,Login Issue,Medium,Noah,Chat,2025-08-13,2025-08-15 00:00:00,2025-08-16 06:00:00,Closed,78.0,3,This issue is affecting my work and I am unhappy.,1
TKT-02709,CUST-1225,Technical Support,Subscription Cancellation,Low,Noah,Phone,2025-03-18,2025-03-21 00:00:00,2025-03-18 18:00:00,Closed,18.0,0,I need help with my account.,4
TKT-02710,CUST-1038,Account Management,Bug Report,Medium,Mia,Chat,2025-11-02,2025-11-04 00:00:00,2025-11-05 15:00:00,Closed,87.0,0,I have contacted support multiple times and nobody has helped me.,2
TKT-02711,CUST-1997,Billing,Product Question,Medium,Noah,Web Form,2025-06-28,2025-06-30 00:00:00,,Open,,3,Can you check the status of my request?,4
TKT-02712,CUST-1777,Shipping,Bug Report,Medium,Noah,Web Form,2025-09-05,2025-09-07 00:00:00,2025-09-06 12:00:00,Closed,36.0,0,This is very frustrating and I need this fixed immediately.,3
TKT-02713,CUST-1200,Technical Support,Subscription Cancellation,Medium,Noah,Phone,2025-04-16,2025-04-18 00:00:00,2025-04-17 12:00:00,Closed,36.0,0,Please help me understand what happened.,3
TKT-02714,CUST-1643,Account Management,Product Question,High,Priya,Email,2025-09-26,2025-09-27 00:00:00,2025-09-26 14:00:00,Closed,14.0,1,I am having an issue and need assistance.,4
TKT-02715,CUST-1366,Account Management,Refund Delay,Low,Mia,Phone,2025-07-27,2025-07-30 00:00:00,2025-07-29 01:00:00,Closed,49.0,0,I need help with my account.,3
TKT-02716,CUST-1325,Account Management,Refund Delay,High,Sarah,Chat,2025-01-25,2025-01-26 00:00:00,2025-01-27 00:00:00,Escalated,48.0,4,I would like an update on my ticket.,3
TKT-02717,CUST-1876,Billing,Payment Failure,Medium,Sarah,Email,2025-08-12,2025-08-14 00:00:00,2025-08-13 18:00:00,Closed,42.0,0,This is very frustrating and I need this fixed immediately.,2
TKT-02718,CUST-1396,Billing,Late Delivery,High,Liam,Web Form,2025-09-20,2025-09-21 00:00:00,2025-09-21 12:00:00,Closed,36.0,0,I need help with my account.,3
TKT-02719,CUST-1052,Product Support,Subscription Cancellation,Low,Ethan,Web Form,2025-04-15,2025-04-18 00:00:00,2025-04-18 11:00:00,Escalated,83.0,1,I need help with my account.,3
TKT-02720,CUST-1725,Billing,Payment Failure,Medium,Priya,Phone,2025-05-04,2025-05-06 00:00:00,2025-05-06 01:00:00,Closed,49.0,0,This issue is affecting my work and I am unhappy.,1
TKT-02721,CUST-1765,Product Support,Product Question,High,Sarah,Phone,2025-10-17,2025-10-18 00:00:00,2025-10-18 03:00:00,Closed,27.0,1,I need help with my account.,4
TKT-02722,CUST-1702,Product Support,Account Verification,Low,Ethan,Email,2025-03-06,2025-03-09 00:00:00,,Open,,0,Can you check the status of my request?,3
TKT-02723,CUST-1184,Billing,Bug Report,High,Ava,Email,2025-11-16,2025-11-17 00:00:00,2025-11-18 23:00:00,Closed,71.0,1,I want to cancel if this is not resolved today.,2
TKT-02724,CUST-1074,Account Management,Subscription Cancellation,Low,Mia,Chat,2025-09-14,2025-09-17 00:00:00,2025-09-16 05:00:00,Closed,53.0,0,The support team has been helpful so far.,5
TKT-02725,CUST-1736,Shipping,Bug Report,High,Noah,Chat,2025-06-18,2025-06-19 00:00:00,,Open,,1,I am having an issue and need assistance.,3
TKT-02726,CUST-1264,Shipping,Login Issue,Low,Noah,Phone,2025-02-14,2025-02-17 00:00:00,,Open,,0,Thanks for helping me with this issue.,5
TKT-02727,CUST-1585,Billing,Subscription Cancellation,High,David,Email,2025-06-19,2025-06-20 00:00:00,2025-06-20 12:00:00,Closed,36.0,1,This issue is affecting my work and I am unhappy.,3
TKT-02728,CUST-1422,Product Support,Subscription Cancellation,Medium,Ethan,Chat,2025-01-22,2025-01-24 00:00:00,2025-01-23 03:00:00,Closed,27.0,0,Thanks for helping me with this issue.,5
TKT-02729,CUST-1581,Technical Support,Payment Failure,High,Ethan,Email,2025-03-18,2025-03-19 00:00:00,2025-03-19 03:00:00,Closed,27.0,0,I appreciate the quick response.,4
TKT-02730,CUST-1992,Technical Support,Payment Failure,Medium,Priya,Chat,2025-08-09,2025-08-11 00:00:00,2025-08-10 20:00:00,Closed,44.0,0,I am tired of waiting for a response.,3
TKT-02731,CUST-1546,Product Support,Subscription Cancellation,Medium,Sarah,Email,2025-07-08,2025-07-10 00:00:00,2025-07-11 05:00:00,Escalated,77.0,3,Can you check the status of my request?,3
TKT-02732,CUST-1106,Account Management,Product Question,High,Liam,Chat,2025-12-11,2025-12-12 00:00:00,2025-12-11 16:00:00,Closed,16.0,2,Can you check the status of my request?,3
TKT-02733,CUST-1951,Product Support,Payment Failure,Low,Mia,Phone,2025-01-14,2025-01-17 00:00:00,2025-01-17 18:00:00,Closed,90.0,0,I would like an update on my ticket.,4
TKT-02734,CUST-1207,Account Management,Payment Failure,Medium,Ethan,Email,2025-09-13,2025-09-15 00:00:00,2025-09-15 09:00:00,Closed,57.0,1,Please help me understand what happened.,4
TKT-02735,CUST-1095,Account Management,Refund Delay,Medium,Ethan,Chat,2025-09-29,2025-10-01 00:00:00,2025-10-02 19:00:00,Closed,91.0,3,The issue was handled well.,4
TKT-02736,CUST-1859,Product Support,Late Delivery,Medium,Ethan,Email,2025-11-20,2025-11-22 00:00:00,2025-11-22 06:00:00,Closed,54.0,0,Thank you for the update.,5
TKT-02737,CUST-1929,Technical Support,Payment Failure,Medium,Mia,Email,2025-08-05,2025-08-07 00:00:00,,Open,,3,I want to cancel if this is not resolved today.,3
TKT-02738,CUST-1432,Product Support,Login Issue,High,Mia,Web Form,2025-10-29,2025-10-30 00:00:00,2025-10-31 02:00:00,Closed,50.0,1,I am having an issue and need assistance.,3
TKT-02739,CUST-1543,Product Support,Login Issue,Medium,Mia,Chat,2025-11-20,2025-11-22 00:00:00,2025-11-20 20:00:00,Escalated,20.0,0,I need help with my account.,3
TKT-02740,CUST-1552,Technical Support,Subscription Cancellation,Medium,Ava,Phone,2025-05-13,2025-05-15 00:00:00,,Open,,1,Please help me understand what happened.,4
TKT-02741,CUST-1304,Account Management,Product Question,High,Mia,Web Form,2025-01-31,2025-02-01 00:00:00,2025-01-31 17:00:00,Closed,17.0,1,The issue was handled well.,5
TKT-02742,CUST-1944,Billing,Bug Report,High,Ethan,Phone,2025-04-24,2025-04-25 00:00:00,2025-04-27 07:00:00,Closed,79.0,0,I am tired of waiting for a response.,3
TKT-02743,CUST-1731,Technical Support,Product Question,Low,Sarah,Web Form,2025-01-12,2025-01-15 00:00:00,2025-01-14 19:00:00,Closed,67.0,1,Please help me understand what happened.,3
TKT-02744,CUST-1855,Billing,Subscription Cancellation,High,Noah,Web Form,2025-12-09,2025-12-10 00:00:00,2025-12-10 07:00:00,Closed,31.0,0,This is very frustrating and I need this fixed immediately.,1
TKT-02745,CUST-1533,Billing,Product Question,Critical,Mia,Web Form,2025-04-26,2025-04-26 08:00:00,2025-04-28 01:00:00,Closed,49.0,0,I need help with my account.,4
TKT-02746,CUST-1862,Shipping,Payment Failure,Medium,Ava,Email,2025-06-20,2025-06-22 00:00:00,2025-06-22 17:00:00,Escalated,65.0,0,Please help me understand what happened.,4
TKT-02747,CUST-1474,Account Management,Bug Report,Medium,David,Phone,2025-12-06,2025-12-08 00:00:00,,Open,,0,The support team has been helpful so far.,4
TKT-02748,CUST-1448,Technical Support,Late Delivery,Critical,Sarah,Web Form,2025-11-12,2025-11-12 08:00:00,2025-11-12 10:00:00,Closed,10.0,2,Thank you for the update.,4
TKT-02749,CUST-1664,Technical Support,Payment Failure,Medium,Liam,Chat,2025-11-12,2025-11-14 00:00:00,2025-11-14 08:00:00,Closed,56.0,0,I am having an issue and need assistance.,4
TKT-02750,CUST-1205,Product Support,Payment Failure,Low,Sarah,Web Form,2025-02-14,2025-02-17 00:00:00,2025-02-14 19:00:00,Closed,19.0,0,I would like an update on my ticket.,4
TKT-02751,CUST-1841,Account Management,Login Issue,High,Mia,Web Form,2025-03-16,2025-03-17 00:00:00,2025-03-17 20:00:00,Closed,44.0,0,Thanks for helping me with this issue.,4
TKT-02752,CUST-1440,Account Management,Payment Failure,High,Sarah,Email,2025-10-27,2025-10-28 00:00:00,2025-10-27 22:00:00,Closed,22.0,3,Thank you for the update.,4
TKT-02753,CUST-1670,Account Management,Bug Report,High,David,Phone,2025-06-23,2025-06-24 00:00:00,2025-06-23 17:00:00,Closed,17.0,1,Please help me understand what happened.,3
TKT-02754,CUST-1057,Account Management,Subscription Cancellation,High,Mia,Email,2025-11-28,2025-11-29 00:00:00,2025-11-30 08:00:00,Closed,56.0,1,Please help me understand what happened.,3
TKT-02755,CUST-1885,Account Management,Account Verification,Low,Sarah,Web Form,2025-07-11,2025-07-14 00:00:00,,Open,,0,Please help me understand what happened.,3
TKT-02756,CUST-1251,Billing,Product Question,Low,Priya,Email,2025-11-24,2025-11-27 00:00:00,2025-11-25 23:00:00,Closed,47.0,0,Please help me understand what happened.,4
TKT-02757,CUST-1083,Shipping,Subscription Cancellation,High,Sarah,Phone,2025-03-13,2025-03-14 00:00:00,2025-03-13 07:00:00,Escalated,7.0,0,I am tired of waiting for a response.,1
TKT-02758,CUST-1060,Account Management,Refund Delay,Low,David,Phone,2025-04-09,2025-04-12 00:00:00,2025-04-13 04:00:00,Closed,100.0,1,I am having an issue and need assistance.,3
TKT-02759,CUST-1252,Shipping,Login Issue,Medium,David,Chat,2025-09-29,2025-10-01 00:00:00,2025-09-30 13:00:00,Closed,37.0,4,I have contacted support multiple times and nobody has helped me.,3
TKT-02760,CUST-1709,Technical Support,Product Question,Medium,Priya,Phone,2025-11-26,2025-11-28 00:00:00,2025-11-28 11:00:00,Closed,59.0,0,Please help me understand what happened.,4
TKT-02761,CUST-1677,Shipping,Refund Delay,Medium,Ethan,Web Form,2025-03-08,2025-03-10 00:00:00,2025-03-11 13:00:00,Closed,85.0,2,I want to cancel if this is not resolved today.,1
TKT-02762,CUST-1592,Shipping,Login Issue,Medium,Ava,Web Form,2025-08-19,2025-08-21 00:00:00,2025-08-19 10:00:00,Closed,10.0,0,Thank you for the update.,4
TKT-02763,CUST-1291,Product Support,Account Verification,Low,Priya,Chat,2025-03-04,2025-03-07 00:00:00,2025-03-05 23:00:00,Closed,47.0,4,I need help with my account.,3
TKT-02764,CUST-1694,Product Support,Login Issue,Low,David,Web Form,2025-10-16,2025-10-19 00:00:00,,Open,,2,This is very frustrating and I need this fixed immediately.,2
TKT-02765,CUST-1424,Shipping,Payment Failure,Medium,Noah,Chat,2025-04-25,2025-04-27 00:00:00,2025-04-26 10:00:00,Closed,34.0,3,I would like an update on my ticket.,3
TKT-02766,CUST-1760,Technical Support,Login Issue,Critical,Liam,Phone,2025-11-09,2025-11-09 08:00:00,,Open,,1,I am having an issue and need assistance.,3
TKT-02767,CUST-1327,Account Management,Account Verification,Critical,Noah,Chat,2025-09-25,2025-09-25 08:00:00,2025-09-26 17:00:00,Closed,41.0,0,I need help with my account.,3
TKT-02768,CUST-1653,Shipping,Subscription Cancellation,High,Liam,Web Form,2025-11-22,2025-11-23 00:00:00,2025-11-23 11:00:00,Closed,35.0,0,I appreciate the quick response.,4
TKT-02769,CUST-1261,Account Management,Late Delivery,Medium,Liam,Chat,2025-08-16,2025-08-18 00:00:00,2025-08-17 06:00:00,Closed,30.0,0,The issue was handled well.,4
TKT-02770,CUST-1855,Account Management,Refund Delay,Medium,Liam,Web Form,2025-11-06,2025-11-08 00:00:00,2025-11-09 12:00:00,Closed,84.0,1,I would like an update on my ticket.,4
TKT-02771,CUST-1539,Technical Support,Payment Failure,Medium,Noah,Phone,2025-07-05,2025-07-07 00:00:00,2025-07-07 05:00:00,Escalated,53.0,3,I would like an update on my ticket.,3
TKT-02772,CUST-1505,Technical Support,Payment Failure,High,Ava,Email,2025-08-03,2025-08-04 00:00:00,2025-08-04 09:00:00,Closed,33.0,0,I want to cancel if this is not resolved today.,3
TKT-02773,CUST-1631,Billing,Bug Report,Medium,Liam,Chat,2025-04-15,2025-04-17 00:00:00,2025-04-18 13:00:00,Closed,85.0,2,Please help me understand what happened.,3
TKT-02774,CUST-1315,Account Management,Login Issue,High,Sarah,Phone,2025-11-19,2025-11-20 00:00:00,,Open,,2,Thank you for the update.,5
TKT-02775,CUST-1097,Product Support,Bug Report,High,Ethan,Email,2025-01-03,2025-01-04 00:00:00,2025-01-05 14:00:00,Closed,62.0,3,The issue was handled well.,4
TKT-02776,CUST-1691,Product Support,Refund Delay,Medium,Liam,Web Form,2025-07-16,2025-07-18 00:00:00,2025-07-18 14:00:00,Closed,62.0,2,The issue was handled well.,5
TKT-02777,CUST-1137,Account Management,Late Delivery,Low,Ethan,Phone,2025-04-10,2025-04-13 00:00:00,2025-04-10 23:00:00,Closed,23.0,0,I want to cancel if this is not resolved today.,2
TKT-02778,CUST-1180,Billing,Product Question,Medium,Liam,Email,2025-06-08,2025-06-10 00:00:00,2025-06-09 23:00:00,Closed,47.0,1,I am having an issue and need assistance.,4
TKT-02779,CUST-1005,Shipping,Account Verification,Medium,Ava,Chat,2025-09-10,2025-09-12 00:00:00,,Open,,0,I would like an update on my ticket.,4
TKT-02780,CUST-1363,Account Management,Refund Delay,Medium,Noah,Chat,2025-06-28,2025-06-30 00:00:00,2025-06-29 13:00:00,Closed,37.0,1,I need help with my account.,4
TKT-02781,CUST-1340,Product Support,Login Issue,Medium,David,Web Form,2025-08-08,2025-08-10 00:00:00,,Open,,1,I have contacted support multiple times and nobody has helped me.,3
TKT-02782,CUST-1371,Billing,Subscription Cancellation,Low,Ava,Email,2025-01-01,2025-01-04 00:00:00,2025-01-03 01:00:00,Closed,49.0,1,Please help me understand what happened.,4
TKT-02783,CUST-1249,Account Management,Account Verification,High,Ethan,Web Form,2025-06-04,2025-06-05 00:00:00,2025-06-05 22:00:00,Closed,46.0,1,This is very frustrating and I need this fixed immediately.,1
TKT-02784,CUST-1870,Billing,Subscription Cancellation,High,Sarah,Chat,2025-03-02,2025-03-03 00:00:00,,Open,,2,I am tired of waiting for a response.,1
TKT-02785,CUST-1592,Account Management,Account Verification,High,Ava,Phone,2025-04-15,2025-04-16 00:00:00,2025-04-17 13:00:00,Closed,61.0,0,This issue is affecting my work and I am unhappy.,1
TKT-02786,CUST-1339,Technical Support,Refund Delay,Critical,Sarah,Email,2025-06-30,2025-06-30 08:00:00,2025-07-01 18:00:00,Closed,42.0,1,Please help me understand what happened.,3
TKT-02787,CUST-1033,Product Support,Refund Delay,Medium,Noah,Web Form,2025-12-03,2025-12-05 00:00:00,2025-12-07 01:00:00,Closed,97.0,1,This issue is affecting my work and I am unhappy.,2
TKT-02788,CUST-1554,Product Support,Payment Failure,Medium,Ethan,Phone,2025-11-12,2025-11-14 00:00:00,2025-11-12 16:00:00,Closed,16.0,3,I need help with my account.,4
TKT-02789,CUST-1457,Product Support,Subscription Cancellation,High,Ethan,Chat,2025-05-12,2025-05-13 00:00:00,2025-05-13 02:00:00,Escalated,26.0,2,Please help me understand what happened.,3
TKT-02790,CUST-1118,Shipping,Late Delivery,Critical,Liam,Email,2025-01-19,2025-01-19 08:00:00,2025-01-19 22:00:00,Closed,22.0,2,I am having an issue and need assistance.,3
TKT-02791,CUST-1315,Technical Support,Account Verification,Medium,Mia,Email,2025-02-03,2025-02-05 00:00:00,2025-02-06 06:00:00,Closed,78.0,0,I am having an issue and need assistance.,4
TKT-02792,CUST-1108,Product Support,Login Issue,Medium,Ethan,Email,2025-08-04,2025-08-06 00:00:00,2025-08-04 15:00:00,Closed,15.0,0,This is very frustrating and I need this fixed immediately.,3
TKT-02793,CUST-1026,Shipping,Payment Failure,Medium,Ethan,Email,2025-04-25,2025-04-27 00:00:00,2025-04-25 16:00:00,Closed,16.0,0,I would like an update on my ticket.,3
TKT-02794,CUST-1631,Shipping,Product Question,Medium,Priya,Web Form,2025-06-06,2025-06-08 00:00:00,2025-06-07 17:00:00,Closed,41.0,1,I would like an update on my ticket.,3
TKT-02795,CUST-1655,Shipping,Late Delivery,Medium,Noah,Email,2025-11-15,2025-11-17 00:00:00,2025-11-17 15:00:00,Closed,63.0,0,Please help me understand what happened.,3
TKT-02796,CUST-1167,Account Management,Login Issue,High,Priya,Phone,2025-02-11,2025-02-12 00:00:00,2025-02-13 11:00:00,Closed,59.0,1,Can you check the status of my request?,4
TKT-02797,CUST-1496,Billing,Payment Failure,High,Ethan,Email,2025-10-13,2025-10-14 00:00:00,2025-10-15 18:00:00,Closed,66.0,0,I am having an issue and need assistance.,4
TKT-02798,CUST-1458,Product Support,Bug Report,High,Mia,Phone,2025-01-04,2025-01-05 00:00:00,2025-01-04 17:00:00,Closed,17.0,2,Please help me understand what happened.,3
TKT-02799,CUST-1185,Shipping,Payment Failure,Low,Mia,Phone,2025-11-09,2025-11-12 00:00:00,2025-11-11 02:00:00,Closed,50.0,0,I am having an issue and need assistance.,3
TKT-02800,CUST-1941,Shipping,Login Issue,Medium,Ava,Email,2025-01-06,2025-01-08 00:00:00,2025-01-08 11:00:00,Closed,59.0,1,The support team has been helpful so far.,5
TKT-02801,CUST-1203,Account Management,Product Question,Low,David,Phone,2025-12-14,2025-12-17 00:00:00,2025-12-15 09:00:00,Closed,33.0,1,I am having an issue and need assistance.,4
TKT-02802,CUST-1797,Shipping,Subscription Cancellation,Medium,Mia,Email,2025-05-04,2025-05-06 00:00:00,2025-05-04 08:00:00,Closed,8.0,3,I would like an update on my ticket.,4
TKT-02803,CUST-1248,Billing,Bug Report,High,Noah,Chat,2025-11-15,2025-11-16 00:00:00,2025-11-17 02:00:00,Closed,50.0,0,I want to cancel if this is not resolved today.,2
TKT-02804,CUST-1810,Billing,Product Question,Medium,Mia,Phone,2025-03-18,2025-03-20 00:00:00,2025-03-19 14:00:00,Closed,38.0,0,I am having an issue and need assistance.,4
TKT-02805,CUST-1737,Product Support,Payment Failure,Medium,Sarah,Chat,2025-10-10,2025-10-12 00:00:00,2025-10-12 22:00:00,Closed,70.0,0,I am tired of waiting for a response.,2
TKT-02806,CUST-1766,Product Support,Refund Delay,Critical,Priya,Chat,2025-11-10,2025-11-10 08:00:00,2025-11-12 01:00:00,Closed,49.0,0,I want to cancel if this is not resolved today.,2
TKT-02807,CUST-1846,Technical Support,Account Verification,High,Ethan,Email,2025-08-08,2025-08-09 00:00:00,2025-08-11 19:00:00,Closed,91.0,1,I would like an update on my ticket.,3
TKT-02808,CUST-1794,Technical Support,Payment Failure,Low,Liam,Email,2025-07-29,2025-08-01 00:00:00,2025-08-01 04:00:00,Closed,76.0,0,The issue was handled well.,4
TKT-02809,CUST-1450,Technical Support,Subscription Cancellation,High,Priya,Web Form,2025-09-02,2025-09-03 00:00:00,2025-09-05 06:00:00,Closed,78.0,0,I have contacted support multiple times and nobody has helped me.,1
TKT-02810,CUST-1820,Product Support,Product Question,Low,Ava,Phone,2025-05-08,2025-05-11 00:00:00,,Open,,2,Can you check the status of my request?,4
TKT-02811,CUST-1961,Shipping,Product Question,Medium,David,Chat,2025-11-27,2025-11-29 00:00:00,2025-11-29 09:00:00,Closed,57.0,0,Please help me understand what happened.,3
TKT-02812,CUST-1458,Technical Support,Late Delivery,Low,Liam,Phone,2025-07-28,2025-07-31 00:00:00,2025-07-30 18:00:00,Closed,66.0,2,Thank you for the update.,4
TKT-02813,CUST-1631,Billing,Payment Failure,Low,Sarah,Chat,2025-11-06,2025-11-09 00:00:00,2025-11-09 21:00:00,Escalated,93.0,1,I would like an update on my ticket.,3
TKT-02814,CUST-1649,Technical Support,Login Issue,Medium,Sarah,Email,2025-06-06,2025-06-08 00:00:00,,Open,,0,The issue was handled well.,4
TKT-02815,CUST-1693,Billing,Bug Report,Medium,David,Web Form,2025-04-01,2025-04-03 00:00:00,2025-04-03 04:00:00,Closed,52.0,0,Thank you for the update.,4
TKT-02816,CUST-1523,Product Support,Payment Failure,High,Noah,Email,2025-01-02,2025-01-03 00:00:00,2025-01-02 22:00:00,Escalated,22.0,0,Can you check the status of my request?,4
TKT-02817,CUST-1874,Billing,Bug Report,Critical,Priya,Phone,2025-05-20,2025-05-20 08:00:00,2025-05-22 05:00:00,Closed,53.0,3,This issue is affecting my work and I am unhappy.,2
TKT-02818,CUST-1583,Account Management,Account Verification,High,Liam,Email,2025-10-28,2025-10-29 00:00:00,2025-10-28 22:00:00,Closed,22.0,0,I would like an update on my ticket.,4
TKT-02819,CUST-1612,Account Management,Bug Report,Critical,Sarah,Phone,2025-04-01,2025-04-01 08:00:00,,Open,,3,Please help me understand what happened.,3
TKT-02820,CUST-1458,Billing,Account Verification,Low,Mia,Web Form,2025-07-02,2025-07-05 00:00:00,2025-07-05 15:00:00,Closed,87.0,0,The issue was handled well.,4
TKT-02821,CUST-1024,Billing,Subscription Cancellation,Low,Liam,Chat,2025-09-10,2025-09-13 00:00:00,2025-09-12 10:00:00,Closed,58.0,1,The issue was handled well.,4
TKT-02822,CUST-1996,Shipping,Login Issue,Medium,Mia,Web Form,2025-03-27,2025-03-29 00:00:00,2025-03-27 19:00:00,Closed,19.0,0,Thanks for helping me with this issue.,4
TKT-02823,CUST-1180,Billing,Product Question,Medium,Mia,Phone,2025-02-02,2025-02-04 00:00:00,2025-02-04 18:00:00,Closed,66.0,1,The issue was handled well.,4
TKT-02824,CUST-1146,Billing,Login Issue,High,Priya,Email,2025-02-08,2025-02-09 00:00:00,,Open,,0,Please help me understand what happened.,4
TKT-02825,CUST-1246,Account Management,Late Delivery,Low,Priya,Phone,2025-01-25,2025-01-28 00:00:00,,Open,,3,I am having an issue and need assistance.,3
TKT-02826,CUST-1681,Technical Support,Bug Report,Low,Sarah,Chat,2025-08-04,2025-08-07 00:00:00,2025-08-06 19:00:00,Closed,67.0,4,I need help with my account.,4
TKT-02827,CUST-1316,Billing,Bug Report,Low,Liam,Chat,2025-01-16,2025-01-19 00:00:00,,Open,,2,Thanks for helping me with this issue.,5
TKT-02828,CUST-1284,Billing,Account Verification,Medium,Sarah,Web Form,2025-06-22,2025-06-24 00:00:00,2025-06-24 21:00:00,Closed,69.0,5,I am tired of waiting for a response.,2
TKT-02829,CUST-1440,Technical Support,Account Verification,Medium,David,Email,2025-12-26,2025-12-28 00:00:00,2025-12-27 14:00:00,Closed,38.0,0,I need help with my account.,4
TKT-02830,CUST-1733,Product Support,Account Verification,Medium,Priya,Web Form,2025-07-05,2025-07-07 00:00:00,2025-07-06 18:00:00,Closed,42.0,5,I am tired of waiting for a response.,3
TKT-02831,CUST-1614,Shipping,Payment Failure,High,Priya,Chat,2025-01-31,2025-02-01 00:00:00,2025-01-31 10:00:00,Closed,10.0,0,I appreciate the quick response.,4
TKT-02832,CUST-1484,Product Support,Refund Delay,Medium,Ava,Email,2025-09-07,2025-09-09 00:00:00,2025-09-07 23:00:00,Escalated,23.0,2,This issue is affecting my work and I am unhappy.,2
TKT-02833,CUST-1435,Shipping,Refund Delay,Medium,Noah,Web Form,2025-11-28,2025-11-30 00:00:00,2025-11-30 06:00:00,Escalated,54.0,5,This issue is affecting my work and I am unhappy.,2
TKT-02834,CUST-1291,Product Support,Product Question,High,Mia,Email,2025-03-14,2025-03-15 00:00:00,2025-03-16 10:00:00,Closed,58.0,0,I am having an issue and need assistance.,3
TKT-02835,CUST-1594,Account Management,Payment Failure,High,Noah,Phone,2025-05-30,2025-05-31 00:00:00,2025-05-30 11:00:00,Escalated,11.0,0,I appreciate the quick response.,5
TKT-02836,CUST-1830,Shipping,Bug Report,Low,Ava,Email,2025-03-16,2025-03-19 00:00:00,2025-03-17 07:00:00,Closed,31.0,5,I am having an issue and need assistance.,3
TKT-02837,CUST-1270,Account Management,Late Delivery,Medium,Liam,Web Form,2025-11-19,2025-11-21 00:00:00,2025-11-19 12:00:00,Closed,12.0,4,I need help with my account.,3
TKT-02838,CUST-1173,Account Management,Subscription Cancellation,Medium,Mia,Chat,2025-08-03,2025-08-05 00:00:00,2025-08-05 16:00:00,Closed,64.0,2,The support team has been helpful so far.,5
TKT-02839,CUST-1948,Shipping,Bug Report,High,Liam,Email,2025-04-07,2025-04-08 00:00:00,2025-04-08 21:00:00,Escalated,45.0,1,I am tired of waiting for a response.,2
TKT-02840,CUST-1192,Billing,Product Question,Medium,Ava,Email,2025-07-18,2025-07-20 00:00:00,,Open,,0,Thanks for helping me with this issue.,5
TKT-02841,CUST-1800,Product Support,Account Verification,Low,Sarah,Email,2025-01-14,2025-01-17 00:00:00,2025-01-18 13:00:00,Closed,109.0,0,This is very frustrating and I need this fixed immediately.,1
TKT-02842,CUST-1059,Account Management,Subscription Cancellation,Medium,Sarah,Web Form,2025-07-12,2025-07-14 00:00:00,2025-07-14 19:00:00,Closed,67.0,0,I appreciate the quick response.,5
TKT-02843,CUST-1244,Billing,Subscription Cancellation,Low,Mia,Phone,2025-08-28,2025-08-31 00:00:00,2025-08-28 20:00:00,Closed,20.0,1,I need help with my account.,4
TKT-02844,CUST-1881,Product Support,Late Delivery,Medium,David,Chat,2025-01-06,2025-01-08 00:00:00,,Open,,0,I would like an update on my ticket.,3
TKT-02845,CUST-1831,Product Support,Refund Delay,High,Mia,Chat,2025-11-06,2025-11-07 00:00:00,2025-11-07 13:00:00,Closed,37.0,3,I want to cancel if this is not resolved today.,1
TKT-02846,CUST-1336,Billing,Account Verification,Medium,Priya,Email,2025-02-23,2025-02-25 00:00:00,2025-02-27 06:00:00,Closed,102.0,3,I need help with my account.,3
TKT-02847,CUST-1910,Billing,Product Question,High,Ethan,Email,2025-11-05,2025-11-06 00:00:00,2025-11-06 13:00:00,Escalated,37.0,0,I want to cancel if this is not resolved today.,1
TKT-02848,CUST-1507,Shipping,Account Verification,Medium,Sarah,Web Form,2025-04-17,2025-04-19 00:00:00,2025-04-20 07:00:00,Closed,79.0,1,I am tired of waiting for a response.,2
TKT-02849,CUST-1500,Account Management,Bug Report,Medium,Ethan,Chat,2025-10-16,2025-10-18 00:00:00,2025-10-17 22:00:00,Closed,46.0,1,I appreciate the quick response.,4
TKT-02850,CUST-1021,Billing,Account Verification,Medium,Noah,Email,2025-06-17,2025-06-19 00:00:00,2025-06-20 23:00:00,Escalated,95.0,0,I am having an issue and need assistance.,3
TKT-02851,CUST-1597,Account Management,Payment Failure,Medium,Liam,Chat,2025-10-23,2025-10-25 00:00:00,2025-10-25 16:00:00,Closed,64.0,2,I appreciate the quick response.,4
TKT-02852,CUST-1068,Billing,Product Question,High,Mia,Phone,2025-04-06,2025-04-07 00:00:00,2025-04-08 21:00:00,Closed,69.0,1,I would like an update on my ticket.,3
TKT-02853,CUST-1111,Technical Support,Login Issue,Medium,Priya,Chat,2025-05-28,2025-05-30 00:00:00,,Open,,2,Thanks for helping me with this issue.,4
TKT-02854,CUST-1123,Shipping,Product Question,Medium,Mia,Email,2025-08-16,2025-08-18 00:00:00,2025-08-17 16:00:00,Closed,40.0,2,I am having an issue and need assistance.,4
TKT-02855,CUST-1236,Shipping,Bug Report,Critical,Sarah,Phone,2025-08-20,2025-08-20 08:00:00,2025-08-21 16:00:00,Closed,40.0,1,Please help me understand what happened.,4
TKT-02856,CUST-1382,Account Management,Refund Delay,Low,Priya,Chat,2025-10-08,2025-10-11 00:00:00,2025-10-10 13:00:00,Closed,61.0,1,I have contacted support multiple times and nobody has helped me.,2
TKT-02857,CUST-1800,Account Management,Refund Delay,Medium,Ava,Phone,2025-02-05,2025-02-07 00:00:00,2025-02-06 05:00:00,Closed,29.0,0,I want to cancel if this is not resolved today.,3
TKT-02858,CUST-1577,Technical Support,Payment Failure,Low,Liam,Phone,2025-12-21,2025-12-24 00:00:00,2025-12-24 06:00:00,Closed,78.0,2,I have contacted support multiple times and nobody has helped me.,2
TKT-02859,CUST-1283,Technical Support,Login Issue,Medium,Liam,Web Form,2025-03-10,2025-03-12 00:00:00,2025-03-11 22:00:00,Closed,46.0,1,Thank you for the update.,4
TKT-02860,CUST-1208,Product Support,Login Issue,Medium,Sarah,Phone,2025-09-08,2025-09-10 00:00:00,,Open,,0,Please help me understand what happened.,3
TKT-02861,CUST-1034,Technical Support,Product Question,Medium,Mia,Web Form,2025-12-23,2025-12-25 00:00:00,2025-12-24 12:00:00,Closed,36.0,0,I am having an issue and need assistance.,3
TKT-02862,CUST-1013,Technical Support,Login Issue,Low,Ethan,Email,2025-07-28,2025-07-31 00:00:00,2025-07-29 07:00:00,Closed,31.0,2,This issue is affecting my work and I am unhappy.,2
TKT-02863,CUST-1492,Technical Support,Product Question,Medium,Ava,Web Form,2025-03-23,2025-03-25 00:00:00,2025-03-24 22:00:00,Closed,46.0,1,I need help with my account.,4
TKT-02864,CUST-1806,Product Support,Login Issue,Low,Liam,Web Form,2025-11-09,2025-11-12 00:00:00,2025-11-10 16:00:00,Escalated,40.0,5,This is very frustrating and I need this fixed immediately.,1
TKT-02865,CUST-1449,Account Management,Login Issue,Medium,David,Chat,2025-10-31,2025-11-02 00:00:00,2025-11-01 15:00:00,Closed,39.0,2,Can you check the status of my request?,3
TKT-02866,CUST-1066,Technical Support,Subscription Cancellation,High,Sarah,Email,2025-12-14,2025-12-15 00:00:00,2025-12-15 18:00:00,Escalated,42.0,2,I would like an update on my ticket.,3
TKT-02867,CUST-1575,Product Support,Subscription Cancellation,Medium,Ava,Email,2025-05-22,2025-05-24 00:00:00,2025-05-23 03:00:00,Closed,27.0,0,This is very frustrating and I need this fixed immediately.,1
TKT-02868,CUST-1948,Technical Support,Payment Failure,Low,Ethan,Phone,2025-09-15,2025-09-18 00:00:00,2025-09-18 00:00:00,Closed,72.0,5,I need help with my account.,4
TKT-02869,CUST-1436,Technical Support,Late Delivery,High,Ethan,Web Form,2025-01-13,2025-01-14 00:00:00,2025-01-15 19:00:00,Closed,67.0,0,I would like an update on my ticket.,3
TKT-02870,CUST-1799,Shipping,Product Question,Medium,Sarah,Phone,2025-11-26,2025-11-28 00:00:00,2025-11-28 13:00:00,Closed,61.0,1,I am tired of waiting for a response.,2
TKT-02871,CUST-1423,Billing,Subscription Cancellation,Medium,David,Web Form,2025-08-20,2025-08-22 00:00:00,2025-08-23 14:00:00,Closed,86.0,1,I am having an issue and need assistance.,3
TKT-02872,CUST-1655,Billing,Account Verification,Medium,Priya,Chat,2025-04-08,2025-04-10 00:00:00,2025-04-09 16:00:00,Closed,40.0,0,This issue is affecting my work and I am unhappy.,2
TKT-02873,CUST-1420,Billing,Late Delivery,Low,Ethan,Chat,2025-11-13,2025-11-16 00:00:00,,Open,,2,This issue is affecting my work and I am unhappy.,3
TKT-02874,CUST-1524,Technical Support,Late Delivery,Medium,Ava,Chat,2025-09-18,2025-09-20 00:00:00,2025-09-20 10:00:00,Closed,58.0,0,I would like an update on my ticket.,3
TKT-02875,CUST-1809,Account Management,Bug Report,Medium,Noah,Email,2025-09-26,2025-09-28 00:00:00,,Open,,3,This is very frustrating and I need this fixed immediately.,3
TKT-02876,CUST-1459,Technical Support,Login Issue,Low,Priya,Email,2025-03-27,2025-03-30 00:00:00,2025-03-30 09:00:00,Closed,81.0,0,This issue is affecting my work and I am unhappy.,2
TKT-02877,CUST-1403,Shipping,Bug Report,Medium,Priya,Web Form,2025-04-19,2025-04-21 00:00:00,2025-04-23 12:00:00,Escalated,108.0,1,I have contacted support multiple times and nobody has helped me.,2
TKT-02878,CUST-1882,Billing,Bug Report,Critical,Ethan,Chat,2025-09-25,2025-09-25 08:00:00,,Open,,4,This issue is affecting my work and I am unhappy.,3
TKT-02879,CUST-1522,Billing,Bug Report,Low,Noah,Web Form,2025-07-13,2025-07-16 00:00:00,2025-07-16 21:00:00,Closed,93.0,0,I would like an update on my ticket.,3
TKT-02880,CUST-1427,Billing,Subscription Cancellation,Low,Sarah,Web Form,2025-06-18,2025-06-21 00:00:00,2025-06-21 10:00:00,Closed,82.0,0,I am having an issue and need assistance.,3
TKT-02881,CUST-1477,Billing,Bug Report,Low,Mia,Phone,2025-11-08,2025-11-11 00:00:00,2025-11-12 16:00:00,Closed,112.0,2,I have contacted support multiple times and nobody has helped me.,3
TKT-02882,CUST-1929,Shipping,Refund Delay,Medium,Priya,Email,2025-04-09,2025-04-11 00:00:00,2025-04-11 10:00:00,Closed,58.0,0,This issue is affecting my work and I am unhappy.,1
TKT-02883,CUST-1086,Product Support,Account Verification,High,Ava,Chat,2025-03-22,2025-03-23 00:00:00,2025-03-25 15:00:00,Closed,87.0,0,I need help with my account.,3
TKT-02884,CUST-1134,Technical Support,Subscription Cancellation,Critical,David,Phone,2025-08-14,2025-08-14 08:00:00,2025-08-15 17:00:00,Closed,41.0,0,I want to cancel if this is not resolved today.,2
TKT-02885,CUST-1101,Technical Support,Refund Delay,Medium,Liam,Web Form,2025-06-28,2025-06-30 00:00:00,2025-07-02 15:00:00,Closed,111.0,0,I have contacted support multiple times and nobody has helped me.,2
TKT-02886,CUST-1223,Technical Support,Payment Failure,Medium,Ethan,Web Form,2025-09-07,2025-09-09 00:00:00,2025-09-09 14:00:00,Closed,62.0,0,This issue is affecting my work and I am unhappy.,2
TKT-02887,CUST-1551,Account Management,Login Issue,Medium,Ethan,Phone,2025-06-18,2025-06-20 00:00:00,2025-06-18 23:00:00,Closed,23.0,1,I need help with my account.,3
TKT-02888,CUST-1784,Product Support,Subscription Cancellation,High,Liam,Chat,2025-07-13,2025-07-14 00:00:00,2025-07-14 05:00:00,Escalated,29.0,0,Please help me understand what happened.,4
TKT-02889,CUST-1709,Product Support,Payment Failure,High,Sarah,Email,2025-09-23,2025-09-24 00:00:00,2025-09-24 07:00:00,Closed,31.0,0,I have contacted support multiple times and nobody has helped me.,3
TKT-02890,CUST-1743,Technical Support,Bug Report,Medium,Priya,Email,2025-12-18,2025-12-20 00:00:00,2025-12-20 22:00:00,Closed,70.0,1,I am having an issue and need assistance.,4
TKT-02891,CUST-1625,Technical Support,Product Question,Medium,Noah,Email,2025-11-05,2025-11-07 00:00:00,2025-11-07 13:00:00,Closed,61.0,3,I need help with my account.,3
TKT-02892,CUST-1573,Billing,Subscription Cancellation,Medium,Ava,Chat,2025-08-18,2025-08-20 00:00:00,2025-08-19 16:00:00,Closed,40.0,1,I need help with my account.,3
TKT-02893,CUST-1991,Shipping,Product Question,Medium,Ava,Web Form,2025-07-03,2025-07-05 00:00:00,,Open,,1,I appreciate the quick response.,5
TKT-02894,CUST-1071,Account Management,Product Question,Medium,Priya,Web Form,2025-05-06,2025-05-08 00:00:00,2025-05-08 21:00:00,Closed,69.0,0,Please help me understand what happened.,4
TKT-02895,CUST-1310,Account Management,Account Verification,High,Sarah,Chat,2025-10-01,2025-10-02 00:00:00,,Open,,0,I would like an update on my ticket.,4
TKT-02896,CUST-1988,Billing,Subscription Cancellation,Medium,David,Phone,2025-10-18,2025-10-20 00:00:00,2025-10-21 04:00:00,Closed,76.0,0,This is very frustrating and I need this fixed immediately.,2
TKT-02897,CUST-1918,Product Support,Bug Report,Medium,Mia,Email,2025-12-01,2025-12-03 00:00:00,2025-12-04 20:00:00,Closed,92.0,0,The support team has been helpful so far.,4
TKT-02898,CUST-1633,Shipping,Late Delivery,Medium,Ava,Chat,2025-01-10,2025-01-12 00:00:00,2025-01-11 15:00:00,Closed,39.0,0,I would like an update on my ticket.,4
TKT-02899,CUST-1652,Account Management,Refund Delay,Low,Noah,Chat,2025-04-22,2025-04-25 00:00:00,,Open,,0,I need help with my account.,4
TKT-02900,CUST-1870,Account Management,Bug Report,Medium,Priya,Chat,2025-08-25,2025-08-27 00:00:00,,Open,,1,I want to cancel if this is not resolved today.,3
TKT-02901,CUST-1424,Technical Support,Account Verification,Low,David,Web Form,2025-11-12,2025-11-15 00:00:00,2025-11-15 16:00:00,Closed,88.0,0,Please help me understand what happened.,3
TKT-02902,CUST-1184,Technical Support,Bug Report,Low,Sarah,Phone,2025-02-03,2025-02-06 00:00:00,2025-02-04 12:00:00,Closed,36.0,4,This is very frustrating and I need this fixed immediately.,3
TKT-02903,CUST-1779,Account Management,Bug Report,High,Liam,Phone,2025-11-21,2025-11-22 00:00:00,2025-11-23 17:00:00,Closed,65.0,0,I have contacted support multiple times and nobody has helped me.,1
TKT-02904,CUST-1722,Product Support,Subscription Cancellation,High,Sarah,Web Form,2025-12-12,2025-12-13 00:00:00,2025-12-12 20:00:00,Closed,20.0,0,I would like an update on my ticket.,3
TKT-02905,CUST-1684,Product Support,Login Issue,High,Liam,Phone,2025-04-19,2025-04-20 00:00:00,2025-04-21 08:00:00,Closed,56.0,2,This is very frustrating and I need this fixed immediately.,3
TKT-02906,CUST-1688,Account Management,Refund Delay,Medium,Noah,Chat,2025-09-17,2025-09-19 00:00:00,2025-09-21 05:00:00,Closed,101.0,2,I need help with my account.,4
TKT-02907,CUST-1729,Shipping,Login Issue,Medium,David,Email,2025-07-11,2025-07-13 00:00:00,2025-07-12 01:00:00,Closed,25.0,0,I am tired of waiting for a response.,2
TKT-02908,CUST-1244,Shipping,Login Issue,Low,Sarah,Email,2025-12-05,2025-12-08 00:00:00,,Open,,1,Can you check the status of my request?,4
TKT-02909,CUST-1798,Billing,Account Verification,Low,Priya,Web Form,2025-06-08,2025-06-11 00:00:00,2025-06-10 22:00:00,Closed,70.0,0,Thank you for the update.,4
TKT-02910,CUST-1968,Technical Support,Login Issue,Medium,Ava,Web Form,2025-10-14,2025-10-16 00:00:00,2025-10-16 01:00:00,Closed,49.0,3,I am having an issue and need assistance.,3
TKT-02911,CUST-1393,Technical Support,Late Delivery,High,Mia,Email,2025-06-19,2025-06-20 00:00:00,,Open,,3,Please help me understand what happened.,4
TKT-02912,CUST-1780,Shipping,Product Question,Medium,Liam,Chat,2025-11-01,2025-11-03 00:00:00,2025-11-02 21:00:00,Closed,45.0,1,Thank you for the update.,5
TKT-02913,CUST-1012,Account Management,Product Question,Medium,Mia,Email,2025-12-14,2025-12-16 00:00:00,,Open,,2,Please help me understand what happened.,3
TKT-02914,CUST-1003,Billing,Payment Failure,High,Priya,Web Form,2025-11-22,2025-11-23 00:00:00,,Open,,0,Please help me understand what happened.,4
TKT-02915,CUST-1258,Technical Support,Late Delivery,Medium,Ethan,Phone,2025-09-24,2025-09-26 00:00:00,2025-09-26 10:00:00,Closed,58.0,0,This is very frustrating and I need this fixed immediately.,1
TKT-02916,CUST-1152,Account Management,Refund Delay,High,Priya,Chat,2025-10-25,2025-10-26 00:00:00,2025-10-28 09:00:00,Closed,81.0,5,Can you check the status of my request?,3
TKT-02917,CUST-1123,Shipping,Subscription Cancellation,High,Priya,Email,2025-12-16,2025-12-17 00:00:00,2025-12-17 20:00:00,Closed,44.0,0,I would like an update on my ticket.,3
TKT-02918,CUST-1653,Billing,Late Delivery,Low,Liam,Web Form,2025-09-08,2025-09-11 00:00:00,,Open,,0,The issue was handled well.,4
TKT-02919,CUST-1556,Account Management,Payment Failure,Medium,Priya,Web Form,2025-02-03,2025-02-05 00:00:00,2025-02-05 22:00:00,Closed,70.0,0,Can you check the status of my request?,3
TKT-02920,CUST-1582,Technical Support,Login Issue,Critical,Liam,Email,2025-11-30,2025-11-30 08:00:00,2025-12-01 08:00:00,Closed,32.0,1,I appreciate the quick response.,4
TKT-02921,CUST-1098,Billing,Refund Delay,High,Ethan,Phone,2025-02-05,2025-02-06 00:00:00,2025-02-07 20:00:00,Closed,68.0,0,I would like an update on my ticket.,3
TKT-02922,CUST-1982,Account Management,Product Question,Low,Mia,Phone,2025-07-15,2025-07-18 00:00:00,2025-07-16 20:00:00,Closed,44.0,0,Please help me understand what happened.,4
TKT-02923,CUST-1635,Technical Support,Product Question,High,Mia,Email,2025-05-11,2025-05-12 00:00:00,2025-05-11 16:00:00,Closed,16.0,2,I appreciate the quick response.,5
TKT-02924,CUST-1774,Product Support,Refund Delay,High,Noah,Web Form,2025-02-01,2025-02-02 00:00:00,,Open,,0,I am having an issue and need assistance.,4
TKT-02925,CUST-1779,Shipping,Product Question,Medium,Liam,Chat,2025-07-24,2025-07-26 00:00:00,,Open,,4,I have contacted support multiple times and nobody has helped me.,3
TKT-02926,CUST-1270,Product Support,Account Verification,High,Ethan,Phone,2025-10-04,2025-10-05 00:00:00,2025-10-05 22:00:00,Closed,46.0,0,Can you check the status of my request?,3
TKT-02927,CUST-1824,Technical Support,Refund Delay,Medium,Mia,Email,2025-08-26,2025-08-28 00:00:00,2025-08-27 22:00:00,Closed,46.0,0,I would like an update on my ticket.,4
TKT-02928,CUST-1091,Shipping,Login Issue,Critical,Liam,Chat,2025-06-24,2025-06-24 08:00:00,,Open,,1,I appreciate the quick response.,4
TKT-02929,CUST-1910,Account Management,Late Delivery,Critical,Liam,Chat,2025-01-15,2025-01-15 08:00:00,2025-01-15 18:00:00,Closed,18.0,5,I have contacted support multiple times and nobody has helped me.,3
TKT-02930,CUST-1944,Product Support,Payment Failure,High,Noah,Email,2025-03-27,2025-03-28 00:00:00,2025-03-27 05:00:00,Closed,5.0,3,I appreciate the quick response.,5
TKT-02931,CUST-1921,Account Management,Late Delivery,Low,Mia,Web Form,2025-02-24,2025-02-27 00:00:00,2025-02-26 15:00:00,Closed,63.0,3,This issue is affecting my work and I am unhappy.,2
TKT-02932,CUST-1546,Account Management,Account Verification,High,Mia,Email,2025-06-20,2025-06-21 00:00:00,2025-06-22 20:00:00,Closed,68.0,0,Thanks for helping me with this issue.,5
TKT-02933,CUST-1190,Account Management,Payment Failure,Medium,Priya,Email,2025-05-29,2025-05-31 00:00:00,2025-05-30 14:00:00,Closed,38.0,1,Please help me understand what happened.,4
TKT-02934,CUST-1090,Shipping,Late Delivery,Medium,Ethan,Web Form,2025-10-03,2025-10-05 00:00:00,2025-10-06 08:00:00,Closed,80.0,2,I would like an update on my ticket.,4
TKT-02935,CUST-1815,Account Management,Payment Failure,Low,Mia,Chat,2025-12-03,2025-12-06 00:00:00,2025-12-06 01:00:00,Closed,73.0,0,I need help with my account.,4
TKT-02936,CUST-1077,Billing,Bug Report,Medium,Noah,Web Form,2025-12-08,2025-12-10 00:00:00,2025-12-10 19:00:00,Closed,67.0,1,I would like an update on my ticket.,4
TKT-02937,CUST-1560,Billing,Bug Report,Medium,David,Chat,2025-04-28,2025-04-30 00:00:00,2025-05-01 07:00:00,Closed,79.0,3,This issue is affecting my work and I am unhappy.,1
TKT-02938,CUST-1953,Product Support,Login Issue,Medium,Sarah,Web Form,2025-01-28,2025-01-30 00:00:00,2025-01-28 11:00:00,Closed,11.0,4,Can you check the status of my request?,4
TKT-02939,CUST-1498,Technical Support,Subscription Cancellation,High,Liam,Web Form,2025-05-08,2025-05-09 00:00:00,2025-05-10 09:00:00,Closed,57.0,1,This is very frustrating and I need this fixed immediately.,2
TKT-02940,CUST-1292,Technical Support,Subscription Cancellation,High,Priya,Email,2025-12-27,2025-12-28 00:00:00,,Open,,1,I need help with my account.,4
TKT-02941,CUST-1868,Account Management,Subscription Cancellation,Low,Liam,Chat,2025-07-20,2025-07-23 00:00:00,2025-07-23 07:00:00,Closed,79.0,0,This is very frustrating and I need this fixed immediately.,3
TKT-02942,CUST-1104,Shipping,Login Issue,Medium,Mia,Email,2025-10-12,2025-10-14 00:00:00,,Open,,0,Can you check the status of my request?,3
TKT-02943,CUST-1435,Technical Support,Bug Report,Medium,Mia,Web Form,2025-07-21,2025-07-23 00:00:00,2025-07-23 11:00:00,Closed,59.0,5,I am tired of waiting for a response.,2
TKT-02944,CUST-1379,Shipping,Late Delivery,High,Mia,Phone,2025-07-25,2025-07-26 00:00:00,2025-07-26 13:00:00,Escalated,37.0,0,I need help with my account.,4
TKT-02945,CUST-1023,Billing,Product Question,Low,David,Chat,2025-11-19,2025-11-22 00:00:00,2025-11-23 10:00:00,Closed,106.0,2,I have contacted support multiple times and nobody has helped me.,3
TKT-02946,CUST-1183,Shipping,Product Question,Medium,David,Email,2025-09-06,2025-09-08 00:00:00,2025-09-08 13:00:00,Closed,61.0,0,Can you check the status of my request?,3
TKT-02947,CUST-1129,Account Management,Payment Failure,Low,Liam,Chat,2025-06-29,2025-07-02 00:00:00,2025-07-02 17:00:00,Closed,89.0,3,I appreciate the quick response.,5
TKT-02948,CUST-1101,Shipping,Login Issue,Medium,Ava,Chat,2025-07-06,2025-07-08 00:00:00,2025-07-07 23:00:00,Closed,47.0,2,I need help with my account.,4
TKT-02949,CUST-1532,Billing,Login Issue,Low,Noah,Phone,2025-12-11,2025-12-14 00:00:00,2025-12-14 23:00:00,Closed,95.0,1,This is very frustrating and I need this fixed immediately.,2
TKT-02950,CUST-1662,Shipping,Subscription Cancellation,Medium,Ava,Email,2025-03-10,2025-03-12 00:00:00,,Open,,5,I am having an issue and need assistance.,4
TKT-02951,CUST-1196,Product Support,Bug Report,Low,Ava,Email,2025-12-15,2025-12-18 00:00:00,2025-12-18 23:00:00,Escalated,95.0,0,I have contacted support multiple times and nobody has helped me.,3
TKT-02952,CUST-1129,Billing,Late Delivery,Low,Ava,Web Form,2025-05-14,2025-05-17 00:00:00,2025-05-15 05:00:00,Closed,29.0,1,I am having an issue and need assistance.,4
TKT-02953,CUST-1373,Account Management,Bug Report,Medium,Mia,Email,2025-03-28,2025-03-30 00:00:00,2025-04-01 00:00:00,Closed,96.0,5,Thanks for helping me with this issue.,4
TKT-02954,CUST-1490,Product Support,Refund Delay,Medium,Noah,Email,2025-01-04,2025-01-06 00:00:00,2025-01-04 22:00:00,Closed,22.0,0,I want to cancel if this is not resolved today.,3
TKT-02955,CUST-1894,Technical Support,Late Delivery,Low,Liam,Email,2025-08-21,2025-08-24 00:00:00,,Open,,0,This is very frustrating and I need this fixed immediately.,1
TKT-02956,CUST-1456,Product Support,Product Question,Medium,Sarah,Chat,2025-02-27,2025-03-01 00:00:00,,Open,,1,I want to cancel if this is not resolved today.,1
TKT-02957,CUST-1597,Billing,Late Delivery,Medium,Mia,Chat,2025-12-22,2025-12-24 00:00:00,2025-12-24 20:00:00,Closed,68.0,0,This is very frustrating and I need this fixed immediately.,2
TKT-02958,CUST-1371,Technical Support,Payment Failure,Low,Ethan,Phone,2025-11-12,2025-11-15 00:00:00,2025-11-14 10:00:00,Closed,58.0,2,This is very frustrating and I need this fixed immediately.,2
TKT-02959,CUST-1358,Product Support,Bug Report,Medium,Mia,Chat,2025-05-15,2025-05-17 00:00:00,2025-05-17 21:00:00,Closed,69.0,3,Thank you for the update.,4
TKT-02960,CUST-1066,Shipping,Product Question,Medium,Ava,Chat,2025-10-28,2025-10-30 00:00:00,2025-10-28 19:00:00,Escalated,19.0,3,I want to cancel if this is not resolved today.,2
TKT-02961,CUST-1575,Account Management,Product Question,Medium,Mia,Email,2025-04-06,2025-04-08 00:00:00,2025-04-09 01:00:00,Closed,73.0,3,I have contacted support multiple times and nobody has helped me.,1
TKT-02962,CUST-1430,Product Support,Login Issue,Medium,Mia,Phone,2025-06-22,2025-06-24 00:00:00,2025-06-23 22:00:00,Closed,46.0,0,I want to cancel if this is not resolved today.,1
TKT-02963,CUST-1583,Technical Support,Payment Failure,Medium,Ava,Web Form,2025-12-03,2025-12-05 00:00:00,2025-12-04 07:00:00,Closed,31.0,0,I need help with my account.,3
TKT-02964,CUST-1025,Account Management,Subscription Cancellation,High,David,Web Form,2025-06-14,2025-06-15 00:00:00,2025-06-15 01:00:00,Escalated,25.0,3,This issue is affecting my work and I am unhappy.,3
TKT-02965,CUST-1635,Product Support,Subscription Cancellation,Medium,Ava,Email,2025-02-23,2025-02-25 00:00:00,,Open,,0,The support team has been helpful so far.,5
TKT-02966,CUST-1636,Shipping,Product Question,Medium,Ava,Chat,2025-06-26,2025-06-28 00:00:00,2025-06-26 13:00:00,Escalated,13.0,0,Please help me understand what happened.,3
TKT-02967,CUST-1341,Shipping,Product Question,Medium,Mia,Phone,2025-09-30,2025-10-02 00:00:00,2025-10-02 22:00:00,Closed,70.0,4,I want to cancel if this is not resolved today.,1
TKT-02968,CUST-1839,Account Management,Late Delivery,Medium,Ava,Email,2025-12-12,2025-12-14 00:00:00,2025-12-12 12:00:00,Closed,12.0,1,I need help with my account.,3
TKT-02969,CUST-1953,Shipping,Late Delivery,Low,Mia,Chat,2025-04-10,2025-04-13 00:00:00,,Open,,1,Please help me understand what happened.,3
TKT-02970,CUST-1025,Product Support,Product Question,Medium,Ethan,Phone,2025-07-02,2025-07-04 00:00:00,2025-07-03 01:00:00,Closed,25.0,0,I would like an update on my ticket.,4
TKT-02971,CUST-1360,Account Management,Payment Failure,Medium,Ethan,Chat,2025-12-03,2025-12-05 00:00:00,2025-12-04 23:00:00,Closed,47.0,0,The support team has been helpful so far.,5
TKT-02972,CUST-1294,Shipping,Payment Failure,Medium,David,Chat,2025-05-03,2025-05-05 00:00:00,2025-05-05 16:00:00,Closed,64.0,1,I would like an update on my ticket.,4
TKT-02973,CUST-1873,Account Management,Refund Delay,Medium,Noah,Phone,2025-07-10,2025-07-12 00:00:00,,Open,,1,I am having an issue and need assistance.,3
TKT-02974,CUST-1252,Billing,Login Issue,Medium,Noah,Chat,2025-10-01,2025-10-03 00:00:00,2025-10-03 20:00:00,Closed,68.0,0,I need help with my account.,3
TKT-02975,CUST-1052,Technical Support,Subscription Cancellation,Low,Ethan,Web Form,2025-02-14,2025-02-17 00:00:00,2025-02-15 14:00:00,Closed,38.0,2,Can you check the status of my request?,4
TKT-02976,CUST-1313,Shipping,Refund Delay,High,David,Chat,2025-08-13,2025-08-14 00:00:00,,Open,,1,This is very frustrating and I need this fixed immediately.,3
TKT-02977,CUST-1552,Account Management,Payment Failure,Medium,Liam,Web Form,2025-02-11,2025-02-13 00:00:00,2025-02-11 19:00:00,Closed,19.0,2,I am having an issue and need assistance.,3
TKT-02978,CUST-1429,Shipping,Account Verification,Low,Sarah,Phone,2025-03-25,2025-03-28 00:00:00,,Open,,3,I need help with my account.,3
TKT-02979,CUST-1328,Billing,Bug Report,Medium,Ethan,Phone,2025-02-01,2025-02-03 00:00:00,2025-02-05 21:00:00,Closed,117.0,2,This issue is affecting my work and I am unhappy.,3
TKT-02980,CUST-1595,Shipping,Login Issue,Medium,Sarah,Email,2025-04-27,2025-04-29 00:00:00,2025-04-29 23:00:00,Closed,71.0,0,This is very frustrating and I need this fixed immediately.,2
TKT-02981,CUST-1355,Shipping,Login Issue,Low,Liam,Phone,2025-06-17,2025-06-20 00:00:00,,Open,,1,The support team has been helpful so far.,5
TKT-02982,CUST-1205,Shipping,Product Question,Low,Noah,Web Form,2025-04-02,2025-04-05 00:00:00,2025-04-04 23:00:00,Closed,71.0,3,Can you check the status of my request?,4
TKT-02983,CUST-1873,Technical Support,Product Question,High,Mia,Chat,2025-02-21,2025-02-22 00:00:00,2025-02-23 04:00:00,Closed,52.0,0,I have contacted support multiple times and nobody has helped me.,3
TKT-02984,CUST-1251,Account Management,Payment Failure,Low,Priya,Phone,2025-04-17,2025-04-20 00:00:00,2025-04-18 14:00:00,Closed,38.0,1,This issue is affecting my work and I am unhappy.,1
TKT-02985,CUST-1694,Shipping,Payment Failure,Medium,Sarah,Chat,2025-10-31,2025-11-02 00:00:00,2025-11-02 23:00:00,Closed,71.0,0,I have contacted support multiple times and nobody has helped me.,2
TKT-02986,CUST-1397,Technical Support,Bug Report,High,Noah,Web Form,2025-03-08,2025-03-09 00:00:00,,Open,,2,I am having an issue and need assistance.,3
TKT-02987,CUST-1046,Billing,Late Delivery,High,Liam,Phone,2025-05-28,2025-05-29 00:00:00,2025-05-31 00:00:00,Closed,72.0,0,I am tired of waiting for a response.,1
TKT-02988,CUST-1274,Account Management,Login Issue,Critical,Liam,Email,2025-01-03,2025-01-03 08:00:00,2025-01-04 11:00:00,Escalated,35.0,0,Can you check the status of my request?,3
TKT-02989,CUST-1569,Billing,Product Question,Low,David,Web Form,2025-10-15,2025-10-18 00:00:00,2025-10-17 07:00:00,Closed,55.0,1,I need help with my account.,3
TKT-02990,CUST-1929,Shipping,Account Verification,Medium,Ethan,Phone,2025-09-29,2025-10-01 00:00:00,2025-10-03 18:00:00,Closed,114.0,0,This is very frustrating and I need this fixed immediately.,1
TKT-02991,CUST-1465,Product Support,Refund Delay,Medium,Mia,Web Form,2025-11-19,2025-11-21 00:00:00,2025-11-19 16:00:00,Closed,16.0,1,I have contacted support multiple times and nobody has helped me.,1
TKT-02992,CUST-1206,Shipping,Refund Delay,Medium,Sarah,Phone,2025-06-15,2025-06-17 00:00:00,2025-06-16 06:00:00,Closed,30.0,0,Can you check the status of my request?,3
TKT-02993,CUST-1858,Technical Support,Subscription Cancellation,Low,Priya,Chat,2025-01-10,2025-01-13 00:00:00,2025-01-11 17:00:00,Closed,41.0,0,I would like an update on my ticket.,4
TKT-02994,CUST-1136,Billing,Account Verification,Medium,Liam,Phone,2025-10-30,2025-11-01 00:00:00,,Open,,5,The issue was handled well.,4
TKT-02995,CUST-1245,Technical Support,Account Verification,Low,Sarah,Email,2025-05-19,2025-05-22 00:00:00,2025-05-20 19:00:00,Closed,43.0,0,Can you check the status of my request?,4
TKT-02996,CUST-1678,Billing,Late Delivery,Low,Mia,Email,2025-01-08,2025-01-11 00:00:00,2025-01-09 09:00:00,Closed,33.0,1,Can you check the status of my request?,4
TKT-02997,CUST-1602,Technical Support,Bug Report,Low,Ethan,Email,2025-04-30,2025-05-03 00:00:00,2025-05-03 23:00:00,Escalated,95.0,0,This issue is affecting my work and I am unhappy.,1
TKT-02998,CUST-1003,Shipping,Subscription Cancellation,Medium,Ethan,Web Form,2025-05-27,2025-05-29 00:00:00,2025-05-30 04:00:00,Closed,76.0,4,I need help with my account.,4
TKT-02999,CUST-1433,Product Support,Account Verification,Low,Ethan,Email,2025-11-02,2025-11-05 00:00:00,2025-11-03 14:00:00,Closed,38.0,1,I need help with my account.,4
TKT-03000,CUST-1200,Account Management,Late Delivery,Medium,Ethan,Chat,2025-08-08,2025-08-10 00:00:00,,Open,,1,Please help me understand what happened.,4
